no change     /nethome/skumar704/flash/miniconda3/condabin/conda
no change     /nethome/skumar704/flash/miniconda3/bin/conda
no change     /nethome/skumar704/flash/miniconda3/bin/conda-env
no change     /nethome/skumar704/flash/miniconda3/bin/activate
no change     /nethome/skumar704/flash/miniconda3/bin/deactivate
no change     /nethome/skumar704/flash/miniconda3/etc/profile.d/conda.sh
no change     /nethome/skumar704/flash/miniconda3/etc/fish/conf.d/conda.fish
no change     /nethome/skumar704/flash/miniconda3/shell/condabin/Conda.psm1
no change     /nethome/skumar704/flash/miniconda3/shell/condabin/conda-hook.ps1
no change     /nethome/skumar704/flash/miniconda3/lib/python3.12/site-packages/xontrib/conda.xsh
no change     /nethome/skumar704/flash/miniconda3/etc/profile.d/conda.csh
no change     /nethome/skumar704/.bashrc
No action taken.
[2;36m[16:08:55][0m[2;36m [0mUsing --data alias for --data.pipeline.datamanager.data                                          ]8;id=965027;file:///coc/flash5/skumar704/hyperspectral_3d/nerfstudio/nerfstudio/scripts/train.py\[2mtrain.py[0m]8;;\[2m:[0m]8;id=652659;file:///coc/flash5/skumar704/hyperspectral_3d/nerfstudio/nerfstudio/scripts/train.py#230\[2m230[0m]8;;\
[92m──────────────────────────────────────────────────────── [0mConfig[92m ────────────────────────────────────────────────────────[0m
[1;35mTrainerConfig[0m[1m([0m
    [33m_target[0m=[1m<[0m[1;95mclass[0m[39m [0m[32m'nerfstudio.engine.trainer.Trainer'[0m[39m>,[0m
[39m    [0m[33moutput_dir[0m[39m=[0m[1;35mPosixPath[0m[1;39m([0m[32m'outputs'[0m[1;39m)[0m[39m,[0m
[39m    [0m[33mmethod_name[0m[39m=[0m[32m'hyperspectral_splatfacto'[0m[39m,[0m
[39m    [0m[33mexperiment_name[0m[39m=[0m[3;35mNone[0m[39m,[0m
[39m    [0m[33mproject_name[0m[39m=[0m[32m'nerfstudio-project'[0m[39m,[0m
[39m    [0m[33mtimestamp[0m[39m=[0m[32m'2025-03-03_160855'[0m[39m,[0m
[39m    [0m[33mmachine[0m[39m=[0m[1;35mMachineConfig[0m[1;39m([0m[33mseed[0m[39m=[0m[1;36m42[0m[39m, [0m[33mnum_devices[0m[39m=[0m[1;36m1[0m[39m, [0m[33mnum_machines[0m[39m=[0m[1;36m1[0m[39m, [0m[33mmachine_rank[0m[39m=[0m[1;36m0[0m[39m, [0m[33mdist_url[0m[39m=[0m[32m'auto'[0m[39m, [0m[33mdevice_type[0m[39m=[0m[32m'cuda'[0m[1;39m)[0m[39m,[0m
[39m    [0m[33mlogging[0m[39m=[0m[1;35mLoggingConfig[0m[1;39m([0m
[39m        [0m[33mrelative_log_dir[0m[39m=[0m[1;35mPosixPath[0m[1;39m([0m[32m'.'[0m[1;39m)[0m[39m,[0m
[39m        [0m[33msteps_per_log[0m[39m=[0m[1;36m10[0m[39m,[0m
[39m        [0m[33mmax_buffer_size[0m[39m=[0m[1;36m20[0m[39m,[0m
[39m        [0m[33mlocal_writer[0m[39m=[0m[1;35mLocalWriterConfig[0m[1;39m([0m
[39m            [0m[33m_target[0m[39m=<class [0m[32m'nerfstudio.utils.writer.LocalWriter'[0m[39m>,[0m
[39m            [0m[33menable[0m[39m=[0m[3;92mTrue[0m[39m,[0m
[39m            [0m[33mstats_to_track[0m[39m=[0m[1;39m([0m
[39m                <EventName.ITER_TRAIN_TIME: [0m[32m'Train Iter [0m[32m([0m[32mtime[0m[32m)[0m[32m'[0m[39m>,[0m
[39m                <EventName.TRAIN_RAYS_PER_SEC: [0m[32m'Train Rays / Sec'[0m[39m>,[0m
[39m                <EventName.CURR_TEST_PSNR: [0m[32m'Test PSNR'[0m[39m>,[0m
[39m                <EventName.VIS_RAYS_PER_SEC: [0m[32m'Vis Rays / Sec'[0m[39m>,[0m
[39m                <EventName.TEST_RAYS_PER_SEC: [0m[32m'Test Rays / Sec'[0m[39m>,[0m
[39m                <EventName.ETA: [0m[32m'ETA [0m[32m([0m[32mtime[0m[32m)[0m[32m'[0m[39m>[0m
[39m            [0m[1;39m)[0m[39m,[0m
[39m            [0m[33mmax_log_size[0m[39m=[0m[1;36m10[0m
[39m        [0m[1;39m)[0m[39m,[0m
[39m        [0m[33mprofiler[0m[39m=[0m[32m'basic'[0m
[39m    [0m[1;39m)[0m[39m,[0m
[39m    [0m[33mviewer[0m[39m=[0m[1;35mViewerConfig[0m[1;39m([0m
[39m        [0m[33mrelative_log_filename[0m[39m=[0m[32m'viewer_log_filename.txt'[0m[39m,[0m
[39m        [0m[33mwebsocket_port[0m[39m=[0m[3;35mNone[0m[39m,[0m
[39m        [0m[33mwebsocket_port_default[0m[39m=[0m[1;36m7007[0m[39m,[0m
[39m        [0m[33mwebsocket_host[0m[39m=[0m[32m'0.0.0.0'[0m[39m,[0m
[39m        [0m[33mnum_rays_per_chunk[0m[39m=[0m[1;36m32768[0m[39m,[0m
[39m        [0m[33mmax_num_display_images[0m[39m=[0m[1;36m512[0m[39m,[0m
[39m        [0m[33mquit_on_train_completion[0m[39m=[0m[3;91mFalse[0m[39m,[0m
[39m        [0m[33mimage_format[0m[39m=[0m[32m'jpeg'[0m[39m,[0m
[39m        [0m[33mjpeg_quality[0m[39m=[0m[1;36m75[0m[39m,[0m
[39m        [0m[33mmake_share_url[0m[39m=[0m[3;91mFalse[0m[39m,[0m
[39m        [0m[33mcamera_frustum_scale[0m[39m=[0m[1;36m0[0m[1;36m.1[0m[39m,[0m
[39m        [0m[33mdefault_composite_depth[0m[39m=[0m[3;92mTrue[0m
[39m    [0m[1;39m)[0m[39m,[0m
[39m    [0m[33mpipeline[0m[39m=[0m[1;35mVanillaPipelineConfig[0m[1;39m([0m
[39m        [0m[33m_target[0m[39m=<class [0m[32m'nerfstudio.pipelines.base_pipeline.VanillaPipeline'[0m[39m>,[0m
[39m        [0m[33mdatamanager[0m[39m=[0m[1;35mHyperspectralDatamanagerConfig[0m[1;39m([0m
[39m            [0m[33m_target[0m[39m=<class [0m[32m'nerfstudio.data.datamanagers.hyperspectral_datamanager.HyperspectralDatamanager'[0m[39m>,[0m
[39m            [0m[33mdata[0m[39m=[0m[1;35mPosixPath[0m[1;39m([0m[32m'/nethome/skumar704/flash/FAKEPLANT1_2'[0m[1;39m)[0m[39m,[0m
[39m            [0m[33mmasks_on_gpu[0m[39m=[0m[3;91mFalse[0m[39m,[0m
[39m            [0m[33mimages_on_gpu[0m[39m=[0m[3;91mFalse[0m[39m,[0m
[39m            [0m[33mdataparser[0m[39m=[0m[1;35mNerfstudioDataParserConfig[0m[1;39m([0m
[39m                [0m[33m_target[0m[39m=<class [0m[32m'nerfstudio.data.dataparsers.nerfstudio_dataparser.Nerfstudio'[0m[39m>,[0m
[39m                [0m[33mdata[0m[39m=[0m[1;35mPosixPath[0m[1;39m([0m[32m'.'[0m[1;39m)[0m[39m,[0m
[39m                [0m[33mscale_factor[0m[39m=[0m[1;36m1[0m[1;36m.0[0m[39m,[0m
[39m                [0m[33mdownscale_factor[0m[39m=[0m[3;35mNone[0m[39m,[0m
[39m                [0m[33mscene_scale[0m[39m=[0m[1;36m1[0m[1;36m.0[0m[39m,[0m
[39m                [0m[33morientation_method[0m[39m=[0m[32m'up'[0m[39m,[0m
[39m                [0m[33mcenter_method[0m[39m=[0m[32m'poses'[0m[39m,[0m
[39m                [0m[33mauto_scale_poses[0m[39m=[0m[3;92mTrue[0m[39m,[0m
[39m                [0m[33meval_mode[0m[39m=[0m[32m'fraction'[0m[39m,[0m
[39m                [0m[33mtrain_split_fraction[0m[39m=[0m[1;36m0[0m[1;36m.9[0m[39m,[0m
[39m                [0m[33meval_interval[0m[39m=[0m[1;36m8[0m[39m,[0m
[39m                [0m[33mdepth_unit_scale_factor[0m[39m=[0m[1;36m0[0m[1;36m.001[0m[39m,[0m
[39m                [0m[33mmask_color[0m[39m=[0m[3;35mNone[0m[39m,[0m
[39m                [0m[33mload_3D_points[0m[39m=[0m[3;92mTrue[0m
[39m            [0m[1;39m)[0m[39m,[0m
[39m            [0m[33mcamera_res_scale_factor[0m[39m=[0m[1;36m1[0m[1;36m.0[0m[39m,[0m
[39m            [0m[33meval_num_images_to_sample_from[0m[39m=[0m[1;36m-1[0m[39m,[0m
[39m            [0m[33meval_num_times_to_repeat_images[0m[39m=[0m[1;36m-1[0m[39m,[0m
[39m            [0m[33meval_image_indices[0m[39m=[0m[1;39m([0m[1;36m0[0m[39m,[0m[1;39m)[0m[39m,[0m
[39m            [0m[33mcache_images[0m[39m=[0m[32m'cpu'[0m[39m,[0m
[39m            [0m[33mcache_images_type[0m[39m=[0m[32m'uint8'[0m[39m,[0m
[39m            [0m[33mmax_thread_workers[0m[39m=[0m[3;35mNone[0m[39m,[0m
[39m            [0m[33m_target_[0m[39m=<class [0m[32m'nerfstudio.data.datamanagers.hyperspectral_datamanager.HyperspectralDatamanager'[0m[39m>[0m
[39m        [0m[1;39m)[0m[39m,[0m
[39m        [0m[33mmodel[0m[39m=[0m[1;35mSplatfactoModelConfig_Hs[0m[1;39m([0m
[39m            [0m[33m_target[0m[39m=<class [0m[32m'nerfstudio.models.hyperspectral_splatfacto.SplatfactoModel_Hs'[0m[39m>,[0m
[39m            [0m[33menable_collider[0m[39m=[0m[3;92mTrue[0m[39m,[0m
[39m            [0m[33mcollider_params[0m[39m=[0m[1;39m{[0m[32m'near_plane'[0m[39m: [0m[1;36m2.0[0m[39m, [0m[32m'far_plane'[0m[39m: [0m[1;36m6.0[0m[1;39m}[0m[39m,[0m
[39m            [0m[33mloss_coefficients[0m[39m=[0m[1;39m{[0m[32m'rgb_loss_coarse'[0m[39m: [0m[1;36m1.0[0m[39m, [0m[32m'rgb_loss_fine'[0m[39m: [0m[1;36m1.0[0m[1;39m}[0m[39m,[0m
[39m            [0m[33meval_num_rays_per_chunk[0m[39m=[0m[1;36m8192[0m[39m,[0m
[39m            [0m[33mprompt[0m[39m=[0m[3;35mNone[0m[39m,[0m
[39m            [0m[33mwarmup_length[0m[39m=[0m[1;36m500[0m[39m,[0m
[39m            [0m[33mrefine_every[0m[39m=[0m[1;36m100[0m[39m,[0m
[39m            [0m[33mresolution_schedule[0m[39m=[0m[1;36m3000[0m[39m,[0m
[39m            [0m[33mbackground_color[0m[39m=[0m[32m'black'[0m[39m,[0m
[39m            [0m[33mnum_downscales[0m[39m=[0m[1;36m2[0m[39m,[0m
[39m            [0m[33mcull_alpha_thresh[0m[39m=[0m[1;36m0[0m[1;36m.1[0m[39m,[0m
[39m            [0m[33mcull_scale_thresh[0m[39m=[0m[1;36m0[0m[1;36m.5[0m[39m,[0m
[39m            [0m[33mcontinue_cull_post_densification[0m[39m=[0m[3;92mTrue[0m[39m,[0m
[39m            [0m[33mreset_alpha_every[0m[39m=[0m[1;36m30[0m[39m,[0m
[39m            [0m[33mdensify_grad_thresh[0m[39m=[0m[1;36m0[0m[1;36m.0002[0m[39m,[0m
[39m            [0m[33mdensify_size_thresh[0m[39m=[0m[1;36m0[0m[1;36m.01[0m[39m,[0m
[39m            [0m[33mn_split_samples[0m[39m=[0m[1;36m2[0m[39m,[0m
[39m            [0m[33msh_degree_interval[0m[39m=[0m[1;36m1000[0m[39m,[0m
[39m            [0m[33mcull_screen_size[0m[39m=[0m[1;36m0[0m[1;36m.15[0m[39m,[0m
[39m            [0m[33msplit_screen_size[0m[39m=[0m[1;36m0[0m[1;36m.05[0m[39m,[0m
[39m            [0m[33mstop_screen_size_at[0m[39m=[0m[1;36m4000[0m[39m,[0m
[39m            [0m[33mrandom_init[0m[39m=[0m[3;91mFalse[0m[39m,[0m
[39m            [0m[33mnum_random[0m[39m=[0m[1;36m50000[0m[39m,[0m
[39m            [0m[33mrandom_scale[0m[39m=[0m[1;36m10[0m[1;36m.0[0m[39m,[0m
[39m            [0m[33mssim_lambda[0m[39m=[0m[1;36m0[0m[1;36m.2[0m[39m,[0m
[39m            [0m[33mstop_split_at[0m[39m=[0m[1;36m15000[0m[39m,[0m
[39m            [0m[33msh_degree[0m[39m=[0m[1;36m3[0m[39m,[0m
[39m            [0m[33muse_scale_regularization[0m[39m=[0m[3;91mFalse[0m[39m,[0m
[39m            [0m[33mmax_gauss_ratio[0m[39m=[0m[1;36m10[0m[1;36m.0[0m[39m,[0m
[39m            [0m[33moutput_depth_during_training[0m[39m=[0m[3;92mTrue[0m[39m,[0m
[39m            [0m[33mrasterize_mode[0m[39m=[0m[32m'classic'[0m[39m,[0m
[39m            [0m[33mhyperspectral[0m[39m=[0m[3;92mTrue[0m[39m,[0m
[39m            [0m[33mhyperspectral_channels[0m[39m=[0m[1;39m[[0m
[39m                [0m[1;36m0[0m[39m,[0m
[39m                [0m[1;36m1[0m[39m,[0m
[39m                [0m[1;36m2[0m[39m,[0m
[39m                [0m[1;36m3[0m[39m,[0m
[39m                [0m[1;36m4[0m[39m,[0m
[39m                [0m[1;36m5[0m[39m,[0m
[39m                [0m[1;36m6[0m[39m,[0m
[39m                [0m[1;36m7[0m[39m,[0m
[39m                [0m[1;36m8[0m[39m,[0m
[39m                [0m[1;36m9[0m[39m,[0m
[39m                [0m[1;36m10[0m[39m,[0m
[39m                [0m[1;36m11[0m[39m,[0m
[39m                [0m[1;36m12[0m[39m,[0m
[39m                [0m[1;36m13[0m[39m,[0m
[39m                [0m[1;36m14[0m[39m,[0m
[39m                [0m[1;36m15[0m[39m,[0m
[39m                [0m[1;36m16[0m[39m,[0m
[39m                [0m[1;36m17[0m[39m,[0m
[39m                [0m[1;36m18[0m[39m,[0m
[39m                [0m[1;36m19[0m[39m,[0m
[39m                [0m[1;36m20[0m[39m,[0m
[39m                [0m[1;36m21[0m[39m,[0m
[39m                [0m[1;36m22[0m[39m,[0m
[39m                [0m[1;36m23[0m[39m,[0m
[39m                [0m[1;36m24[0m[39m,[0m
[39m                [0m[1;36m25[0m[39m,[0m
[39m                [0m[1;36m26[0m[39m,[0m
[39m                [0m[1;36m27[0m[39m,[0m
[39m                [0m[1;36m28[0m[39m,[0m
[39m                [0m[1;36m29[0m[39m,[0m
[39m                [0m[1;36m30[0m[39m,[0m
[39m                [0m[1;36m31[0m[39m,[0m
[39m                [0m[1;36m32[0m[39m,[0m
[39m                [0m[1;36m33[0m[39m,[0m
[39m                [0m[1;36m34[0m[39m,[0m
[39m                [0m[1;36m35[0m[39m,[0m
[39m                [0m[1;36m36[0m[39m,[0m
[39m                [0m[1;36m37[0m[39m,[0m
[39m                [0m[1;36m38[0m[39m,[0m
[39m                [0m[1;36m39[0m[39m,[0m
[39m                [0m[1;36m40[0m[39m,[0m
[39m                [0m[1;36m41[0m[39m,[0m
[39m                [0m[1;36m42[0m[39m,[0m
[39m                [0m[1;36m43[0m[39m,[0m
[39m                [0m[1;36m44[0m[39m,[0m
[39m                [0m[1;36m45[0m[39m,[0m
[39m                [0m[1;36m46[0m[39m,[0m
[39m                [0m[1;36m47[0m[39m,[0m
[39m                [0m[1;36m48[0m[39m,[0m
[39m                [0m[1;36m49[0m[39m,[0m
[39m                [0m[1;36m50[0m[39m,[0m
[39m                [0m[1;36m51[0m[39m,[0m
[39m                [0m[1;36m52[0m[39m,[0m
[39m                [0m[1;36m53[0m[39m,[0m
[39m                [0m[1;36m54[0m[39m,[0m
[39m                [0m[1;36m55[0m[39m,[0m
[39m                [0m[1;36m56[0m[39m,[0m
[39m                [0m[1;36m57[0m[39m,[0m
[39m                [0m[1;36m58[0m[39m,[0m
[39m                [0m[1;36m59[0m[39m,[0m
[39m                [0m[1;36m60[0m[39m,[0m
[39m                [0m[1;36m61[0m[39m,[0m
[39m                [0m[1;36m62[0m[39m,[0m
[39m                [0m[1;36m63[0m[39m,[0m
[39m                [0m[1;36m64[0m[39m,[0m
[39m                [0m[1;36m65[0m[39m,[0m
[39m                [0m[1;36m66[0m[39m,[0m
[39m                [0m[1;36m67[0m[39m,[0m
[39m                [0m[1;36m68[0m[39m,[0m
[39m                [0m[1;36m69[0m[39m,[0m
[39m                [0m[1;36m70[0m[39m,[0m
[39m                [0m[1;36m71[0m[39m,[0m
[39m                [0m[1;36m72[0m[39m,[0m
[39m                [0m[1;36m73[0m[39m,[0m
[39m                [0m[1;36m74[0m[39m,[0m
[39m                [0m[1;36m75[0m[39m,[0m
[39m                [0m[1;36m76[0m[39m,[0m
[39m                [0m[1;36m77[0m[39m,[0m
[39m                [0m[1;36m78[0m[39m,[0m
[39m                [0m[1;36m79[0m[39m,[0m
[39m                [0m[1;36m80[0m[39m,[0m
[39m                [0m[1;36m81[0m[39m,[0m
[39m                [0m[1;36m82[0m[39m,[0m
[39m                [0m[1;36m83[0m[39m,[0m
[39m                [0m[1;36m84[0m[39m,[0m
[39m                [0m[1;36m85[0m[39m,[0m
[39m                [0m[1;36m86[0m[39m,[0m
[39m                [0m[1;36m87[0m[39m,[0m
[39m                [0m[1;36m88[0m[39m,[0m
[39m                [0m[1;36m89[0m[39m,[0m
[39m                [0m[1;36m90[0m[39m,[0m
[39m                [0m[1;36m91[0m[39m,[0m
[39m                [0m[1;36m92[0m[39m,[0m
[39m                [0m[1;36m93[0m[39m,[0m
[39m                [0m[1;36m94[0m[39m,[0m
[39m                [0m[1;36m95[0m[39m,[0m
[39m                [0m[1;36m96[0m[39m,[0m
[39m                [0m[1;36m97[0m[39m,[0m
[39m                [0m[1;36m98[0m[39m,[0m
[39m                [0m[1;36m99[0m[39m,[0m
[39m                [0m[1;36m100[0m[39m,[0m
[39m                [0m[1;36m101[0m[39m,[0m
[39m                [0m[1;36m102[0m[39m,[0m
[39m                [0m[1;36m103[0m[39m,[0m
[39m                [0m[1;36m104[0m[39m,[0m
[39m                [0m[1;36m105[0m[39m,[0m
[39m                [0m[1;36m106[0m[39m,[0m
[39m                [0m[1;36m107[0m[39m,[0m
[39m                [0m[1;36m108[0m[39m,[0m
[39m                [0m[1;36m109[0m[39m,[0m
[39m                [0m[1;36m110[0m[39m,[0m
[39m                [0m[1;36m111[0m[39m,[0m
[39m                [0m[1;36m112[0m[39m,[0m
[39m                [0m[1;36m113[0m[39m,[0m
[39m                [0m[1;36m114[0m[39m,[0m
[39m                [0m[1;36m115[0m[39m,[0m
[39m                [0m[1;36m116[0m[39m,[0m
[39m                [0m[1;36m117[0m[39m,[0m
[39m                [0m[1;36m118[0m[39m,[0m
[39m                [0m[1;36m119[0m[39m,[0m
[39m                [0m[1;36m120[0m[39m,[0m
[39m                [0m[1;36m121[0m[39m,[0m
[39m                [0m[1;36m122[0m[39m,[0m
[39m                [0m[1;36m123[0m[39m,[0m
[39m                [0m[1;36m124[0m[39m,[0m
[39m                [0m[1;36m125[0m[39m,[0m
[39m                [0m[1;36m126[0m[39m,[0m
[39m                [0m[1;36m127[0m[39m,[0m
[39m                [0m[1;36m128[0m[39m,[0m
[39m                [0m[1;36m129[0m[39m,[0m
[39m                [0m[1;36m130[0m[39m,[0m
[39m                [0m[1;36m131[0m[39m,[0m
[39m                [0m[1;36m132[0m[39m,[0m
[39m                [0m[1;36m133[0m[39m,[0m
[39m                [0m[1;36m134[0m[39m,[0m
[39m                [0m[1;36m135[0m[39m,[0m
[39m                [0m[1;36m136[0m[39m,[0m
[39m                [0m[1;36m137[0m[39m,[0m
[39m                [0m[1;36m138[0m[39m,[0m
[39m                [0m[1;36m139[0m[39m,[0m
[39m                [0m[1;36m140[0m
[39m            [0m[1;39m][0m[39m,[0m
[39m            [0m[33mwavelength_encoding[0m[39m=[0m[3;92mTrue[0m[39m,[0m
[39m            [0m[33mspectral_loss[0m[39m=[0m[3;92mTrue[0m[39m,[0m
[39m            [0m[33mwavelength_encoding_lambda[0m[39m=[0m[1;36m0[0m[1;36m.01[0m
[39m        [0m[1;39m)[0m
[39m    [0m[1;39m)[0m[39m,[0m
[39m    [0m[33moptimizers[0m[39m=[0m[1;39m{[0m
[39m        [0m[32m'means'[0m[39m: [0m[1;39m{[0m
[39m            [0m[32m'optimizer'[0m[39m: [0m[1;35mAdamOptimizerConfig[0m[1;39m([0m
[39m                [0m[33m_target[0m[39m=<class [0m[32m'torch.optim.adam.Adam'[0m[39m>,[0m
[39m                [0m[33mlr[0m[39m=[0m[1;36m1[0m[1;36m.6e-05[0m[39m,[0m
[39m                [0m[33meps[0m[39m=[0m[1;36m1e[0m[1;36m-15[0m[39m,[0m
[39m                [0m[33mmax_norm[0m[39m=[0m[3;35mNone[0m[39m,[0m
[39m                [0m[33mweight_decay[0m[39m=[0m[1;36m0[0m
[39m            [0m[1;39m)[0m[39m,[0m
[39m            [0m[32m'scheduler'[0m[39m: [0m[1;35mExponentialDecaySchedulerConfig[0m[1;39m([0m
[39m                [0m[33m_target[0m[39m=<class [0m[32m'nerfstudio.engine.schedulers.ExponentialDecayScheduler'[0m[39m>,[0m
[39m                [0m[33mlr_pre_warmup[0m[39m=[0m[1;36m1e[0m[1;36m-08[0m[39m,[0m
[39m                [0m[33mlr_final[0m[39m=[0m[1;36m1[0m[1;36m.6e-06[0m[39m,[0m
[39m                [0m[33mwarmup_steps[0m[39m=[0m[1;36m0[0m[39m,[0m
[39m                [0m[33mmax_steps[0m[39m=[0m[1;36m30000[0m[39m,[0m
[39m                [0m[33mramp[0m[39m=[0m[32m'cosine'[0m
[39m            [0m[1;39m)[0m
[39m        [0m[1;39m}[0m[39m,[0m
[39m        [0m[32m'features_dc'[0m[39m: [0m[1;39m{[0m
[39m            [0m[32m'optimizer'[0m[39m: [0m[1;35mAdamOptimizerConfig[0m[1;39m([0m
[39m                [0m[33m_target[0m[39m=<class [0m[32m'torch.optim.adam.Adam'[0m[39m>,[0m
[39m                [0m[33mlr[0m[39m=[0m[1;36m0[0m[1;36m.00025[0m[39m,[0m
[39m                [0m[33meps[0m[39m=[0m[1;36m1e[0m[1;36m-15[0m[39m,[0m
[39m                [0m[33mmax_norm[0m[39m=[0m[3;35mNone[0m[39m,[0m
[39m                [0m[33mweight_decay[0m[39m=[0m[1;36m0[0m
[39m            [0m[1;39m)[0m[39m,[0m
[39m            [0m[32m'scheduler'[0m[39m: [0m[3;35mNone[0m
[39m        [0m[1;39m}[0m[39m,[0m
[39m        [0m[32m'features_rest'[0m[39m: [0m[1;39m{[0m
[39m            [0m[32m'optimizer'[0m[39m: [0m[1;35mAdamOptimizerConfig[0m[1;39m([0m
[39m                [0m[33m_target[0m[39m=<class [0m[32m'torch.optim.adam.Adam'[0m[39m>,[0m
[39m                [0m[33mlr[0m[39m=[0m[1;36m1[0m[1;36m.25e-05[0m[39m,[0m
[39m                [0m[33meps[0m[39m=[0m[1;36m1e[0m[1;36m-15[0m[39m,[0m
[39m                [0m[33mmax_norm[0m[39m=[0m[3;35mNone[0m[39m,[0m
[39m                [0m[33mweight_decay[0m[39m=[0m[1;36m0[0m
[39m            [0m[1;39m)[0m[39m,[0m
[39m            [0m[32m'scheduler'[0m[39m: [0m[3;35mNone[0m
[39m        [0m[1;39m}[0m[39m,[0m
[39m        [0m[32m'opacities'[0m[39m: [0m[1;39m{[0m
[39m            [0m[32m'optimizer'[0m[39m: [0m[1;35mAdamOptimizerConfig[0m[1;39m([0m
[39m                [0m[33m_target[0m[39m=<class [0m[32m'torch.optim.adam.Adam'[0m[39m>,[0m
[39m                [0m[33mlr[0m[39m=[0m[1;36m0[0m[1;36m.005[0m[39m,[0m
[39m                [0m[33meps[0m[39m=[0m[1;36m1e[0m[1;36m-15[0m[39m,[0m
[39m                [0m[33mmax_norm[0m[39m=[0m[3;35mNone[0m[39m,[0m
[39m                [0m[33mweight_decay[0m[39m=[0m[1;36m0[0m
[39m            [0m[1;39m)[0m[39m,[0m
[39m            [0m[32m'scheduler'[0m[39m: [0m[3;35mNone[0m
[39m        [0m[1;39m}[0m[39m,[0m
[39m        [0m[32m'scales'[0m[39m: [0m[1;39m{[0m
[39m            [0m[32m'optimizer'[0m[39m: [0m[1;35mAdamOptimizerConfig[0m[1;39m([0m
[39m                [0m[33m_target[0m[39m=<class [0m[32m'torch.optim.adam.Adam'[0m[39m>,[0m
[39m                [0m[33mlr[0m[39m=[0m[1;36m0[0m[1;36m.0005[0m[39m,[0m
[39m                [0m[33meps[0m[39m=[0m[1;36m1e[0m[1;36m-15[0m[39m,[0m
[39m                [0m[33mmax_norm[0m[39m=[0m[3;35mNone[0m[39m,[0m
[39m                [0m[33mweight_decay[0m[39m=[0m[1;36m0[0m
[39m            [0m[1;39m)[0m[39m,[0m
[39m            [0m[32m'scheduler'[0m[39m: [0m[3;35mNone[0m
[39m        [0m[1;39m}[0m[39m,[0m
[39m        [0m[32m'quats'[0m[39m: [0m[1;39m{[0m
[39m            [0m[32m'optimizer'[0m[39m: [0m[1;35mAdamOptimizerConfig[0m[1;39m([0m
[39m                [0m[33m_target[0m[39m=<class [0m[32m'torch.optim.adam.Adam'[0m[39m>,[0m
[39m                [0m[33mlr[0m[39m=[0m[1;36m0[0m[1;36m.0001[0m[39m,[0m
[39m                [0m[33meps[0m[39m=[0m[1;36m1e[0m[1;36m-15[0m[39m,[0m
[39m                [0m[33mmax_norm[0m[39m=[0m[3;35mNone[0m[39m,[0m
[39m                [0m[33mweight_decay[0m[39m=[0m[1;36m0[0m
[39m            [0m[1;39m)[0m[39m,[0m
[39m            [0m[32m'scheduler'[0m[39m: [0m[3;35mNone[0m
[39m        [0m[1;39m}[0m[39m,[0m
[39m        [0m[32m'camera_opt'[0m[39m: [0m[1;39m{[0m
[39m            [0m[32m'optimizer'[0m[39m: [0m[1;35mAdamOptimizerConfig[0m[1;39m([0m
[39m                [0m[33m_target[0m[39m=<class [0m[32m'torch.optim.adam.Adam'[0m[39m>,[0m
[39m                [0m[33mlr[0m[39m=[0m[1;36m0[0m[1;36m.0001[0m[39m,[0m
[39m                [0m[33meps[0m[39m=[0m[1;36m1e[0m[1;36m-15[0m[39m,[0m
[39m                [0m[33mmax_norm[0m[39m=[0m[3;35mNone[0m[39m,[0m
[39m                [0m[33mweight_decay[0m[39m=[0m[1;36m0[0m
[39m            [0m[1;39m)[0m[39m,[0m
[39m            [0m[32m'scheduler'[0m[39m: [0m[1;35mExponentialDecaySchedulerConfig[0m[1;39m([0m
[39m                [0m[33m_target[0m[39m=<class [0m[32m'nerfstudio.engine.schedulers.ExponentialDecayScheduler'[0m[1m>[0m,
                [33mlr_pre_warmup[0m=[1;36m1e[0m[1;36m-08[0m,
                [33mlr_final[0m=[1;36m5e[0m[1;36m-06[0m,
                [33mwarmup_steps[0m=[1;36m0[0m,
                [33mmax_steps[0m=[1;36m30000[0m,
                [33mramp[0m=[32m'cosine'[0m
            [1m)[0m
        [1m}[0m
    [1m}[0m,
    [33mvis[0m=[32m'wandb'[0m,
    [33mdata[0m=[1;35mPosixPath[0m[1m([0m[32m'/nethome/skumar704/flash/FAKEPLANT1_2'[0m[1m)[0m,
    [33mprompt[0m=[3;35mNone[0m,
    [33mrelative_model_dir[0m=[1;35mPosixPath[0m[1m([0m[32m'nerfstudio_models'[0m[1m)[0m,
    [33mload_scheduler[0m=[3;92mTrue[0m,
    [33msteps_per_save[0m=[1;36m2000[0m,
    [33msteps_per_eval_batch[0m=[1;36m0[0m,
    [33msteps_per_eval_image[0m=[1;36m100[0m,
    [33msteps_per_eval_all_images[0m=[1;36m1000[0m,
    [33mmax_num_iterations[0m=[1;36m80000[0m,
    [33mmixed_precision[0m=[3;91mFalse[0m,
    [33muse_grad_scaler[0m=[3;91mFalse[0m,
    [33msave_only_latest_checkpoint[0m=[3;92mTrue[0m,
    [33mload_dir[0m=[3;35mNone[0m,
    [33mload_step[0m=[3;35mNone[0m,
    [33mload_config[0m=[3;35mNone[0m,
    [33mload_checkpoint[0m=[3;35mNone[0m,
    [33mlog_gradients[0m=[3;91mFalse[0m,
    [33mgradient_accumulation_steps[0m=[1m{[0m[1m}[0m
[1m)[0m
[92m────────────────────────────────────────────────────────────────────────────────────────────────────────────────────────[0m
[2;36m          [0m[2;36m [0mSaving config to:                                                                    ]8;id=565777;file:///coc/flash5/skumar704/hyperspectral_3d/nerfstudio/nerfstudio/configs/experiment_config.py\[2mexperiment_config.py[0m]8;;\[2m:[0m]8;id=174957;file:///coc/flash5/skumar704/hyperspectral_3d/nerfstudio/nerfstudio/configs/experiment_config.py#136\[2m136[0m]8;;\
[2;36m           [0moutputs/FAKEPLANT1_2/hyperspectral_splatfacto/[1;36m2025[0m-[1;36m03[0m-03_160855/config.yml           [2m                        [0m
[2;36m          [0m[2;36m [0mSaving checkpoints to:                                                                         ]8;id=234053;file:///coc/flash5/skumar704/hyperspectral_3d/nerfstudio/nerfstudio/engine/trainer.py\[2mtrainer.py[0m]8;;\[2m:[0m]8;id=146316;file:///coc/flash5/skumar704/hyperspectral_3d/nerfstudio/nerfstudio/engine/trainer.py#136\[2m136[0m]8;;\
[2;36m           [0moutputs/FAKEPLANT1_2/hyperspectral_splatfacto/[1;36m2025[0m-[1;36m03[0m-03_160855/nerfstudio_models              [2m              [0m
[2;36m          [0m[2;36m [0mAuto image downscale factor of [1;36m1[0m                                                 ]8;id=91161;file:///coc/flash5/skumar704/hyperspectral_3d/nerfstudio/nerfstudio/data/dataparsers/nerfstudio_dataparser.py\[2mnerfstudio_dataparser.py[0m]8;;\[2m:[0m]8;id=619176;file:///coc/flash5/skumar704/hyperspectral_3d/nerfstudio/nerfstudio/data/dataparsers/nerfstudio_dataparser.py#505\[2m505[0m]8;;\
[1;33mWarning: load_3D_points set to true but no point cloud found. splatfacto will use random point cloud initialization.[0m
[PosixPath('/nethome/skumar704/flash/FAKEPLANT1_2/latent/frame_00001.pt'), PosixPath('/nethome/skumar704/flash/FAKEPLANT1_2/latent/frame_00002.pt'), PosixPath('/nethome/skumar704/flash/FAKEPLANT1_2/latent/frame_00003.pt'), PosixPath('/nethome/skumar704/flash/FAKEPLANT1_2/latent/frame_00004.pt'), PosixPath('/nethome/skumar704/flash/FAKEPLANT1_2/latent/frame_00005.pt'), PosixPath('/nethome/skumar704/flash/FAKEPLANT1_2/latent/frame_00006.pt'), PosixPath('/nethome/skumar704/flash/FAKEPLANT1_2/latent/frame_00007.pt'), PosixPath('/nethome/skumar704/flash/FAKEPLANT1_2/latent/frame_00008.pt'), PosixPath('/nethome/skumar704/flash/FAKEPLANT1_2/latent/frame_00009.pt'), PosixPath('/nethome/skumar704/flash/FAKEPLANT1_2/latent/frame_00011.pt'), PosixPath('/nethome/skumar704/flash/FAKEPLANT1_2/latent/frame_00012.pt'), PosixPath('/nethome/skumar704/flash/FAKEPLANT1_2/latent/frame_00013.pt'), PosixPath('/nethome/skumar704/flash/FAKEPLANT1_2/latent/frame_00014.pt'), PosixPath('/nethome/skumar704/flash/FAKEPLANT1_2/latent/frame_00015.pt'), PosixPath('/nethome/skumar704/flash/FAKEPLANT1_2/latent/frame_00016.pt'), PosixPath('/nethome/skumar704/flash/FAKEPLANT1_2/latent/frame_00017.pt'), PosixPath('/nethome/skumar704/flash/FAKEPLANT1_2/latent/frame_00018.pt'), PosixPath('/nethome/skumar704/flash/FAKEPLANT1_2/latent/frame_00019.pt'), PosixPath('/nethome/skumar704/flash/FAKEPLANT1_2/latent/frame_00021.pt'), PosixPath('/nethome/skumar704/flash/FAKEPLANT1_2/latent/frame_00022.pt'), PosixPath('/nethome/skumar704/flash/FAKEPLANT1_2/latent/frame_00023.pt'), PosixPath('/nethome/skumar704/flash/FAKEPLANT1_2/latent/frame_00024.pt'), PosixPath('/nethome/skumar704/flash/FAKEPLANT1_2/latent/frame_00025.pt'), PosixPath('/nethome/skumar704/flash/FAKEPLANT1_2/latent/frame_00026.pt'), PosixPath('/nethome/skumar704/flash/FAKEPLANT1_2/latent/frame_00027.pt'), PosixPath('/nethome/skumar704/flash/FAKEPLANT1_2/latent/frame_00028.pt'), PosixPath('/nethome/skumar704/flash/FAKEPLANT1_2/latent/frame_00029.pt'), PosixPath('/nethome/skumar704/flash/FAKEPLANT1_2/latent/frame_00031.pt'), PosixPath('/nethome/skumar704/flash/FAKEPLANT1_2/latent/frame_00032.pt'), PosixPath('/nethome/skumar704/flash/FAKEPLANT1_2/latent/frame_00033.pt'), PosixPath('/nethome/skumar704/flash/FAKEPLANT1_2/latent/frame_00034.pt'), PosixPath('/nethome/skumar704/flash/FAKEPLANT1_2/latent/frame_00035.pt'), PosixPath('/nethome/skumar704/flash/FAKEPLANT1_2/latent/frame_00036.pt'), PosixPath('/nethome/skumar704/flash/FAKEPLANT1_2/latent/frame_00037.pt'), PosixPath('/nethome/skumar704/flash/FAKEPLANT1_2/latent/frame_00038.pt'), PosixPath('/nethome/skumar704/flash/FAKEPLANT1_2/latent/frame_00039.pt'), PosixPath('/nethome/skumar704/flash/FAKEPLANT1_2/latent/frame_00041.pt'), PosixPath('/nethome/skumar704/flash/FAKEPLANT1_2/latent/frame_00042.pt'), PosixPath('/nethome/skumar704/flash/FAKEPLANT1_2/latent/frame_00043.pt'), PosixPath('/nethome/skumar704/flash/FAKEPLANT1_2/latent/frame_00044.pt'), PosixPath('/nethome/skumar704/flash/FAKEPLANT1_2/latent/frame_00045.pt'), PosixPath('/nethome/skumar704/flash/FAKEPLANT1_2/latent/frame_00046.pt'), PosixPath('/nethome/skumar704/flash/FAKEPLANT1_2/latent/frame_00047.pt'), PosixPath('/nethome/skumar704/flash/FAKEPLANT1_2/latent/frame_00048.pt'), PosixPath('/nethome/skumar704/flash/FAKEPLANT1_2/latent/frame_00049.pt'), PosixPath('/nethome/skumar704/flash/FAKEPLANT1_2/latent/frame_00051.pt'), PosixPath('/nethome/skumar704/flash/FAKEPLANT1_2/latent/frame_00052.pt'), PosixPath('/nethome/skumar704/flash/FAKEPLANT1_2/latent/frame_00053.pt'), PosixPath('/nethome/skumar704/flash/FAKEPLANT1_2/latent/frame_00054.pt'), PosixPath('/nethome/skumar704/flash/FAKEPLANT1_2/latent/frame_00055.pt'), PosixPath('/nethome/skumar704/flash/FAKEPLANT1_2/latent/frame_00056.pt'), PosixPath('/nethome/skumar704/flash/FAKEPLANT1_2/latent/frame_00057.pt'), PosixPath('/nethome/skumar704/flash/FAKEPLANT1_2/latent/frame_00058.pt'), PosixPath('/nethome/skumar704/flash/FAKEPLANT1_2/latent/frame_00059.pt'), PosixPath('/nethome/skumar704/flash/FAKEPLANT1_2/latent/frame_00061.pt'), PosixPath('/nethome/skumar704/flash/FAKEPLANT1_2/latent/frame_00062.pt'), PosixPath('/nethome/skumar704/flash/FAKEPLANT1_2/latent/frame_00063.pt'), PosixPath('/nethome/skumar704/flash/FAKEPLANT1_2/latent/frame_00064.pt'), PosixPath('/nethome/skumar704/flash/FAKEPLANT1_2/latent/frame_00065.pt'), PosixPath('/nethome/skumar704/flash/FAKEPLANT1_2/latent/frame_00066.pt'), PosixPath('/nethome/skumar704/flash/FAKEPLANT1_2/latent/frame_00067.pt'), PosixPath('/nethome/skumar704/flash/FAKEPLANT1_2/latent/frame_00068.pt'), PosixPath('/nethome/skumar704/flash/FAKEPLANT1_2/latent/frame_00069.pt'), PosixPath('/nethome/skumar704/flash/FAKEPLANT1_2/latent/frame_00071.pt'), PosixPath('/nethome/skumar704/flash/FAKEPLANT1_2/latent/frame_00072.pt'), PosixPath('/nethome/skumar704/flash/FAKEPLANT1_2/latent/frame_00073.pt'), PosixPath('/nethome/skumar704/flash/FAKEPLANT1_2/latent/frame_00074.pt'), PosixPath('/nethome/skumar704/flash/FAKEPLANT1_2/latent/frame_00075.pt'), PosixPath('/nethome/skumar704/flash/FAKEPLANT1_2/latent/frame_00076.pt'), PosixPath('/nethome/skumar704/flash/FAKEPLANT1_2/latent/frame_00077.pt'), PosixPath('/nethome/skumar704/flash/FAKEPLANT1_2/latent/frame_00078.pt'), PosixPath('/nethome/skumar704/flash/FAKEPLANT1_2/latent/frame_00079.pt'), PosixPath('/nethome/skumar704/flash/FAKEPLANT1_2/latent/frame_00081.pt'), PosixPath('/nethome/skumar704/flash/FAKEPLANT1_2/latent/frame_00082.pt'), PosixPath('/nethome/skumar704/flash/FAKEPLANT1_2/latent/frame_00083.pt'), PosixPath('/nethome/skumar704/flash/FAKEPLANT1_2/latent/frame_00084.pt'), PosixPath('/nethome/skumar704/flash/FAKEPLANT1_2/latent/frame_00085.pt'), PosixPath('/nethome/skumar704/flash/FAKEPLANT1_2/latent/frame_00086.pt'), PosixPath('/nethome/skumar704/flash/FAKEPLANT1_2/latent/frame_00087.pt'), PosixPath('/nethome/skumar704/flash/FAKEPLANT1_2/latent/frame_00088.pt'), PosixPath('/nethome/skumar704/flash/FAKEPLANT1_2/latent/frame_00089.pt'), PosixPath('/nethome/skumar704/flash/FAKEPLANT1_2/latent/frame_00091.pt'), PosixPath('/nethome/skumar704/flash/FAKEPLANT1_2/latent/frame_00092.pt'), PosixPath('/nethome/skumar704/flash/FAKEPLANT1_2/latent/frame_00093.pt'), PosixPath('/nethome/skumar704/flash/FAKEPLANT1_2/latent/frame_00094.pt'), PosixPath('/nethome/skumar704/flash/FAKEPLANT1_2/latent/frame_00095.pt'), PosixPath('/nethome/skumar704/flash/FAKEPLANT1_2/latent/frame_00096.pt'), PosixPath('/nethome/skumar704/flash/FAKEPLANT1_2/latent/frame_00097.pt'), PosixPath('/nethome/skumar704/flash/FAKEPLANT1_2/latent/frame_00098.pt'), PosixPath('/nethome/skumar704/flash/FAKEPLANT1_2/latent/frame_00099.pt'), PosixPath('/nethome/skumar704/flash/FAKEPLANT1_2/latent/frame_00101.pt'), PosixPath('/nethome/skumar704/flash/FAKEPLANT1_2/latent/frame_00102.pt'), PosixPath('/nethome/skumar704/flash/FAKEPLANT1_2/latent/frame_00103.pt'), PosixPath('/nethome/skumar704/flash/FAKEPLANT1_2/latent/frame_00104.pt'), PosixPath('/nethome/skumar704/flash/FAKEPLANT1_2/latent/frame_00105.pt'), PosixPath('/nethome/skumar704/flash/FAKEPLANT1_2/latent/frame_00106.pt'), PosixPath('/nethome/skumar704/flash/FAKEPLANT1_2/latent/frame_00107.pt'), PosixPath('/nethome/skumar704/flash/FAKEPLANT1_2/latent/frame_00108.pt'), PosixPath('/nethome/skumar704/flash/FAKEPLANT1_2/latent/frame_00109.pt'), PosixPath('/nethome/skumar704/flash/FAKEPLANT1_2/latent/frame_00111.pt'), PosixPath('/nethome/skumar704/flash/FAKEPLANT1_2/latent/frame_00112.pt'), PosixPath('/nethome/skumar704/flash/FAKEPLANT1_2/latent/frame_00113.pt'), PosixPath('/nethome/skumar704/flash/FAKEPLANT1_2/latent/frame_00114.pt'), PosixPath('/nethome/skumar704/flash/FAKEPLANT1_2/latent/frame_00115.pt'), PosixPath('/nethome/skumar704/flash/FAKEPLANT1_2/latent/frame_00116.pt'), PosixPath('/nethome/skumar704/flash/FAKEPLANT1_2/latent/frame_00117.pt'), PosixPath('/nethome/skumar704/flash/FAKEPLANT1_2/latent/frame_00118.pt'), PosixPath('/nethome/skumar704/flash/FAKEPLANT1_2/latent/frame_00119.pt'), PosixPath('/nethome/skumar704/flash/FAKEPLANT1_2/latent/frame_00121.pt'), PosixPath('/nethome/skumar704/flash/FAKEPLANT1_2/latent/frame_00122.pt'), PosixPath('/nethome/skumar704/flash/FAKEPLANT1_2/latent/frame_00123.pt'), PosixPath('/nethome/skumar704/flash/FAKEPLANT1_2/latent/frame_00124.pt'), PosixPath('/nethome/skumar704/flash/FAKEPLANT1_2/latent/frame_00125.pt'), PosixPath('/nethome/skumar704/flash/FAKEPLANT1_2/latent/frame_00126.pt'), PosixPath('/nethome/skumar704/flash/FAKEPLANT1_2/latent/frame_00127.pt'), PosixPath('/nethome/skumar704/flash/FAKEPLANT1_2/latent/frame_00128.pt'), PosixPath('/nethome/skumar704/flash/FAKEPLANT1_2/latent/frame_00129.pt'), PosixPath('/nethome/skumar704/flash/FAKEPLANT1_2/latent/frame_00131.pt'), PosixPath('/nethome/skumar704/flash/FAKEPLANT1_2/latent/frame_00132.pt'), PosixPath('/nethome/skumar704/flash/FAKEPLANT1_2/latent/frame_00133.pt'), PosixPath('/nethome/skumar704/flash/FAKEPLANT1_2/latent/frame_00134.pt'), PosixPath('/nethome/skumar704/flash/FAKEPLANT1_2/latent/frame_00135.pt'), PosixPath('/nethome/skumar704/flash/FAKEPLANT1_2/latent/frame_00136.pt'), PosixPath('/nethome/skumar704/flash/FAKEPLANT1_2/latent/frame_00137.pt'), PosixPath('/nethome/skumar704/flash/FAKEPLANT1_2/latent/frame_00138.pt'), PosixPath('/nethome/skumar704/flash/FAKEPLANT1_2/latent/frame_00139.pt'), PosixPath('/nethome/skumar704/flash/FAKEPLANT1_2/latent/frame_00141.pt'), PosixPath('/nethome/skumar704/flash/FAKEPLANT1_2/latent/frame_00142.pt'), PosixPath('/nethome/skumar704/flash/FAKEPLANT1_2/latent/frame_00143.pt'), PosixPath('/nethome/skumar704/flash/FAKEPLANT1_2/latent/frame_00144.pt'), PosixPath('/nethome/skumar704/flash/FAKEPLANT1_2/latent/frame_00145.pt'), PosixPath('/nethome/skumar704/flash/FAKEPLANT1_2/latent/frame_00146.pt'), PosixPath('/nethome/skumar704/flash/FAKEPLANT1_2/latent/frame_00147.pt'), PosixPath('/nethome/skumar704/flash/FAKEPLANT1_2/latent/frame_00148.pt'), PosixPath('/nethome/skumar704/flash/FAKEPLANT1_2/latent/frame_00149.pt'), PosixPath('/nethome/skumar704/flash/FAKEPLANT1_2/latent/frame_00151.pt'), PosixPath('/nethome/skumar704/flash/FAKEPLANT1_2/latent/frame_00152.pt'), PosixPath('/nethome/skumar704/flash/FAKEPLANT1_2/latent/frame_00153.pt'), PosixPath('/nethome/skumar704/flash/FAKEPLANT1_2/latent/frame_00154.pt'), PosixPath('/nethome/skumar704/flash/FAKEPLANT1_2/latent/frame_00155.pt'), PosixPath('/nethome/skumar704/flash/FAKEPLANT1_2/latent/frame_00156.pt'), PosixPath('/nethome/skumar704/flash/FAKEPLANT1_2/latent/frame_00157.pt'), PosixPath('/nethome/skumar704/flash/FAKEPLANT1_2/latent/frame_00158.pt'), PosixPath('/nethome/skumar704/flash/FAKEPLANT1_2/latent/frame_00159.pt'), PosixPath('/nethome/skumar704/flash/FAKEPLANT1_2/latent/frame_00161.pt'), PosixPath('/nethome/skumar704/flash/FAKEPLANT1_2/latent/frame_00162.pt'), PosixPath('/nethome/skumar704/flash/FAKEPLANT1_2/latent/frame_00163.pt'), PosixPath('/nethome/skumar704/flash/FAKEPLANT1_2/latent/frame_00164.pt'), PosixPath('/nethome/skumar704/flash/FAKEPLANT1_2/latent/frame_00165.pt'), PosixPath('/nethome/skumar704/flash/FAKEPLANT1_2/latent/frame_00166.pt'), PosixPath('/nethome/skumar704/flash/FAKEPLANT1_2/latent/frame_00167.pt'), PosixPath('/nethome/skumar704/flash/FAKEPLANT1_2/latent/frame_00168.pt'), PosixPath('/nethome/skumar704/flash/FAKEPLANT1_2/latent/frame_00169.pt'), PosixPath('/nethome/skumar704/flash/FAKEPLANT1_2/latent/frame_00171.pt'), PosixPath('/nethome/skumar704/flash/FAKEPLANT1_2/latent/frame_00172.pt'), PosixPath('/nethome/skumar704/flash/FAKEPLANT1_2/latent/frame_00173.pt'), PosixPath('/nethome/skumar704/flash/FAKEPLANT1_2/latent/frame_00174.pt'), PosixPath('/nethome/skumar704/flash/FAKEPLANT1_2/latent/frame_00175.pt'), PosixPath('/nethome/skumar704/flash/FAKEPLANT1_2/latent/frame_00176.pt'), PosixPath('/nethome/skumar704/flash/FAKEPLANT1_2/latent/frame_00177.pt'), PosixPath('/nethome/skumar704/flash/FAKEPLANT1_2/latent/frame_00178.pt'), PosixPath('/nethome/skumar704/flash/FAKEPLANT1_2/latent/frame_00179.pt'), PosixPath('/nethome/skumar704/flash/FAKEPLANT1_2/latent/frame_00181.pt'), PosixPath('/nethome/skumar704/flash/FAKEPLANT1_2/latent/frame_00182.pt'), PosixPath('/nethome/skumar704/flash/FAKEPLANT1_2/latent/frame_00183.pt'), PosixPath('/nethome/skumar704/flash/FAKEPLANT1_2/latent/frame_00184.pt'), PosixPath('/nethome/skumar704/flash/FAKEPLANT1_2/latent/frame_00185.pt'), PosixPath('/nethome/skumar704/flash/FAKEPLANT1_2/latent/frame_00186.pt'), PosixPath('/nethome/skumar704/flash/FAKEPLANT1_2/latent/frame_00187.pt'), PosixPath('/nethome/skumar704/flash/FAKEPLANT1_2/latent/frame_00188.pt'), PosixPath('/nethome/skumar704/flash/FAKEPLANT1_2/latent/frame_00189.pt'), PosixPath('/nethome/skumar704/flash/FAKEPLANT1_2/latent/frame_00191.pt'), PosixPath('/nethome/skumar704/flash/FAKEPLANT1_2/latent/frame_00192.pt'), PosixPath('/nethome/skumar704/flash/FAKEPLANT1_2/latent/frame_00193.pt'), PosixPath('/nethome/skumar704/flash/FAKEPLANT1_2/latent/frame_00194.pt'), PosixPath('/nethome/skumar704/flash/FAKEPLANT1_2/latent/frame_00195.pt'), PosixPath('/nethome/skumar704/flash/FAKEPLANT1_2/latent/frame_00196.pt'), PosixPath('/nethome/skumar704/flash/FAKEPLANT1_2/latent/frame_00197.pt'), PosixPath('/nethome/skumar704/flash/FAKEPLANT1_2/latent/frame_00198.pt'), PosixPath('/nethome/skumar704/flash/FAKEPLANT1_2/latent/frame_00199.pt'), PosixPath('/nethome/skumar704/flash/FAKEPLANT1_2/latent/frame_00201.pt'), PosixPath('/nethome/skumar704/flash/FAKEPLANT1_2/latent/frame_00202.pt'), PosixPath('/nethome/skumar704/flash/FAKEPLANT1_2/latent/frame_00203.pt'), PosixPath('/nethome/skumar704/flash/FAKEPLANT1_2/latent/frame_00204.pt'), PosixPath('/nethome/skumar704/flash/FAKEPLANT1_2/latent/frame_00205.pt'), PosixPath('/nethome/skumar704/flash/FAKEPLANT1_2/latent/frame_00206.pt'), PosixPath('/nethome/skumar704/flash/FAKEPLANT1_2/latent/frame_00207.pt'), PosixPath('/nethome/skumar704/flash/FAKEPLANT1_2/latent/frame_00208.pt'), PosixPath('/nethome/skumar704/flash/FAKEPLANT1_2/latent/frame_00209.pt'), PosixPath('/nethome/skumar704/flash/FAKEPLANT1_2/latent/frame_00211.pt'), PosixPath('/nethome/skumar704/flash/FAKEPLANT1_2/latent/frame_00212.pt'), PosixPath('/nethome/skumar704/flash/FAKEPLANT1_2/latent/frame_00213.pt'), PosixPath('/nethome/skumar704/flash/FAKEPLANT1_2/latent/frame_00214.pt'), PosixPath('/nethome/skumar704/flash/FAKEPLANT1_2/latent/frame_00215.pt'), PosixPath('/nethome/skumar704/flash/FAKEPLANT1_2/latent/frame_00216.pt'), PosixPath('/nethome/skumar704/flash/FAKEPLANT1_2/latent/frame_00217.pt'), PosixPath('/nethome/skumar704/flash/FAKEPLANT1_2/latent/frame_00218.pt'), PosixPath('/nethome/skumar704/flash/FAKEPLANT1_2/latent/frame_00219.pt'), PosixPath('/nethome/skumar704/flash/FAKEPLANT1_2/latent/frame_00221.pt'), PosixPath('/nethome/skumar704/flash/FAKEPLANT1_2/latent/frame_00222.pt'), PosixPath('/nethome/skumar704/flash/FAKEPLANT1_2/latent/frame_00223.pt'), PosixPath('/nethome/skumar704/flash/FAKEPLANT1_2/latent/frame_00224.pt'), PosixPath('/nethome/skumar704/flash/FAKEPLANT1_2/latent/frame_00225.pt'), PosixPath('/nethome/skumar704/flash/FAKEPLANT1_2/latent/frame_00226.pt'), PosixPath('/nethome/skumar704/flash/FAKEPLANT1_2/latent/frame_00227.pt'), PosixPath('/nethome/skumar704/flash/FAKEPLANT1_2/latent/frame_00228.pt'), PosixPath('/nethome/skumar704/flash/FAKEPLANT1_2/latent/frame_00229.pt'), PosixPath('/nethome/skumar704/flash/FAKEPLANT1_2/latent/frame_00231.pt'), PosixPath('/nethome/skumar704/flash/FAKEPLANT1_2/latent/frame_00232.pt'), PosixPath('/nethome/skumar704/flash/FAKEPLANT1_2/latent/frame_00233.pt'), PosixPath('/nethome/skumar704/flash/FAKEPLANT1_2/latent/frame_00234.pt'), PosixPath('/nethome/skumar704/flash/FAKEPLANT1_2/latent/frame_00235.pt'), PosixPath('/nethome/skumar704/flash/FAKEPLANT1_2/latent/frame_00236.pt'), PosixPath('/nethome/skumar704/flash/FAKEPLANT1_2/latent/frame_00237.pt'), PosixPath('/nethome/skumar704/flash/FAKEPLANT1_2/latent/frame_00238.pt'), PosixPath('/nethome/skumar704/flash/FAKEPLANT1_2/latent/frame_00239.pt'), PosixPath('/nethome/skumar704/flash/FAKEPLANT1_2/latent/frame_00241.pt'), PosixPath('/nethome/skumar704/flash/FAKEPLANT1_2/latent/frame_00242.pt'), PosixPath('/nethome/skumar704/flash/FAKEPLANT1_2/latent/frame_00243.pt'), PosixPath('/nethome/skumar704/flash/FAKEPLANT1_2/latent/frame_00244.pt'), PosixPath('/nethome/skumar704/flash/FAKEPLANT1_2/latent/frame_00245.pt'), PosixPath('/nethome/skumar704/flash/FAKEPLANT1_2/latent/frame_00246.pt'), PosixPath('/nethome/skumar704/flash/FAKEPLANT1_2/latent/frame_00247.pt'), PosixPath('/nethome/skumar704/flash/FAKEPLANT1_2/latent/frame_00248.pt'), PosixPath('/nethome/skumar704/flash/FAKEPLANT1_2/latent/frame_00249.pt'), PosixPath('/nethome/skumar704/flash/FAKEPLANT1_2/latent/frame_00251.pt'), PosixPath('/nethome/skumar704/flash/FAKEPLANT1_2/latent/frame_00252.pt'), PosixPath('/nethome/skumar704/flash/FAKEPLANT1_2/latent/frame_00253.pt'), PosixPath('/nethome/skumar704/flash/FAKEPLANT1_2/latent/frame_00254.pt'), PosixPath('/nethome/skumar704/flash/FAKEPLANT1_2/latent/frame_00255.pt'), PosixPath('/nethome/skumar704/flash/FAKEPLANT1_2/latent/frame_00256.pt'), PosixPath('/nethome/skumar704/flash/FAKEPLANT1_2/latent/frame_00257.pt'), PosixPath('/nethome/skumar704/flash/FAKEPLANT1_2/latent/frame_00258.pt'), PosixPath('/nethome/skumar704/flash/FAKEPLANT1_2/latent/frame_00259.pt'), PosixPath('/nethome/skumar704/flash/FAKEPLANT1_2/latent/frame_00261.pt'), PosixPath('/nethome/skumar704/flash/FAKEPLANT1_2/latent/frame_00262.pt'), PosixPath('/nethome/skumar704/flash/FAKEPLANT1_2/latent/frame_00263.pt'), PosixPath('/nethome/skumar704/flash/FAKEPLANT1_2/latent/frame_00264.pt'), PosixPath('/nethome/skumar704/flash/FAKEPLANT1_2/latent/frame_00265.pt'), PosixPath('/nethome/skumar704/flash/FAKEPLANT1_2/latent/frame_00266.pt'), PosixPath('/nethome/skumar704/flash/FAKEPLANT1_2/latent/frame_00267.pt'), PosixPath('/nethome/skumar704/flash/FAKEPLANT1_2/latent/frame_00268.pt'), PosixPath('/nethome/skumar704/flash/FAKEPLANT1_2/latent/frame_00269.pt'), PosixPath('/nethome/skumar704/flash/FAKEPLANT1_2/latent/frame_00271.pt'), PosixPath('/nethome/skumar704/flash/FAKEPLANT1_2/latent/frame_00272.pt'), PosixPath('/nethome/skumar704/flash/FAKEPLANT1_2/latent/frame_00273.pt'), PosixPath('/nethome/skumar704/flash/FAKEPLANT1_2/latent/frame_00274.pt'), PosixPath('/nethome/skumar704/flash/FAKEPLANT1_2/latent/frame_00275.pt'), PosixPath('/nethome/skumar704/flash/FAKEPLANT1_2/latent/frame_00276.pt'), PosixPath('/nethome/skumar704/flash/FAKEPLANT1_2/latent/frame_00277.pt'), PosixPath('/nethome/skumar704/flash/FAKEPLANT1_2/latent/frame_00278.pt'), PosixPath('/nethome/skumar704/flash/FAKEPLANT1_2/latent/frame_00279.pt'), PosixPath('/nethome/skumar704/flash/FAKEPLANT1_2/latent/frame_00281.pt'), PosixPath('/nethome/skumar704/flash/FAKEPLANT1_2/latent/frame_00282.pt'), PosixPath('/nethome/skumar704/flash/FAKEPLANT1_2/latent/frame_00283.pt'), PosixPath('/nethome/skumar704/flash/FAKEPLANT1_2/latent/frame_00284.pt'), PosixPath('/nethome/skumar704/flash/FAKEPLANT1_2/latent/frame_00285.pt'), PosixPath('/nethome/skumar704/flash/FAKEPLANT1_2/latent/frame_00286.pt'), PosixPath('/nethome/skumar704/flash/FAKEPLANT1_2/latent/frame_00287.pt'), PosixPath('/nethome/skumar704/flash/FAKEPLANT1_2/latent/frame_00288.pt'), PosixPath('/nethome/skumar704/flash/FAKEPLANT1_2/latent/frame_00289.pt'), PosixPath('/nethome/skumar704/flash/FAKEPLANT1_2/latent/frame_00291.pt'), PosixPath('/nethome/skumar704/flash/FAKEPLANT1_2/latent/frame_00292.pt'), PosixPath('/nethome/skumar704/flash/FAKEPLANT1_2/latent/frame_00293.pt'), PosixPath('/nethome/skumar704/flash/FAKEPLANT1_2/latent/frame_00294.pt'), PosixPath('/nethome/skumar704/flash/FAKEPLANT1_2/latent/frame_00295.pt'), PosixPath('/nethome/skumar704/flash/FAKEPLANT1_2/latent/frame_00296.pt'), PosixPath('/nethome/skumar704/flash/FAKEPLANT1_2/latent/frame_00297.pt'), PosixPath('/nethome/skumar704/flash/FAKEPLANT1_2/latent/frame_00298.pt'), PosixPath('/nethome/skumar704/flash/FAKEPLANT1_2/latent/frame_00299.pt'), PosixPath('/nethome/skumar704/flash/FAKEPLANT1_2/latent/frame_00301.pt'), PosixPath('/nethome/skumar704/flash/FAKEPLANT1_2/latent/frame_00302.pt'), PosixPath('/nethome/skumar704/flash/FAKEPLANT1_2/latent/frame_00303.pt'), PosixPath('/nethome/skumar704/flash/FAKEPLANT1_2/latent/frame_00304.pt'), PosixPath('/nethome/skumar704/flash/FAKEPLANT1_2/latent/frame_00305.pt'), PosixPath('/nethome/skumar704/flash/FAKEPLANT1_2/latent/frame_00306.pt'), PosixPath('/nethome/skumar704/flash/FAKEPLANT1_2/latent/frame_00307.pt'), PosixPath('/nethome/skumar704/flash/FAKEPLANT1_2/latent/frame_00308.pt'), PosixPath('/nethome/skumar704/flash/FAKEPLANT1_2/latent/frame_00309.pt'), PosixPath('/nethome/skumar704/flash/FAKEPLANT1_2/latent/frame_00311.pt'), PosixPath('/nethome/skumar704/flash/FAKEPLANT1_2/latent/frame_00312.pt'), PosixPath('/nethome/skumar704/flash/FAKEPLANT1_2/latent/frame_00313.pt'), PosixPath('/nethome/skumar704/flash/FAKEPLANT1_2/latent/frame_00314.pt'), PosixPath('/nethome/skumar704/flash/FAKEPLANT1_2/latent/frame_00315.pt'), PosixPath('/nethome/skumar704/flash/FAKEPLANT1_2/latent/frame_00316.pt'), PosixPath('/nethome/skumar704/flash/FAKEPLANT1_2/latent/frame_00317.pt'), PosixPath('/nethome/skumar704/flash/FAKEPLANT1_2/latent/frame_00318.pt'), PosixPath('/nethome/skumar704/flash/FAKEPLANT1_2/latent/frame_00319.pt'), PosixPath('/nethome/skumar704/flash/FAKEPLANT1_2/latent/frame_00321.pt'), PosixPath('/nethome/skumar704/flash/FAKEPLANT1_2/latent/frame_00322.pt'), PosixPath('/nethome/skumar704/flash/FAKEPLANT1_2/latent/frame_00323.pt'), PosixPath('/nethome/skumar704/flash/FAKEPLANT1_2/latent/frame_00324.pt'), PosixPath('/nethome/skumar704/flash/FAKEPLANT1_2/latent/frame_00325.pt'), PosixPath('/nethome/skumar704/flash/FAKEPLANT1_2/latent/frame_00326.pt'), PosixPath('/nethome/skumar704/flash/FAKEPLANT1_2/latent/frame_00327.pt'), PosixPath('/nethome/skumar704/flash/FAKEPLANT1_2/latent/frame_00328.pt'), PosixPath('/nethome/skumar704/flash/FAKEPLANT1_2/latent/frame_00329.pt'), PosixPath('/nethome/skumar704/flash/FAKEPLANT1_2/latent/frame_00331.pt'), PosixPath('/nethome/skumar704/flash/FAKEPLANT1_2/latent/frame_00332.pt'), PosixPath('/nethome/skumar704/flash/FAKEPLANT1_2/latent/frame_00333.pt'), PosixPath('/nethome/skumar704/flash/FAKEPLANT1_2/latent/frame_00334.pt'), PosixPath('/nethome/skumar704/flash/FAKEPLANT1_2/latent/frame_00335.pt'), PosixPath('/nethome/skumar704/flash/FAKEPLANT1_2/latent/frame_00336.pt'), PosixPath('/nethome/skumar704/flash/FAKEPLANT1_2/latent/frame_00337.pt'), PosixPath('/nethome/skumar704/flash/FAKEPLANT1_2/latent/frame_00338.pt'), PosixPath('/nethome/skumar704/flash/FAKEPLANT1_2/latent/frame_00339.pt'), PosixPath('/nethome/skumar704/flash/FAKEPLANT1_2/latent/frame_00341.pt'), PosixPath('/nethome/skumar704/flash/FAKEPLANT1_2/latent/frame_00342.pt'), PosixPath('/nethome/skumar704/flash/FAKEPLANT1_2/latent/frame_00343.pt'), PosixPath('/nethome/skumar704/flash/FAKEPLANT1_2/latent/frame_00344.pt'), PosixPath('/nethome/skumar704/flash/FAKEPLANT1_2/latent/frame_00345.pt'), PosixPath('/nethome/skumar704/flash/FAKEPLANT1_2/latent/frame_00346.pt'), PosixPath('/nethome/skumar704/flash/FAKEPLANT1_2/latent/frame_00347.pt'), PosixPath('/nethome/skumar704/flash/FAKEPLANT1_2/latent/frame_00348.pt'), PosixPath('/nethome/skumar704/flash/FAKEPLANT1_2/latent/frame_00349.pt'), PosixPath('/nethome/skumar704/flash/FAKEPLANT1_2/latent/frame_00351.pt'), PosixPath('/nethome/skumar704/flash/FAKEPLANT1_2/latent/frame_00352.pt'), PosixPath('/nethome/skumar704/flash/FAKEPLANT1_2/latent/frame_00353.pt'), PosixPath('/nethome/skumar704/flash/FAKEPLANT1_2/latent/frame_00354.pt'), PosixPath('/nethome/skumar704/flash/FAKEPLANT1_2/latent/frame_00355.pt'), PosixPath('/nethome/skumar704/flash/FAKEPLANT1_2/latent/frame_00356.pt'), PosixPath('/nethome/skumar704/flash/FAKEPLANT1_2/latent/frame_00357.pt'), PosixPath('/nethome/skumar704/flash/FAKEPLANT1_2/latent/frame_00358.pt'), PosixPath('/nethome/skumar704/flash/FAKEPLANT1_2/latent/frame_00360.pt')]
[PosixPath('/nethome/skumar704/flash/FAKEPLANT1_2/latent/frame_00010.pt'), PosixPath('/nethome/skumar704/flash/FAKEPLANT1_2/latent/frame_00020.pt'), PosixPath('/nethome/skumar704/flash/FAKEPLANT1_2/latent/frame_00030.pt'), PosixPath('/nethome/skumar704/flash/FAKEPLANT1_2/latent/frame_00040.pt'), PosixPath('/nethome/skumar704/flash/FAKEPLANT1_2/latent/frame_00050.pt'), PosixPath('/nethome/skumar704/flash/FAKEPLANT1_2/latent/frame_00060.pt'), PosixPath('/nethome/skumar704/flash/FAKEPLANT1_2/latent/frame_00070.pt'), PosixPath('/nethome/skumar704/flash/FAKEPLANT1_2/latent/frame_00080.pt'), PosixPath('/nethome/skumar704/flash/FAKEPLANT1_2/latent/frame_00090.pt'), PosixPath('/nethome/skumar704/flash/FAKEPLANT1_2/latent/frame_00100.pt'), PosixPath('/nethome/skumar704/flash/FAKEPLANT1_2/latent/frame_00110.pt'), PosixPath('/nethome/skumar704/flash/FAKEPLANT1_2/latent/frame_00120.pt'), PosixPath('/nethome/skumar704/flash/FAKEPLANT1_2/latent/frame_00130.pt'), PosixPath('/nethome/skumar704/flash/FAKEPLANT1_2/latent/frame_00140.pt'), PosixPath('/nethome/skumar704/flash/FAKEPLANT1_2/latent/frame_00150.pt'), PosixPath('/nethome/skumar704/flash/FAKEPLANT1_2/latent/frame_00160.pt'), PosixPath('/nethome/skumar704/flash/FAKEPLANT1_2/latent/frame_00170.pt'), PosixPath('/nethome/skumar704/flash/FAKEPLANT1_2/latent/frame_00180.pt'), PosixPath('/nethome/skumar704/flash/FAKEPLANT1_2/latent/frame_00190.pt'), PosixPath('/nethome/skumar704/flash/FAKEPLANT1_2/latent/frame_00200.pt'), PosixPath('/nethome/skumar704/flash/FAKEPLANT1_2/latent/frame_00210.pt'), PosixPath('/nethome/skumar704/flash/FAKEPLANT1_2/latent/frame_00220.pt'), PosixPath('/nethome/skumar704/flash/FAKEPLANT1_2/latent/frame_00230.pt'), PosixPath('/nethome/skumar704/flash/FAKEPLANT1_2/latent/frame_00240.pt'), PosixPath('/nethome/skumar704/flash/FAKEPLANT1_2/latent/frame_00250.pt'), PosixPath('/nethome/skumar704/flash/FAKEPLANT1_2/latent/frame_00260.pt'), PosixPath('/nethome/skumar704/flash/FAKEPLANT1_2/latent/frame_00270.pt'), PosixPath('/nethome/skumar704/flash/FAKEPLANT1_2/latent/frame_00280.pt'), PosixPath('/nethome/skumar704/flash/FAKEPLANT1_2/latent/frame_00290.pt'), PosixPath('/nethome/skumar704/flash/FAKEPLANT1_2/latent/frame_00300.pt'), PosixPath('/nethome/skumar704/flash/FAKEPLANT1_2/latent/frame_00310.pt'), PosixPath('/nethome/skumar704/flash/FAKEPLANT1_2/latent/frame_00320.pt'), PosixPath('/nethome/skumar704/flash/FAKEPLANT1_2/latent/frame_00330.pt'), PosixPath('/nethome/skumar704/flash/FAKEPLANT1_2/latent/frame_00340.pt'), PosixPath('/nethome/skumar704/flash/FAKEPLANT1_2/latent/frame_00350.pt'), PosixPath('/nethome/skumar704/flash/FAKEPLANT1_2/latent/frame_00359.pt')]
RGB output channels: [0, 1, 2, 3, 4, 5, 6, 7, 8, 9, 10, 11, 12, 13, 14, 15, 16, 17, 18, 19, 20, 21, 22, 23, 24, 25, 26, 27, 28, 29, 30, 31, 32, 33, 34, 35, 36, 37, 38, 39, 40, 41, 42, 43, 44, 45, 46, 47, 48, 49, 50, 51, 52, 53, 54, 55, 56, 57, 58, 59, 60, 61, 62, 63, 64, 65, 66, 67, 68, 69, 70, 71, 72, 73, 74, 75, 76, 77, 78, 79, 80, 81, 82, 83, 84, 85, 86, 87, 88, 89, 90, 91, 92, 93, 94, 95, 96, 97, 98, 99, 100, 101, 102, 103, 104, 105, 106, 107, 108, 109, 110, 111, 112, 113, 114, 115, 116, 117, 118, 119, 120, 121, 122, 123, 124, 125, 126, 127, 128, 129, 130, 131, 132, 133, 134, 135, 136, 137, 138, 139, 140]
Loaded the model
No Nerfstudio checkpoint to load, so training from scratch.
[1;33mlogging events to: outputs/FAKEPLANT1_2/hyperspectral_splatfacto/[0m[1;33m2025[0m[1;33m-[0m[1;33m03[0m[1;33m-03_160855[0m
[2;36m[16:09:07][0m[2;36m [0mCaching [35m/[0m undistorting train images                                            ]8;id=588508;file:///coc/flash5/skumar704/hyperspectral_3d/nerfstudio/nerfstudio/data/datamanagers/full_images_datamanager.py\[2mfull_images_datamanager.py[0m]8;;\[2m:[0m]8;id=208496;file:///coc/flash5/skumar704/hyperspectral_3d/nerfstudio/nerfstudio/data/datamanagers/full_images_datamanager.py#179\[2m179[0m]8;;\
[?25l[2KCaching / undistorting train images [38;5;237m━━━━━━━━━━━━━━━━━━━━━━━━━━━━━━━[0m [35m  0%[0m [36m-:--:--[0m[2KCaching / undistorting train images [38;5;237m━━━━━━━━━━━━━━━━━━━━━━━━━━━━━━━[0m [35m  0%[0m [36m-:--:--[0m[2KCaching / undistorting train images [38;5;237m━━━━━━━━━━━━━━━━━━━━━━━━━━━━━━━[0m [35m  0%[0m [36m-:--:--[0m[2K/coc/flash5/skumar704/hyperspectral_3d/nerfstudio/nerfstudio/data/datasets/hyper
spectral_dataset.py:69: FutureWarning: You are using `torch.load` with 
`weights_only=False` (the current default value), which uses the default pickle 
module implicitly. It is possible to construct malicious pickle data which will 
execute arbitrary code during unpickling (See 
https://github.com/pytorch/pytorch/blob/main/SECURITY.md#untrusted-models for 
more details). In a future release, the default value for `weights_only` will be
flipped to `True`. This limits the functions that could be executed during 
unpickling. Arbitrary objects will no longer be allowed to be loaded via this 
mode unless they are explicitly allowlisted by the user via 
`torch.serialization.add_safe_globals`. We recommend you start setting 
`weights_only=True` for any use case where you don't have full control of the 
loaded file. Please open an issue on GitHub for any issues related to this 
experimental feature.
  latent_image = torch.load(latent_filepath)
Caching / undistorting train images [38;5;237m━━━━━━━━━━━━━━━━━━━━━━━━━━━━━━━[0m [35m  0%[0m [36m-:--:--[0m[2KCaching / undistorting train images [38;5;237m━━━━━━━━━━━━━━━━━━━━━━━━━━━━━━━[0m [35m  0%[0m [36m-:--:--[0m[2KCaching / undistorting train images [38;5;237m━━━━━━━━━━━━━━━━━━━━━━━━━━━━━━━[0m [35m  0%[0m [36m-:--:--[0m[2KCaching / undistorting train images [38;5;237m━━━━━━━━━━━━━━━━━━━━━━━━━━━━━━━[0m [35m  0%[0m [36m-:--:--[0m[2KCaching / undistorting train images [38;5;237m━━━━━━━━━━━━━━━━━━━━━━━━━━━━━━━[0m [35m  1%[0m [36m-:--:--[0m[2KCaching / undistorting train images [38;5;237m━━━━━━━━━━━━━━━━━━━━━━━━━━━━━━━[0m [35m  1%[0m [36m-:--:--[0m[2KCaching / undistorting train images [38;5;237m━━━━━━━━━━━━━━━━━━━━━━━━━━━━━━━[0m [35m  1%[0m [36m-:--:--[0m[2KCaching / undistorting train images [38;5;237m━━━━━━━━━━━━━━━━━━━━━━━━━━━━━━━[0m [35m  1%[0m [36m-:--:--[0m[2KCaching / undistorting train images [38;5;237m━━━━━━━━━━━━━━━━━━━━━━━━━━━━━━━[0m [35m  1%[0m [36m0:01:05[0m[2KCaching / undistorting train images [38;5;237m━━━━━━━━━━━━━━━━━━━━━━━━━━━━━━━[0m [35m  1%[0m [36m0:01:05[0m[2KCaching / undistorting train images [38;5;237m━━━━━━━━━━━━━━━━━━━━━━━━━━━━━━━[0m [35m  1%[0m [36m0:01:05[0m[2KCaching / undistorting train images [38;5;237m━━━━━━━━━━━━━━━━━━━━━━━━━━━━━━━[0m [35m  1%[0m [36m0:01:05[0m[2KCaching / undistorting train images [38;5;237m━━━━━━━━━━━━━━━━━━━━━━━━━━━━━━━[0m [35m  1%[0m [36m0:01:05[0m[2KCaching / undistorting train images [38;2;249;38;114m╸[0m[38;5;237m━━━━━━━━━━━━━━━━━━━━━━━━━━━━━━[0m [35m  2%[0m [36m0:01:12[0m[2KCaching / undistorting train images [38;2;249;38;114m╸[0m[38;5;237m━━━━━━━━━━━━━━━━━━━━━━━━━━━━━━[0m [35m  2%[0m [36m0:01:12[0m[2KCaching / undistorting train images [38;2;249;38;114m╸[0m[38;5;237m━━━━━━━━━━━━━━━━━━━━━━━━━━━━━━[0m [35m  2%[0m [36m0:01:12[0m[2KCaching / undistorting train images [38;2;249;38;114m╸[0m[38;5;237m━━━━━━━━━━━━━━━━━━━━━━━━━━━━━━[0m [35m  2%[0m [36m0:01:12[0m[2KCaching / undistorting train images [38;2;249;38;114m╸[0m[38;5;237m━━━━━━━━━━━━━━━━━━━━━━━━━━━━━━[0m [35m  2%[0m [36m0:01:12[0m[2KCaching / undistorting train images [38;2;249;38;114m╸[0m[38;5;237m━━━━━━━━━━━━━━━━━━━━━━━━━━━━━━[0m [35m  2%[0m [36m0:01:29[0m[2KCaching / undistorting train images [38;2;249;38;114m╸[0m[38;5;237m━━━━━━━━━━━━━━━━━━━━━━━━━━━━━━[0m [35m  2%[0m [36m0:01:29[0m[2KCaching / undistorting train images [38;2;249;38;114m╸[0m[38;5;237m━━━━━━━━━━━━━━━━━━━━━━━━━━━━━━[0m [35m  2%[0m [36m0:01:29[0m[2KCaching / undistorting train images [38;2;249;38;114m╸[0m[38;5;237m━━━━━━━━━━━━━━━━━━━━━━━━━━━━━━[0m [35m  2%[0m [36m0:01:30[0m[2KCaching / undistorting train images [38;2;249;38;114m╸[0m[38;5;237m━━━━━━━━━━━━━━━━━━━━━━━━━━━━━━[0m [35m  2%[0m [36m0:01:30[0m[2KCaching / undistorting train images [38;2;249;38;114m╸[0m[38;5;237m━━━━━━━━━━━━━━━━━━━━━━━━━━━━━━[0m [35m  2%[0m [36m0:01:30[0m[2KCaching / undistorting train images [38;2;249;38;114m╸[0m[38;5;237m━━━━━━━━━━━━━━━━━━━━━━━━━━━━━━[0m [35m  2%[0m [36m0:01:30[0m[2KCaching / undistorting train images [38;2;249;38;114m╸[0m[38;5;237m━━━━━━━━━━━━━━━━━━━━━━━━━━━━━━[0m [35m  2%[0m [36m0:01:30[0m[2KCaching / undistorting train images [38;2;249;38;114m╸[0m[38;5;237m━━━━━━━━━━━━━━━━━━━━━━━━━━━━━━[0m [35m  2%[0m [36m0:01:30[0m[2KCaching / undistorting train images [38;2;249;38;114m╸[0m[38;5;237m━━━━━━━━━━━━━━━━━━━━━━━━━━━━━━[0m [35m  2%[0m [36m0:01:30[0m[2KCaching / undistorting train images [38;2;249;38;114m╸[0m[38;5;237m━━━━━━━━━━━━━━━━━━━━━━━━━━━━━━[0m [35m  2%[0m [36m0:01:30[0m[2KCaching / undistorting train images [38;2;249;38;114m╸[0m[38;5;237m━━━━━━━━━━━━━━━━━━━━━━━━━━━━━━[0m [35m  3%[0m [36m0:01:39[0m[2KCaching / undistorting train images [38;2;249;38;114m╸[0m[38;5;237m━━━━━━━━━━━━━━━━━━━━━━━━━━━━━━[0m [35m  3%[0m [36m0:01:39[0m[2KCaching / undistorting train images [38;2;249;38;114m╸[0m[38;5;237m━━━━━━━━━━━━━━━━━━━━━━━━━━━━━━[0m [35m  3%[0m [36m0:01:39[0m[2KCaching / undistorting train images [38;2;249;38;114m╸[0m[38;5;237m━━━━━━━━━━━━━━━━━━━━━━━━━━━━━━[0m [35m  3%[0m [36m0:01:39[0m[2KCaching / undistorting train images [38;2;249;38;114m━[0m[38;5;237m╺[0m[38;5;237m━━━━━━━━━━━━━━━━━━━━━━━━━━━━━[0m [35m  3%[0m [36m0:01:41[0m[2KCaching / undistorting train images [38;2;249;38;114m━[0m[38;5;237m╺[0m[38;5;237m━━━━━━━━━━━━━━━━━━━━━━━━━━━━━[0m [35m  4%[0m [36m0:01:34[0m[2KCaching / undistorting train images [38;2;249;38;114m━[0m[38;5;237m╺[0m[38;5;237m━━━━━━━━━━━━━━━━━━━━━━━━━━━━━[0m [35m  4%[0m [36m0:01:34[0m[2KCaching / undistorting train images [38;2;249;38;114m━[0m[38;5;237m╺[0m[38;5;237m━━━━━━━━━━━━━━━━━━━━━━━━━━━━━[0m [35m  4%[0m [36m0:01:34[0m[2KCaching / undistorting train images [38;2;249;38;114m━[0m[38;5;237m╺[0m[38;5;237m━━━━━━━━━━━━━━━━━━━━━━━━━━━━━[0m [35m  4%[0m [36m0:01:34[0m[2KCaching / undistorting train images [38;2;249;38;114m━[0m[38;5;237m╺[0m[38;5;237m━━━━━━━━━━━━━━━━━━━━━━━━━━━━━[0m [35m  4%[0m [36m0:01:34[0m[2KCaching / undistorting train images [38;2;249;38;114m━[0m[38;5;237m╺[0m[38;5;237m━━━━━━━━━━━━━━━━━━━━━━━━━━━━━[0m [35m  4%[0m [36m0:01:34[0m[2KCaching / undistorting train images [38;2;249;38;114m━[0m[38;5;237m╺[0m[38;5;237m━━━━━━━━━━━━━━━━━━━━━━━━━━━━━[0m [35m  4%[0m [36m0:01:34[0m[2KCaching / undistorting train images [38;2;249;38;114m━[0m[38;5;237m╺[0m[38;5;237m━━━━━━━━━━━━━━━━━━━━━━━━━━━━━[0m [35m  4%[0m [36m0:01:45[0m[2KCaching / undistorting train images [38;2;249;38;114m━[0m[38;5;237m╺[0m[38;5;237m━━━━━━━━━━━━━━━━━━━━━━━━━━━━━[0m [35m  4%[0m [36m0:01:39[0m[2KCaching / undistorting train images [38;2;249;38;114m━[0m[38;5;237m╺[0m[38;5;237m━━━━━━━━━━━━━━━━━━━━━━━━━━━━━[0m [35m  4%[0m [36m0:01:39[0m[2KCaching / undistorting train images [38;2;249;38;114m━[0m[38;5;237m╺[0m[38;5;237m━━━━━━━━━━━━━━━━━━━━━━━━━━━━━[0m [35m  4%[0m [36m0:01:39[0m[2KCaching / undistorting train images [38;2;249;38;114m━[0m[38;5;237m╺[0m[38;5;237m━━━━━━━━━━━━━━━━━━━━━━━━━━━━━[0m [35m  4%[0m [36m0:01:39[0m[2KCaching / undistorting train images [38;2;249;38;114m━[0m[38;5;237m╺[0m[38;5;237m━━━━━━━━━━━━━━━━━━━━━━━━━━━━━[0m [35m  5%[0m [36m0:01:40[0m[2KCaching / undistorting train images [38;2;249;38;114m━[0m[38;2;249;38;114m╸[0m[38;5;237m━━━━━━━━━━━━━━━━━━━━━━━━━━━━━[0m [35m  5%[0m [36m0:01:35[0m[2KCaching / undistorting train images [38;2;249;38;114m━[0m[38;2;249;38;114m╸[0m[38;5;237m━━━━━━━━━━━━━━━━━━━━━━━━━━━━━[0m [35m  5%[0m [36m0:01:35[0m[2KCaching / undistorting train images [38;2;249;38;114m━[0m[38;2;249;38;114m╸[0m[38;5;237m━━━━━━━━━━━━━━━━━━━━━━━━━━━━━[0m [35m  5%[0m [36m0:01:35[0m[2KCaching / undistorting train images [38;2;249;38;114m━[0m[38;2;249;38;114m╸[0m[38;5;237m━━━━━━━━━━━━━━━━━━━━━━━━━━━━━[0m [35m  5%[0m [36m0:01:35[0m[2KCaching / undistorting train images [38;2;249;38;114m━[0m[38;2;249;38;114m╸[0m[38;5;237m━━━━━━━━━━━━━━━━━━━━━━━━━━━━━[0m [35m  5%[0m [36m0:01:35[0m[2KCaching / undistorting train images [38;2;249;38;114m━[0m[38;2;249;38;114m╸[0m[38;5;237m━━━━━━━━━━━━━━━━━━━━━━━━━━━━━[0m [35m  5%[0m [36m0:01:35[0m[2KCaching / undistorting train images [38;2;249;38;114m━[0m[38;2;249;38;114m╸[0m[38;5;237m━━━━━━━━━━━━━━━━━━━━━━━━━━━━━[0m [35m  5%[0m [36m0:01:35[0m[2KCaching / undistorting train images [38;2;249;38;114m━[0m[38;2;249;38;114m╸[0m[38;5;237m━━━━━━━━━━━━━━━━━━━━━━━━━━━━━[0m [35m  5%[0m [36m0:01:35[0m[2KCaching / undistorting train images [38;2;249;38;114m━[0m[38;2;249;38;114m╸[0m[38;5;237m━━━━━━━━━━━━━━━━━━━━━━━━━━━━━[0m [35m  5%[0m [36m0:01:45[0m[2KCaching / undistorting train images [38;2;249;38;114m━[0m[38;2;249;38;114m╸[0m[38;5;237m━━━━━━━━━━━━━━━━━━━━━━━━━━━━━[0m [35m  6%[0m [36m0:01:40[0m[2KCaching / undistorting train images [38;2;249;38;114m━[0m[38;2;249;38;114m╸[0m[38;5;237m━━━━━━━━━━━━━━━━━━━━━━━━━━━━━[0m [35m  6%[0m [36m0:01:40[0m[2KCaching / undistorting train images [38;2;249;38;114m━[0m[38;2;249;38;114m╸[0m[38;5;237m━━━━━━━━━━━━━━━━━━━━━━━━━━━━━[0m [35m  6%[0m [36m0:01:37[0m[2KCaching / undistorting train images [38;2;249;38;114m━[0m[38;2;249;38;114m╸[0m[38;5;237m━━━━━━━━━━━━━━━━━━━━━━━━━━━━━[0m [35m  6%[0m [36m0:01:35[0m[2KCaching / undistorting train images [38;2;249;38;114m━[0m[38;2;249;38;114m╸[0m[38;5;237m━━━━━━━━━━━━━━━━━━━━━━━━━━━━━[0m [35m  6%[0m [36m0:01:35[0m[2KCaching / undistorting train images [38;2;249;38;114m━[0m[38;2;249;38;114m╸[0m[38;5;237m━━━━━━━━━━━━━━━━━━━━━━━━━━━━━[0m [35m  6%[0m [36m0:01:35[0m[2KCaching / undistorting train images [38;2;249;38;114m━[0m[38;2;249;38;114m╸[0m[38;5;237m━━━━━━━━━━━━━━━━━━━━━━━━━━━━━[0m [35m  6%[0m [36m0:01:35[0m[2KCaching / undistorting train images [38;2;249;38;114m━[0m[38;2;249;38;114m╸[0m[38;5;237m━━━━━━━━━━━━━━━━━━━━━━━━━━━━━[0m [35m  6%[0m [36m0:01:35[0m[2KCaching / undistorting train images [38;2;249;38;114m━━[0m[38;5;237m╺[0m[38;5;237m━━━━━━━━━━━━━━━━━━━━━━━━━━━━[0m [35m  7%[0m [36m0:01:33[0m[2KCaching / undistorting train images [38;2;249;38;114m━━[0m[38;5;237m╺[0m[38;5;237m━━━━━━━━━━━━━━━━━━━━━━━━━━━━[0m [35m  7%[0m [36m0:01:33[0m[2KCaching / undistorting train images [38;2;249;38;114m━━[0m[38;5;237m╺[0m[38;5;237m━━━━━━━━━━━━━━━━━━━━━━━━━━━━[0m [35m  7%[0m [36m0:01:33[0m[2KCaching / undistorting train images [38;2;249;38;114m━━[0m[38;5;237m╺[0m[38;5;237m━━━━━━━━━━━━━━━━━━━━━━━━━━━━[0m [35m  7%[0m [36m0:01:33[0m[2KCaching / undistorting train images [38;2;249;38;114m━━[0m[38;5;237m╺[0m[38;5;237m━━━━━━━━━━━━━━━━━━━━━━━━━━━━[0m [35m  7%[0m [36m0:01:33[0m[2KCaching / undistorting train images [38;2;249;38;114m━━[0m[38;5;237m╺[0m[38;5;237m━━━━━━━━━━━━━━━━━━━━━━━━━━━━[0m [35m  7%[0m [36m0:01:33[0m[2KCaching / undistorting train images [38;2;249;38;114m━━[0m[38;5;237m╺[0m[38;5;237m━━━━━━━━━━━━━━━━━━━━━━━━━━━━[0m [35m  7%[0m [36m0:01:33[0m[2KCaching / undistorting train images [38;2;249;38;114m━━[0m[38;5;237m╺[0m[38;5;237m━━━━━━━━━━━━━━━━━━━━━━━━━━━━[0m [35m  7%[0m [36m0:01:33[0m[2KCaching / undistorting train images [38;2;249;38;114m━━[0m[38;5;237m╺[0m[38;5;237m━━━━━━━━━━━━━━━━━━━━━━━━━━━━[0m [35m  7%[0m [36m0:01:33[0m[2KCaching / undistorting train images [38;2;249;38;114m━━[0m[38;5;237m╺[0m[38;5;237m━━━━━━━━━━━━━━━━━━━━━━━━━━━━[0m [35m  7%[0m [36m0:01:33[0m[2KCaching / undistorting train images [38;2;249;38;114m━━[0m[38;5;237m╺[0m[38;5;237m━━━━━━━━━━━━━━━━━━━━━━━━━━━━[0m [35m  7%[0m [36m0:01:42[0m[2KCaching / undistorting train images [38;2;249;38;114m━━[0m[38;5;237m╺[0m[38;5;237m━━━━━━━━━━━━━━━━━━━━━━━━━━━━[0m [35m  7%[0m [36m0:01:39[0m[2KCaching / undistorting train images [38;2;249;38;114m━━[0m[38;5;237m╺[0m[38;5;237m━━━━━━━━━━━━━━━━━━━━━━━━━━━━[0m [35m  7%[0m [36m0:01:39[0m[2KCaching / undistorting train images [38;2;249;38;114m━━[0m[38;5;237m╺[0m[38;5;237m━━━━━━━━━━━━━━━━━━━━━━━━━━━━[0m [35m  7%[0m [36m0:01:39[0m[2KCaching / undistorting train images [38;2;249;38;114m━━[0m[38;5;237m╺[0m[38;5;237m━━━━━━━━━━━━━━━━━━━━━━━━━━━━[0m [35m  8%[0m [36m0:01:38[0m[2KCaching / undistorting train images [38;2;249;38;114m━━[0m[38;5;237m╺[0m[38;5;237m━━━━━━━━━━━━━━━━━━━━━━━━━━━━[0m [35m  8%[0m [36m0:01:38[0m[2KCaching / undistorting train images [38;2;249;38;114m━━[0m[38;5;237m╺[0m[38;5;237m━━━━━━━━━━━━━━━━━━━━━━━━━━━━[0m [35m  8%[0m [36m0:01:36[0m[2KCaching / undistorting train images [38;2;249;38;114m━━[0m[38;5;237m╺[0m[38;5;237m━━━━━━━━━━━━━━━━━━━━━━━━━━━━[0m [35m  8%[0m [36m0:01:36[0m[2KCaching / undistorting train images [38;2;249;38;114m━━[0m[38;5;237m╺[0m[38;5;237m━━━━━━━━━━━━━━━━━━━━━━━━━━━━[0m [35m  8%[0m [36m0:01:36[0m[2KCaching / undistorting train images [38;2;249;38;114m━━[0m[38;5;237m╺[0m[38;5;237m━━━━━━━━━━━━━━━━━━━━━━━━━━━━[0m [35m  8%[0m [36m0:01:36[0m[2KCaching / undistorting train images [38;2;249;38;114m━━[0m[38;2;249;38;114m╸[0m[38;5;237m━━━━━━━━━━━━━━━━━━━━━━━━━━━━[0m [35m  8%[0m [36m0:01:37[0m[2KCaching / undistorting train images [38;2;249;38;114m━━[0m[38;2;249;38;114m╸[0m[38;5;237m━━━━━━━━━━━━━━━━━━━━━━━━━━━━[0m [35m  9%[0m [36m0:01:34[0m[2KCaching / undistorting train images [38;2;249;38;114m━━[0m[38;2;249;38;114m╸[0m[38;5;237m━━━━━━━━━━━━━━━━━━━━━━━━━━━━[0m [35m  9%[0m [36m0:01:34[0m[2KCaching / undistorting train images [38;2;249;38;114m━━[0m[38;2;249;38;114m╸[0m[38;5;237m━━━━━━━━━━━━━━━━━━━━━━━━━━━━[0m [35m  9%[0m [36m0:01:34[0m[2KCaching / undistorting train images [38;2;249;38;114m━━[0m[38;2;249;38;114m╸[0m[38;5;237m━━━━━━━━━━━━━━━━━━━━━━━━━━━━[0m [35m  9%[0m [36m0:01:34[0m[2KCaching / undistorting train images [38;2;249;38;114m━━[0m[38;2;249;38;114m╸[0m[38;5;237m━━━━━━━━━━━━━━━━━━━━━━━━━━━━[0m [35m  9%[0m [36m0:01:34[0m[2KCaching / undistorting train images [38;2;249;38;114m━━[0m[38;2;249;38;114m╸[0m[38;5;237m━━━━━━━━━━━━━━━━━━━━━━━━━━━━[0m [35m  9%[0m [36m0:01:36[0m[2KCaching / undistorting train images [38;2;249;38;114m━━[0m[38;2;249;38;114m╸[0m[38;5;237m━━━━━━━━━━━━━━━━━━━━━━━━━━━━[0m [35m  9%[0m [36m0:01:33[0m[2KCaching / undistorting train images [38;2;249;38;114m━━[0m[38;2;249;38;114m╸[0m[38;5;237m━━━━━━━━━━━━━━━━━━━━━━━━━━━━[0m [35m  9%[0m [36m0:01:33[0m[2KCaching / undistorting train images [38;2;249;38;114m━━[0m[38;2;249;38;114m╸[0m[38;5;237m━━━━━━━━━━━━━━━━━━━━━━━━━━━━[0m [35m  9%[0m [36m0:01:33[0m[2KCaching / undistorting train images [38;2;249;38;114m━━[0m[38;2;249;38;114m╸[0m[38;5;237m━━━━━━━━━━━━━━━━━━━━━━━━━━━━[0m [35m  9%[0m [36m0:01:33[0m[2KCaching / undistorting train images [38;2;249;38;114m━━[0m[38;2;249;38;114m╸[0m[38;5;237m━━━━━━━━━━━━━━━━━━━━━━━━━━━━[0m [35m  9%[0m [36m0:01:33[0m[2KCaching / undistorting train images [38;2;249;38;114m━━[0m[38;2;249;38;114m╸[0m[38;5;237m━━━━━━━━━━━━━━━━━━━━━━━━━━━━[0m [35m  9%[0m [36m0:01:33[0m[2KCaching / undistorting train images [38;2;249;38;114m━━[0m[38;2;249;38;114m╸[0m[38;5;237m━━━━━━━━━━━━━━━━━━━━━━━━━━━━[0m [35m  9%[0m [36m0:01:33[0m[2KCaching / undistorting train images [38;2;249;38;114m━━[0m[38;2;249;38;114m╸[0m[38;5;237m━━━━━━━━━━━━━━━━━━━━━━━━━━━━[0m [35m 10%[0m [36m0:01:37[0m[2KCaching / undistorting train images [38;2;249;38;114m━━[0m[38;2;249;38;114m╸[0m[38;5;237m━━━━━━━━━━━━━━━━━━━━━━━━━━━━[0m [35m 10%[0m [36m0:01:37[0m[2KCaching / undistorting train images [38;2;249;38;114m━━[0m[38;2;249;38;114m╸[0m[38;5;237m━━━━━━━━━━━━━━━━━━━━━━━━━━━━[0m [35m 10%[0m [36m0:01:37[0m[2KCaching / undistorting train images [38;2;249;38;114m━━━[0m[38;5;237m╺[0m[38;5;237m━━━━━━━━━━━━━━━━━━━━━━━━━━━[0m [35m 10%[0m [36m0:01:36[0m[2KCaching / undistorting train images [38;2;249;38;114m━━━[0m[38;5;237m╺[0m[38;5;237m━━━━━━━━━━━━━━━━━━━━━━━━━━━[0m [35m 10%[0m [36m0:01:36[0m[2KCaching / undistorting train images [38;2;249;38;114m━━━[0m[38;5;237m╺[0m[38;5;237m━━━━━━━━━━━━━━━━━━━━━━━━━━━[0m [35m 10%[0m [36m0:01:36[0m[2KCaching / undistorting train images [38;2;249;38;114m━━━[0m[38;5;237m╺[0m[38;5;237m━━━━━━━━━━━━━━━━━━━━━━━━━━━[0m [35m 10%[0m [36m0:01:35[0m[2KCaching / undistorting train images [38;2;249;38;114m━━━[0m[38;5;237m╺[0m[38;5;237m━━━━━━━━━━━━━━━━━━━━━━━━━━━[0m [35m 10%[0m [36m0:01:33[0m[2KCaching / undistorting train images [38;2;249;38;114m━━━[0m[38;5;237m╺[0m[38;5;237m━━━━━━━━━━━━━━━━━━━━━━━━━━━[0m [35m 10%[0m [36m0:01:33[0m[2KCaching / undistorting train images [38;2;249;38;114m━━━[0m[38;5;237m╺[0m[38;5;237m━━━━━━━━━━━━━━━━━━━━━━━━━━━[0m [35m 10%[0m [36m0:01:33[0m[2KCaching / undistorting train images [38;2;249;38;114m━━━[0m[38;5;237m╺[0m[38;5;237m━━━━━━━━━━━━━━━━━━━━━━━━━━━[0m [35m 10%[0m [36m0:01:33[0m[2KCaching / undistorting train images [38;2;249;38;114m━━━[0m[38;5;237m╺[0m[38;5;237m━━━━━━━━━━━━━━━━━━━━━━━━━━━[0m [35m 11%[0m [36m0:01:33[0m[2KCaching / undistorting train images [38;2;249;38;114m━━━[0m[38;5;237m╺[0m[38;5;237m━━━━━━━━━━━━━━━━━━━━━━━━━━━[0m [35m 11%[0m [36m0:01:31[0m[2KCaching / undistorting train images [38;2;249;38;114m━━━[0m[38;5;237m╺[0m[38;5;237m━━━━━━━━━━━━━━━━━━━━━━━━━━━[0m [35m 11%[0m [36m0:01:31[0m[2KCaching / undistorting train images [38;2;249;38;114m━━━[0m[38;5;237m╺[0m[38;5;237m━━━━━━━━━━━━━━━━━━━━━━━━━━━[0m [35m 11%[0m [36m0:01:31[0m[2KCaching / undistorting train images [38;2;249;38;114m━━━[0m[38;5;237m╺[0m[38;5;237m━━━━━━━━━━━━━━━━━━━━━━━━━━━[0m [35m 11%[0m [36m0:01:31[0m[2KCaching / undistorting train images [38;2;249;38;114m━━━[0m[38;5;237m╺[0m[38;5;237m━━━━━━━━━━━━━━━━━━━━━━━━━━━[0m [35m 11%[0m [36m0:01:31[0m[2KCaching / undistorting train images [38;2;249;38;114m━━━[0m[38;2;249;38;114m╸[0m[38;5;237m━━━━━━━━━━━━━━━━━━━━━━━━━━━[0m [35m 12%[0m [36m0:01:30[0m[2KCaching / undistorting train images [38;2;249;38;114m━━━[0m[38;2;249;38;114m╸[0m[38;5;237m━━━━━━━━━━━━━━━━━━━━━━━━━━━[0m [35m 12%[0m [36m0:01:30[0m[2KCaching / undistorting train images [38;2;249;38;114m━━━[0m[38;2;249;38;114m╸[0m[38;5;237m━━━━━━━━━━━━━━━━━━━━━━━━━━━[0m [35m 12%[0m [36m0:01:30[0m[2KCaching / undistorting train images [38;2;249;38;114m━━━[0m[38;2;249;38;114m╸[0m[38;5;237m━━━━━━━━━━━━━━━━━━━━━━━━━━━[0m [35m 12%[0m [36m0:01:30[0m[2KCaching / undistorting train images [38;2;249;38;114m━━━[0m[38;2;249;38;114m╸[0m[38;5;237m━━━━━━━━━━━━━━━━━━━━━━━━━━━[0m [35m 12%[0m [36m0:01:30[0m[2KCaching / undistorting train images [38;2;249;38;114m━━━[0m[38;2;249;38;114m╸[0m[38;5;237m━━━━━━━━━━━━━━━━━━━━━━━━━━━[0m [35m 12%[0m [36m0:01:28[0m[2KCaching / undistorting train images [38;2;249;38;114m━━━[0m[38;2;249;38;114m╸[0m[38;5;237m━━━━━━━━━━━━━━━━━━━━━━━━━━━[0m [35m 12%[0m [36m0:01:28[0m[2KCaching / undistorting train images [38;2;249;38;114m━━━[0m[38;2;249;38;114m╸[0m[38;5;237m━━━━━━━━━━━━━━━━━━━━━━━━━━━[0m [35m 12%[0m [36m0:01:28[0m[2KCaching / undistorting train images [38;2;249;38;114m━━━[0m[38;2;249;38;114m╸[0m[38;5;237m━━━━━━━━━━━━━━━━━━━━━━━━━━━[0m [35m 12%[0m [36m0:01:28[0m[2KCaching / undistorting train images [38;2;249;38;114m━━━[0m[38;2;249;38;114m╸[0m[38;5;237m━━━━━━━━━━━━━━━━━━━━━━━━━━━[0m [35m 12%[0m [36m0:01:28[0m[2KCaching / undistorting train images [38;2;249;38;114m━━━━[0m[38;5;237m╺[0m[38;5;237m━━━━━━━━━━━━━━━━━━━━━━━━━━[0m [35m 13%[0m [36m0:01:27[0m[2KCaching / undistorting train images [38;2;249;38;114m━━━━[0m[38;5;237m╺[0m[38;5;237m━━━━━━━━━━━━━━━━━━━━━━━━━━[0m [35m 13%[0m [36m0:01:27[0m[2KCaching / undistorting train images [38;2;249;38;114m━━━━[0m[38;5;237m╺[0m[38;5;237m━━━━━━━━━━━━━━━━━━━━━━━━━━[0m [35m 13%[0m [36m0:01:27[0m[2KCaching / undistorting train images [38;2;249;38;114m━━━━[0m[38;5;237m╺[0m[38;5;237m━━━━━━━━━━━━━━━━━━━━━━━━━━[0m [35m 13%[0m [36m0:01:27[0m[2KCaching / undistorting train images [38;2;249;38;114m━━━━[0m[38;5;237m╺[0m[38;5;237m━━━━━━━━━━━━━━━━━━━━━━━━━━[0m [35m 13%[0m [36m0:01:27[0m[2KCaching / undistorting train images [38;2;249;38;114m━━━━[0m[38;5;237m╺[0m[38;5;237m━━━━━━━━━━━━━━━━━━━━━━━━━━[0m [35m 13%[0m [36m0:01:28[0m[2KCaching / undistorting train images [38;2;249;38;114m━━━━[0m[38;5;237m╺[0m[38;5;237m━━━━━━━━━━━━━━━━━━━━━━━━━━[0m [35m 14%[0m [36m0:01:27[0m[2KCaching / undistorting train images [38;2;249;38;114m━━━━[0m[38;5;237m╺[0m[38;5;237m━━━━━━━━━━━━━━━━━━━━━━━━━━[0m [35m 14%[0m [36m0:01:27[0m[2KCaching / undistorting train images [38;2;249;38;114m━━━━[0m[38;5;237m╺[0m[38;5;237m━━━━━━━━━━━━━━━━━━━━━━━━━━[0m [35m 14%[0m [36m0:01:27[0m[2KCaching / undistorting train images [38;2;249;38;114m━━━━[0m[38;5;237m╺[0m[38;5;237m━━━━━━━━━━━━━━━━━━━━━━━━━━[0m [35m 14%[0m [36m0:01:27[0m[2KCaching / undistorting train images [38;2;249;38;114m━━━━[0m[38;5;237m╺[0m[38;5;237m━━━━━━━━━━━━━━━━━━━━━━━━━━[0m [35m 14%[0m [36m0:01:27[0m[2KCaching / undistorting train images [38;2;249;38;114m━━━━[0m[38;5;237m╺[0m[38;5;237m━━━━━━━━━━━━━━━━━━━━━━━━━━[0m [35m 14%[0m [36m0:01:25[0m[2KCaching / undistorting train images [38;2;249;38;114m━━━━[0m[38;5;237m╺[0m[38;5;237m━━━━━━━━━━━━━━━━━━━━━━━━━━[0m [35m 14%[0m [36m0:01:25[0m[2KCaching / undistorting train images [38;2;249;38;114m━━━━[0m[38;5;237m╺[0m[38;5;237m━━━━━━━━━━━━━━━━━━━━━━━━━━[0m [35m 14%[0m [36m0:01:25[0m[2KCaching / undistorting train images [38;2;249;38;114m━━━━[0m[38;5;237m╺[0m[38;5;237m━━━━━━━━━━━━━━━━━━━━━━━━━━[0m [35m 14%[0m [36m0:01:25[0m[2KCaching / undistorting train images [38;2;249;38;114m━━━━[0m[38;5;237m╺[0m[38;5;237m━━━━━━━━━━━━━━━━━━━━━━━━━━[0m [35m 14%[0m [36m0:01:25[0m[2KCaching / undistorting train images [38;2;249;38;114m━━━━[0m[38;2;249;38;114m╸[0m[38;5;237m━━━━━━━━━━━━━━━━━━━━━━━━━━[0m [35m 15%[0m [36m0:01:24[0m[2KCaching / undistorting train images [38;2;249;38;114m━━━━[0m[38;2;249;38;114m╸[0m[38;5;237m━━━━━━━━━━━━━━━━━━━━━━━━━━[0m [35m 15%[0m [36m0:01:24[0m[2KCaching / undistorting train images [38;2;249;38;114m━━━━[0m[38;2;249;38;114m╸[0m[38;5;237m━━━━━━━━━━━━━━━━━━━━━━━━━━[0m [35m 15%[0m [36m0:01:24[0m[2KCaching / undistorting train images [38;2;249;38;114m━━━━[0m[38;2;249;38;114m╸[0m[38;5;237m━━━━━━━━━━━━━━━━━━━━━━━━━━[0m [35m 15%[0m [36m0:01:24[0m[2KCaching / undistorting train images [38;2;249;38;114m━━━━[0m[38;2;249;38;114m╸[0m[38;5;237m━━━━━━━━━━━━━━━━━━━━━━━━━━[0m [35m 15%[0m [36m0:01:24[0m[2KCaching / undistorting train images [38;2;249;38;114m━━━━[0m[38;2;249;38;114m╸[0m[38;5;237m━━━━━━━━━━━━━━━━━━━━━━━━━━[0m [35m 15%[0m [36m0:01:24[0m[2KCaching / undistorting train images [38;2;249;38;114m━━━━[0m[38;2;249;38;114m╸[0m[38;5;237m━━━━━━━━━━━━━━━━━━━━━━━━━━[0m [35m 15%[0m [36m0:01:25[0m[2KCaching / undistorting train images [38;2;249;38;114m━━━━[0m[38;2;249;38;114m╸[0m[38;5;237m━━━━━━━━━━━━━━━━━━━━━━━━━━[0m [35m 15%[0m [36m0:01:24[0m[2KCaching / undistorting train images [38;2;249;38;114m━━━━[0m[38;2;249;38;114m╸[0m[38;5;237m━━━━━━━━━━━━━━━━━━━━━━━━━━[0m [35m 15%[0m [36m0:01:24[0m[2KCaching / undistorting train images [38;2;249;38;114m━━━━[0m[38;2;249;38;114m╸[0m[38;5;237m━━━━━━━━━━━━━━━━━━━━━━━━━━[0m [35m 15%[0m [36m0:01:24[0m[2KCaching / undistorting train images [38;2;249;38;114m━━━━[0m[38;2;249;38;114m╸[0m[38;5;237m━━━━━━━━━━━━━━━━━━━━━━━━━━[0m [35m 15%[0m [36m0:01:24[0m[2KCaching / undistorting train images [38;2;249;38;114m━━━━[0m[38;2;249;38;114m╸[0m[38;5;237m━━━━━━━━━━━━━━━━━━━━━━━━━━[0m [35m 15%[0m [36m0:01:24[0m[2KCaching / undistorting train images [38;2;249;38;114m━━━━[0m[38;2;249;38;114m╸[0m[38;5;237m━━━━━━━━━━━━━━━━━━━━━━━━━━[0m [35m 15%[0m [36m0:01:24[0m[2KCaching / undistorting train images [38;2;249;38;114m━━━━[0m[38;2;249;38;114m╸[0m[38;5;237m━━━━━━━━━━━━━━━━━━━━━━━━━━[0m [35m 15%[0m [36m0:01:24[0m[2KCaching / undistorting train images [38;2;249;38;114m━━━━[0m[38;2;249;38;114m╸[0m[38;5;237m━━━━━━━━━━━━━━━━━━━━━━━━━━[0m [35m 15%[0m [36m0:01:24[0m[2KCaching / undistorting train images [38;2;249;38;114m━━━━[0m[38;2;249;38;114m╸[0m[38;5;237m━━━━━━━━━━━━━━━━━━━━━━━━━━[0m [35m 16%[0m [36m0:01:26[0m[2KCaching / undistorting train images [38;2;249;38;114m━━━━[0m[38;2;249;38;114m╸[0m[38;5;237m━━━━━━━━━━━━━━━━━━━━━━━━━━[0m [35m 16%[0m [36m0:01:25[0m[2KCaching / undistorting train images [38;2;249;38;114m━━━━[0m[38;2;249;38;114m╸[0m[38;5;237m━━━━━━━━━━━━━━━━━━━━━━━━━━[0m [35m 16%[0m [36m0:01:25[0m[2KCaching / undistorting train images [38;2;249;38;114m━━━━[0m[38;2;249;38;114m╸[0m[38;5;237m━━━━━━━━━━━━━━━━━━━━━━━━━━[0m [35m 16%[0m [36m0:01:25[0m[2KCaching / undistorting train images [38;2;249;38;114m━━━━[0m[38;2;249;38;114m╸[0m[38;5;237m━━━━━━━━━━━━━━━━━━━━━━━━━━[0m [35m 16%[0m [36m0:01:25[0m[2KCaching / undistorting train images [38;2;249;38;114m━━━━[0m[38;2;249;38;114m╸[0m[38;5;237m━━━━━━━━━━━━━━━━━━━━━━━━━━[0m [35m 16%[0m [36m0:01:25[0m[2KCaching / undistorting train images [38;2;249;38;114m━━━━[0m[38;2;249;38;114m╸[0m[38;5;237m━━━━━━━━━━━━━━━━━━━━━━━━━━[0m [35m 16%[0m [36m0:01:25[0m[2KCaching / undistorting train images [38;2;249;38;114m━━━━━[0m[38;5;237m╺[0m[38;5;237m━━━━━━━━━━━━━━━━━━━━━━━━━[0m [35m 16%[0m [36m0:01:26[0m[2KCaching / undistorting train images [38;2;249;38;114m━━━━━[0m[38;5;237m╺[0m[38;5;237m━━━━━━━━━━━━━━━━━━━━━━━━━[0m [35m 17%[0m [36m0:01:25[0m[2KCaching / undistorting train images [38;2;249;38;114m━━━━━[0m[38;5;237m╺[0m[38;5;237m━━━━━━━━━━━━━━━━━━━━━━━━━[0m [35m 17%[0m [36m0:01:25[0m[2KCaching / undistorting train images [38;2;249;38;114m━━━━━[0m[38;5;237m╺[0m[38;5;237m━━━━━━━━━━━━━━━━━━━━━━━━━[0m [35m 17%[0m [36m0:01:25[0m[2KCaching / undistorting train images [38;2;249;38;114m━━━━━[0m[38;5;237m╺[0m[38;5;237m━━━━━━━━━━━━━━━━━━━━━━━━━[0m [35m 17%[0m [36m0:01:25[0m[2KCaching / undistorting train images [38;2;249;38;114m━━━━━[0m[38;5;237m╺[0m[38;5;237m━━━━━━━━━━━━━━━━━━━━━━━━━[0m [35m 17%[0m [36m0:01:25[0m[2KCaching / undistorting train images [38;2;249;38;114m━━━━━[0m[38;5;237m╺[0m[38;5;237m━━━━━━━━━━━━━━━━━━━━━━━━━[0m [35m 17%[0m [36m0:01:23[0m[2KCaching / undistorting train images [38;2;249;38;114m━━━━━[0m[38;5;237m╺[0m[38;5;237m━━━━━━━━━━━━━━━━━━━━━━━━━[0m [35m 17%[0m [36m0:01:23[0m[2KCaching / undistorting train images [38;2;249;38;114m━━━━━[0m[38;5;237m╺[0m[38;5;237m━━━━━━━━━━━━━━━━━━━━━━━━━[0m [35m 17%[0m [36m0:01:23[0m[2KCaching / undistorting train images [38;2;249;38;114m━━━━━[0m[38;5;237m╺[0m[38;5;237m━━━━━━━━━━━━━━━━━━━━━━━━━[0m [35m 17%[0m [36m0:01:23[0m[2KCaching / undistorting train images [38;2;249;38;114m━━━━━[0m[38;5;237m╺[0m[38;5;237m━━━━━━━━━━━━━━━━━━━━━━━━━[0m [35m 18%[0m [36m0:01:24[0m[2KCaching / undistorting train images [38;2;249;38;114m━━━━━[0m[38;2;249;38;114m╸[0m[38;5;237m━━━━━━━━━━━━━━━━━━━━━━━━━[0m [35m 18%[0m [36m0:01:22[0m[2KCaching / undistorting train images [38;2;249;38;114m━━━━━[0m[38;2;249;38;114m╸[0m[38;5;237m━━━━━━━━━━━━━━━━━━━━━━━━━[0m [35m 18%[0m [36m0:01:22[0m[2KCaching / undistorting train images [38;2;249;38;114m━━━━━[0m[38;2;249;38;114m╸[0m[38;5;237m━━━━━━━━━━━━━━━━━━━━━━━━━[0m [35m 18%[0m [36m0:01:22[0m[2KCaching / undistorting train images [38;2;249;38;114m━━━━━[0m[38;2;249;38;114m╸[0m[38;5;237m━━━━━━━━━━━━━━━━━━━━━━━━━[0m [35m 18%[0m [36m0:01:22[0m[2KCaching / undistorting train images [38;2;249;38;114m━━━━━[0m[38;2;249;38;114m╸[0m[38;5;237m━━━━━━━━━━━━━━━━━━━━━━━━━[0m [35m 18%[0m [36m0:01:22[0m[2KCaching / undistorting train images [38;2;249;38;114m━━━━━[0m[38;2;249;38;114m╸[0m[38;5;237m━━━━━━━━━━━━━━━━━━━━━━━━━[0m [35m 18%[0m [36m0:01:23[0m[2KCaching / undistorting train images [38;2;249;38;114m━━━━━[0m[38;2;249;38;114m╸[0m[38;5;237m━━━━━━━━━━━━━━━━━━━━━━━━━[0m [35m 19%[0m [36m0:01:22[0m[2KCaching / undistorting train images [38;2;249;38;114m━━━━━[0m[38;2;249;38;114m╸[0m[38;5;237m━━━━━━━━━━━━━━━━━━━━━━━━━[0m [35m 19%[0m [36m0:01:22[0m[2KCaching / undistorting train images [38;2;249;38;114m━━━━━[0m[38;2;249;38;114m╸[0m[38;5;237m━━━━━━━━━━━━━━━━━━━━━━━━━[0m [35m 19%[0m [36m0:01:22[0m[2KCaching / undistorting train images [38;2;249;38;114m━━━━━[0m[38;2;249;38;114m╸[0m[38;5;237m━━━━━━━━━━━━━━━━━━━━━━━━━[0m [35m 19%[0m [36m0:01:22[0m[2KCaching / undistorting train images [38;2;249;38;114m━━━━━[0m[38;2;249;38;114m╸[0m[38;5;237m━━━━━━━━━━━━━━━━━━━━━━━━━[0m [35m 19%[0m [36m0:01:21[0m[2KCaching / undistorting train images [38;2;249;38;114m━━━━━[0m[38;2;249;38;114m╸[0m[38;5;237m━━━━━━━━━━━━━━━━━━━━━━━━━[0m [35m 19%[0m [36m0:01:21[0m[2KCaching / undistorting train images [38;2;249;38;114m━━━━━[0m[38;2;249;38;114m╸[0m[38;5;237m━━━━━━━━━━━━━━━━━━━━━━━━━[0m [35m 19%[0m [36m0:01:21[0m[2KCaching / undistorting train images [38;2;249;38;114m━━━━━[0m[38;2;249;38;114m╸[0m[38;5;237m━━━━━━━━━━━━━━━━━━━━━━━━━[0m [35m 19%[0m [36m0:01:21[0m[2KCaching / undistorting train images [38;2;249;38;114m━━━━━[0m[38;2;249;38;114m╸[0m[38;5;237m━━━━━━━━━━━━━━━━━━━━━━━━━[0m [35m 19%[0m [36m0:01:21[0m[2KCaching / undistorting train images [38;2;249;38;114m━━━━━[0m[38;2;249;38;114m╸[0m[38;5;237m━━━━━━━━━━━━━━━━━━━━━━━━━[0m [35m 19%[0m [36m0:01:21[0m[2KCaching / undistorting train images [38;2;249;38;114m━━━━━[0m[38;2;249;38;114m╸[0m[38;5;237m━━━━━━━━━━━━━━━━━━━━━━━━━[0m [35m 19%[0m [36m0:01:21[0m[2KCaching / undistorting train images [38;2;249;38;114m━━━━━━[0m[38;5;237m╺[0m[38;5;237m━━━━━━━━━━━━━━━━━━━━━━━━[0m [35m 19%[0m [36m0:01:22[0m[2KCaching / undistorting train images [38;2;249;38;114m━━━━━━[0m[38;5;237m╺[0m[38;5;237m━━━━━━━━━━━━━━━━━━━━━━━━[0m [35m 20%[0m [36m0:01:21[0m[2KCaching / undistorting train images [38;2;249;38;114m━━━━━━[0m[38;5;237m╺[0m[38;5;237m━━━━━━━━━━━━━━━━━━━━━━━━[0m [35m 20%[0m [36m0:01:21[0m[2KCaching / undistorting train images [38;2;249;38;114m━━━━━━[0m[38;5;237m╺[0m[38;5;237m━━━━━━━━━━━━━━━━━━━━━━━━[0m [35m 20%[0m [36m0:01:21[0m[2KCaching / undistorting train images [38;2;249;38;114m━━━━━━[0m[38;5;237m╺[0m[38;5;237m━━━━━━━━━━━━━━━━━━━━━━━━[0m [35m 20%[0m [36m0:01:21[0m[2KCaching / undistorting train images [38;2;249;38;114m━━━━━━[0m[38;5;237m╺[0m[38;5;237m━━━━━━━━━━━━━━━━━━━━━━━━[0m [35m 20%[0m [36m0:01:21[0m[2KCaching / undistorting train images [38;2;249;38;114m━━━━━━[0m[38;5;237m╺[0m[38;5;237m━━━━━━━━━━━━━━━━━━━━━━━━[0m [35m 20%[0m [36m0:01:21[0m[2KCaching / undistorting train images [38;2;249;38;114m━━━━━━[0m[38;5;237m╺[0m[38;5;237m━━━━━━━━━━━━━━━━━━━━━━━━[0m [35m 20%[0m [36m0:01:22[0m[2KCaching / undistorting train images [38;2;249;38;114m━━━━━━[0m[38;5;237m╺[0m[38;5;237m━━━━━━━━━━━━━━━━━━━━━━━━[0m [35m 20%[0m [36m0:01:20[0m[2KCaching / undistorting train images [38;2;249;38;114m━━━━━━[0m[38;5;237m╺[0m[38;5;237m━━━━━━━━━━━━━━━━━━━━━━━━[0m [35m 20%[0m [36m0:01:20[0m[2KCaching / undistorting train images [38;2;249;38;114m━━━━━━[0m[38;5;237m╺[0m[38;5;237m━━━━━━━━━━━━━━━━━━━━━━━━[0m [35m 20%[0m [36m0:01:20[0m[2KCaching / undistorting train images [38;2;249;38;114m━━━━━━[0m[38;5;237m╺[0m[38;5;237m━━━━━━━━━━━━━━━━━━━━━━━━[0m [35m 20%[0m [36m0:01:20[0m[2KCaching / undistorting train images [38;2;249;38;114m━━━━━━[0m[38;5;237m╺[0m[38;5;237m━━━━━━━━━━━━━━━━━━━━━━━━[0m [35m 20%[0m [36m0:01:20[0m[2KCaching / undistorting train images [38;2;249;38;114m━━━━━━[0m[38;5;237m╺[0m[38;5;237m━━━━━━━━━━━━━━━━━━━━━━━━[0m [35m 21%[0m [36m0:01:21[0m[2KCaching / undistorting train images [38;2;249;38;114m━━━━━━[0m[38;2;249;38;114m╸[0m[38;5;237m━━━━━━━━━━━━━━━━━━━━━━━━[0m [35m 21%[0m [36m0:01:20[0m[2KCaching / undistorting train images [38;2;249;38;114m━━━━━━[0m[38;2;249;38;114m╸[0m[38;5;237m━━━━━━━━━━━━━━━━━━━━━━━━[0m [35m 21%[0m [36m0:01:20[0m[2KCaching / undistorting train images [38;2;249;38;114m━━━━━━[0m[38;2;249;38;114m╸[0m[38;5;237m━━━━━━━━━━━━━━━━━━━━━━━━[0m [35m 21%[0m [36m0:01:20[0m[2KCaching / undistorting train images [38;2;249;38;114m━━━━━━[0m[38;2;249;38;114m╸[0m[38;5;237m━━━━━━━━━━━━━━━━━━━━━━━━[0m [35m 21%[0m [36m0:01:19[0m[2KCaching / undistorting train images [38;2;249;38;114m━━━━━━[0m[38;2;249;38;114m╸[0m[38;5;237m━━━━━━━━━━━━━━━━━━━━━━━━[0m [35m 22%[0m [36m0:01:18[0m[2KCaching / undistorting train images [38;2;249;38;114m━━━━━━[0m[38;2;249;38;114m╸[0m[38;5;237m━━━━━━━━━━━━━━━━━━━━━━━━[0m [35m 22%[0m [36m0:01:18[0m[2KCaching / undistorting train images [38;2;249;38;114m━━━━━━[0m[38;2;249;38;114m╸[0m[38;5;237m━━━━━━━━━━━━━━━━━━━━━━━━[0m [35m 22%[0m [36m0:01:18[0m[2KCaching / undistorting train images [38;2;249;38;114m━━━━━━[0m[38;2;249;38;114m╸[0m[38;5;237m━━━━━━━━━━━━━━━━━━━━━━━━[0m [35m 22%[0m [36m0:01:18[0m[2KCaching / undistorting train images [38;2;249;38;114m━━━━━━[0m[38;2;249;38;114m╸[0m[38;5;237m━━━━━━━━━━━━━━━━━━━━━━━━[0m [35m 22%[0m [36m0:01:18[0m[2KCaching / undistorting train images [38;2;249;38;114m━━━━━━[0m[38;2;249;38;114m╸[0m[38;5;237m━━━━━━━━━━━━━━━━━━━━━━━━[0m [35m 22%[0m [36m0:01:18[0m[2KCaching / undistorting train images [38;2;249;38;114m━━━━━━[0m[38;2;249;38;114m╸[0m[38;5;237m━━━━━━━━━━━━━━━━━━━━━━━━[0m [35m 22%[0m [36m0:01:19[0m[2KCaching / undistorting train images [38;2;249;38;114m━━━━━━[0m[38;2;249;38;114m╸[0m[38;5;237m━━━━━━━━━━━━━━━━━━━━━━━━[0m [35m 22%[0m [36m0:01:18[0m[2KCaching / undistorting train images [38;2;249;38;114m━━━━━━[0m[38;2;249;38;114m╸[0m[38;5;237m━━━━━━━━━━━━━━━━━━━━━━━━[0m [35m 22%[0m [36m0:01:18[0m[2KCaching / undistorting train images [38;2;249;38;114m━━━━━━[0m[38;2;249;38;114m╸[0m[38;5;237m━━━━━━━━━━━━━━━━━━━━━━━━[0m [35m 22%[0m [36m0:01:18[0m[2KCaching / undistorting train images [38;2;249;38;114m━━━━━━[0m[38;2;249;38;114m╸[0m[38;5;237m━━━━━━━━━━━━━━━━━━━━━━━━[0m [35m 22%[0m [36m0:01:18[0m[2KCaching / undistorting train images [38;2;249;38;114m━━━━━━[0m[38;2;249;38;114m╸[0m[38;5;237m━━━━━━━━━━━━━━━━━━━━━━━━[0m [35m 22%[0m [36m0:01:18[0m[2KCaching / undistorting train images [38;2;249;38;114m━━━━━━━[0m[38;5;237m╺[0m[38;5;237m━━━━━━━━━━━━━━━━━━━━━━━[0m [35m 23%[0m [36m0:01:17[0m[2KCaching / undistorting train images [38;2;249;38;114m━━━━━━━[0m[38;5;237m╺[0m[38;5;237m━━━━━━━━━━━━━━━━━━━━━━━[0m [35m 23%[0m [36m0:01:17[0m[2KCaching / undistorting train images [38;2;249;38;114m━━━━━━━[0m[38;5;237m╺[0m[38;5;237m━━━━━━━━━━━━━━━━━━━━━━━[0m [35m 23%[0m [36m0:01:17[0m[2KCaching / undistorting train images [38;2;249;38;114m━━━━━━━[0m[38;5;237m╺[0m[38;5;237m━━━━━━━━━━━━━━━━━━━━━━━[0m [35m 23%[0m [36m0:01:17[0m[2KCaching / undistorting train images [38;2;249;38;114m━━━━━━━[0m[38;5;237m╺[0m[38;5;237m━━━━━━━━━━━━━━━━━━━━━━━[0m [35m 23%[0m [36m0:01:17[0m[2KCaching / undistorting train images [38;2;249;38;114m━━━━━━━[0m[38;5;237m╺[0m[38;5;237m━━━━━━━━━━━━━━━━━━━━━━━[0m [35m 23%[0m [36m0:01:17[0m[2KCaching / undistorting train images [38;2;249;38;114m━━━━━━━[0m[38;5;237m╺[0m[38;5;237m━━━━━━━━━━━━━━━━━━━━━━━[0m [35m 23%[0m [36m0:01:16[0m[2KCaching / undistorting train images [38;2;249;38;114m━━━━━━━[0m[38;5;237m╺[0m[38;5;237m━━━━━━━━━━━━━━━━━━━━━━━[0m [35m 23%[0m [36m0:01:16[0m[2KCaching / undistorting train images [38;2;249;38;114m━━━━━━━[0m[38;5;237m╺[0m[38;5;237m━━━━━━━━━━━━━━━━━━━━━━━[0m [35m 23%[0m [36m0:01:16[0m[2KCaching / undistorting train images [38;2;249;38;114m━━━━━━━[0m[38;5;237m╺[0m[38;5;237m━━━━━━━━━━━━━━━━━━━━━━━[0m [35m 23%[0m [36m0:01:16[0m[2KCaching / undistorting train images [38;2;249;38;114m━━━━━━━[0m[38;5;237m╺[0m[38;5;237m━━━━━━━━━━━━━━━━━━━━━━━[0m [35m 24%[0m [36m0:01:16[0m[2KCaching / undistorting train images [38;2;249;38;114m━━━━━━━[0m[38;5;237m╺[0m[38;5;237m━━━━━━━━━━━━━━━━━━━━━━━[0m [35m 24%[0m [36m0:01:15[0m[2KCaching / undistorting train images [38;2;249;38;114m━━━━━━━[0m[38;5;237m╺[0m[38;5;237m━━━━━━━━━━━━━━━━━━━━━━━[0m [35m 24%[0m [36m0:01:15[0m[2KCaching / undistorting train images [38;2;249;38;114m━━━━━━━[0m[38;5;237m╺[0m[38;5;237m━━━━━━━━━━━━━━━━━━━━━━━[0m [35m 24%[0m [36m0:01:15[0m[2KCaching / undistorting train images [38;2;249;38;114m━━━━━━━[0m[38;5;237m╺[0m[38;5;237m━━━━━━━━━━━━━━━━━━━━━━━[0m [35m 24%[0m [36m0:01:15[0m[2KCaching / undistorting train images [38;2;249;38;114m━━━━━━━[0m[38;5;237m╺[0m[38;5;237m━━━━━━━━━━━━━━━━━━━━━━━[0m [35m 24%[0m [36m0:01:15[0m[2KCaching / undistorting train images [38;2;249;38;114m━━━━━━━[0m[38;2;249;38;114m╸[0m[38;5;237m━━━━━━━━━━━━━━━━━━━━━━━[0m [35m 24%[0m [36m0:01:16[0m[2KCaching / undistorting train images [38;2;249;38;114m━━━━━━━[0m[38;2;249;38;114m╸[0m[38;5;237m━━━━━━━━━━━━━━━━━━━━━━━[0m [35m 25%[0m [36m0:01:15[0m[2KCaching / undistorting train images [38;2;249;38;114m━━━━━━━[0m[38;2;249;38;114m╸[0m[38;5;237m━━━━━━━━━━━━━━━━━━━━━━━[0m [35m 25%[0m [36m0:01:15[0m[2KCaching / undistorting train images [38;2;249;38;114m━━━━━━━[0m[38;2;249;38;114m╸[0m[38;5;237m━━━━━━━━━━━━━━━━━━━━━━━[0m [35m 25%[0m [36m0:01:15[0m[2KCaching / undistorting train images [38;2;249;38;114m━━━━━━━[0m[38;2;249;38;114m╸[0m[38;5;237m━━━━━━━━━━━━━━━━━━━━━━━[0m [35m 25%[0m [36m0:01:14[0m[2KCaching / undistorting train images [38;2;249;38;114m━━━━━━━[0m[38;2;249;38;114m╸[0m[38;5;237m━━━━━━━━━━━━━━━━━━━━━━━[0m [35m 25%[0m [36m0:01:13[0m[2KCaching / undistorting train images [38;2;249;38;114m━━━━━━━[0m[38;2;249;38;114m╸[0m[38;5;237m━━━━━━━━━━━━━━━━━━━━━━━[0m [35m 25%[0m [36m0:01:13[0m[2KCaching / undistorting train images [38;2;249;38;114m━━━━━━━[0m[38;2;249;38;114m╸[0m[38;5;237m━━━━━━━━━━━━━━━━━━━━━━━[0m [35m 25%[0m [36m0:01:13[0m[2KCaching / undistorting train images [38;2;249;38;114m━━━━━━━[0m[38;2;249;38;114m╸[0m[38;5;237m━━━━━━━━━━━━━━━━━━━━━━━[0m [35m 25%[0m [36m0:01:13[0m[2KCaching / undistorting train images [38;2;249;38;114m━━━━━━━[0m[38;2;249;38;114m╸[0m[38;5;237m━━━━━━━━━━━━━━━━━━━━━━━[0m [35m 25%[0m [36m0:01:13[0m[2KCaching / undistorting train images [38;2;249;38;114m━━━━━━━[0m[38;2;249;38;114m╸[0m[38;5;237m━━━━━━━━━━━━━━━━━━━━━━━[0m [35m 26%[0m [36m0:01:14[0m[2KCaching / undistorting train images [38;2;249;38;114m━━━━━━━━[0m[38;5;237m╺[0m[38;5;237m━━━━━━━━━━━━━━━━━━━━━━[0m [35m 26%[0m [36m0:01:13[0m[2KCaching / undistorting train images [38;2;249;38;114m━━━━━━━━[0m[38;5;237m╺[0m[38;5;237m━━━━━━━━━━━━━━━━━━━━━━[0m [35m 26%[0m [36m0:01:13[0m[2KCaching / undistorting train images [38;2;249;38;114m━━━━━━━━[0m[38;5;237m╺[0m[38;5;237m━━━━━━━━━━━━━━━━━━━━━━[0m [35m 26%[0m [36m0:01:13[0m[2KCaching / undistorting train images [38;2;249;38;114m━━━━━━━━[0m[38;5;237m╺[0m[38;5;237m━━━━━━━━━━━━━━━━━━━━━━[0m [35m 26%[0m [36m0:01:13[0m[2KCaching / undistorting train images [38;2;249;38;114m━━━━━━━━[0m[38;5;237m╺[0m[38;5;237m━━━━━━━━━━━━━━━━━━━━━━[0m [35m 26%[0m [36m0:01:13[0m[2KCaching / undistorting train images [38;2;249;38;114m━━━━━━━━[0m[38;5;237m╺[0m[38;5;237m━━━━━━━━━━━━━━━━━━━━━━[0m [35m 27%[0m [36m0:01:12[0m[2KCaching / undistorting train images [38;2;249;38;114m━━━━━━━━[0m[38;5;237m╺[0m[38;5;237m━━━━━━━━━━━━━━━━━━━━━━[0m [35m 27%[0m [36m0:01:12[0m[2KCaching / undistorting train images [38;2;249;38;114m━━━━━━━━[0m[38;5;237m╺[0m[38;5;237m━━━━━━━━━━━━━━━━━━━━━━[0m [35m 27%[0m [36m0:01:12[0m[2KCaching / undistorting train images [38;2;249;38;114m━━━━━━━━[0m[38;5;237m╺[0m[38;5;237m━━━━━━━━━━━━━━━━━━━━━━[0m [35m 27%[0m [36m0:01:12[0m[2KCaching / undistorting train images [38;2;249;38;114m━━━━━━━━[0m[38;5;237m╺[0m[38;5;237m━━━━━━━━━━━━━━━━━━━━━━[0m [35m 27%[0m [36m0:01:12[0m[2KCaching / undistorting train images [38;2;249;38;114m━━━━━━━━[0m[38;5;237m╺[0m[38;5;237m━━━━━━━━━━━━━━━━━━━━━━[0m [35m 27%[0m [36m0:01:12[0m[2KCaching / undistorting train images [38;2;249;38;114m━━━━━━━━[0m[38;5;237m╺[0m[38;5;237m━━━━━━━━━━━━━━━━━━━━━━[0m [35m 27%[0m [36m0:01:12[0m[2KCaching / undistorting train images [38;2;249;38;114m━━━━━━━━[0m[38;5;237m╺[0m[38;5;237m━━━━━━━━━━━━━━━━━━━━━━[0m [35m 27%[0m [36m0:01:12[0m[2KCaching / undistorting train images [38;2;249;38;114m━━━━━━━━[0m[38;5;237m╺[0m[38;5;237m━━━━━━━━━━━━━━━━━━━━━━[0m [35m 27%[0m [36m0:01:12[0m[2KCaching / undistorting train images [38;2;249;38;114m━━━━━━━━[0m[38;5;237m╺[0m[38;5;237m━━━━━━━━━━━━━━━━━━━━━━[0m [35m 27%[0m [36m0:01:12[0m[2KCaching / undistorting train images [38;2;249;38;114m━━━━━━━━[0m[38;5;237m╺[0m[38;5;237m━━━━━━━━━━━━━━━━━━━━━━[0m [35m 27%[0m [36m0:01:12[0m[2KCaching / undistorting train images [38;2;249;38;114m━━━━━━━━[0m[38;5;237m╺[0m[38;5;237m━━━━━━━━━━━━━━━━━━━━━━[0m [35m 27%[0m [36m0:01:12[0m[2KCaching / undistorting train images [38;2;249;38;114m━━━━━━━━[0m[38;2;249;38;114m╸[0m[38;5;237m━━━━━━━━━━━━━━━━━━━━━━[0m [35m 27%[0m [36m0:01:12[0m[2KCaching / undistorting train images [38;2;249;38;114m━━━━━━━━[0m[38;2;249;38;114m╸[0m[38;5;237m━━━━━━━━━━━━━━━━━━━━━━[0m [35m 27%[0m [36m0:01:12[0m[2KCaching / undistorting train images [38;2;249;38;114m━━━━━━━━[0m[38;2;249;38;114m╸[0m[38;5;237m━━━━━━━━━━━━━━━━━━━━━━[0m [35m 27%[0m [36m0:01:12[0m[2KCaching / undistorting train images [38;2;249;38;114m━━━━━━━━[0m[38;2;249;38;114m╸[0m[38;5;237m━━━━━━━━━━━━━━━━━━━━━━[0m [35m 28%[0m [36m0:01:12[0m[2KCaching / undistorting train images [38;2;249;38;114m━━━━━━━━[0m[38;2;249;38;114m╸[0m[38;5;237m━━━━━━━━━━━━━━━━━━━━━━[0m [35m 28%[0m [36m0:01:12[0m[2KCaching / undistorting train images [38;2;249;38;114m━━━━━━━━[0m[38;2;249;38;114m╸[0m[38;5;237m━━━━━━━━━━━━━━━━━━━━━━[0m [35m 28%[0m [36m0:01:12[0m[2KCaching / undistorting train images [38;2;249;38;114m━━━━━━━━[0m[38;2;249;38;114m╸[0m[38;5;237m━━━━━━━━━━━━━━━━━━━━━━[0m [35m 28%[0m [36m0:01:12[0m[2KCaching / undistorting train images [38;2;249;38;114m━━━━━━━━[0m[38;2;249;38;114m╸[0m[38;5;237m━━━━━━━━━━━━━━━━━━━━━━[0m [35m 28%[0m [36m0:01:12[0m[2KCaching / undistorting train images [38;2;249;38;114m━━━━━━━━[0m[38;2;249;38;114m╸[0m[38;5;237m━━━━━━━━━━━━━━━━━━━━━━[0m [35m 28%[0m [36m0:01:12[0m[2KCaching / undistorting train images [38;2;249;38;114m━━━━━━━━[0m[38;2;249;38;114m╸[0m[38;5;237m━━━━━━━━━━━━━━━━━━━━━━[0m [35m 28%[0m [36m0:01:12[0m[2KCaching / undistorting train images [38;2;249;38;114m━━━━━━━━[0m[38;2;249;38;114m╸[0m[38;5;237m━━━━━━━━━━━━━━━━━━━━━━[0m [35m 28%[0m [36m0:01:12[0m[2KCaching / undistorting train images [38;2;249;38;114m━━━━━━━━[0m[38;2;249;38;114m╸[0m[38;5;237m━━━━━━━━━━━━━━━━━━━━━━[0m [35m 28%[0m [36m0:01:12[0m[2KCaching / undistorting train images [38;2;249;38;114m━━━━━━━━[0m[38;2;249;38;114m╸[0m[38;5;237m━━━━━━━━━━━━━━━━━━━━━━[0m [35m 28%[0m [36m0:01:12[0m[2KCaching / undistorting train images [38;2;249;38;114m━━━━━━━━[0m[38;2;249;38;114m╸[0m[38;5;237m━━━━━━━━━━━━━━━━━━━━━━[0m [35m 28%[0m [36m0:01:12[0m[2KCaching / undistorting train images [38;2;249;38;114m━━━━━━━━[0m[38;2;249;38;114m╸[0m[38;5;237m━━━━━━━━━━━━━━━━━━━━━━[0m [35m 28%[0m [36m0:01:12[0m[2KCaching / undistorting train images [38;2;249;38;114m━━━━━━━━[0m[38;2;249;38;114m╸[0m[38;5;237m━━━━━━━━━━━━━━━━━━━━━━[0m [35m 29%[0m [36m0:01:11[0m[2KCaching / undistorting train images [38;2;249;38;114m━━━━━━━━[0m[38;2;249;38;114m╸[0m[38;5;237m━━━━━━━━━━━━━━━━━━━━━━[0m [35m 29%[0m [36m0:01:11[0m[2KCaching / undistorting train images [38;2;249;38;114m━━━━━━━━[0m[38;2;249;38;114m╸[0m[38;5;237m━━━━━━━━━━━━━━━━━━━━━━[0m [35m 29%[0m [36m0:01:11[0m[2KCaching / undistorting train images [38;2;249;38;114m━━━━━━━━[0m[38;2;249;38;114m╸[0m[38;5;237m━━━━━━━━━━━━━━━━━━━━━━[0m [35m 29%[0m [36m0:01:11[0m[2KCaching / undistorting train images [38;2;249;38;114m━━━━━━━━━[0m[38;5;237m╺[0m[38;5;237m━━━━━━━━━━━━━━━━━━━━━[0m [35m 30%[0m [36m0:01:09[0m[2KCaching / undistorting train images [38;2;249;38;114m━━━━━━━━━[0m[38;5;237m╺[0m[38;5;237m━━━━━━━━━━━━━━━━━━━━━[0m [35m 30%[0m [36m0:01:09[0m[2KCaching / undistorting train images [38;2;249;38;114m━━━━━━━━━[0m[38;5;237m╺[0m[38;5;237m━━━━━━━━━━━━━━━━━━━━━[0m [35m 30%[0m [36m0:01:09[0m[2KCaching / undistorting train images [38;2;249;38;114m━━━━━━━━━[0m[38;5;237m╺[0m[38;5;237m━━━━━━━━━━━━━━━━━━━━━[0m [35m 30%[0m [36m0:01:09[0m[2KCaching / undistorting train images [38;2;249;38;114m━━━━━━━━━[0m[38;5;237m╺[0m[38;5;237m━━━━━━━━━━━━━━━━━━━━━[0m [35m 30%[0m [36m0:01:09[0m[2KCaching / undistorting train images [38;2;249;38;114m━━━━━━━━━[0m[38;5;237m╺[0m[38;5;237m━━━━━━━━━━━━━━━━━━━━━[0m [35m 30%[0m [36m0:01:10[0m[2KCaching / undistorting train images [38;2;249;38;114m━━━━━━━━━[0m[38;5;237m╺[0m[38;5;237m━━━━━━━━━━━━━━━━━━━━━[0m [35m 30%[0m [36m0:01:09[0m[2KCaching / undistorting train images [38;2;249;38;114m━━━━━━━━━[0m[38;5;237m╺[0m[38;5;237m━━━━━━━━━━━━━━━━━━━━━[0m [35m 30%[0m [36m0:01:09[0m[2KCaching / undistorting train images [38;2;249;38;114m━━━━━━━━━[0m[38;5;237m╺[0m[38;5;237m━━━━━━━━━━━━━━━━━━━━━[0m [35m 30%[0m [36m0:01:09[0m[2KCaching / undistorting train images [38;2;249;38;114m━━━━━━━━━[0m[38;5;237m╺[0m[38;5;237m━━━━━━━━━━━━━━━━━━━━━[0m [35m 30%[0m [36m0:01:09[0m[2KCaching / undistorting train images [38;2;249;38;114m━━━━━━━━━[0m[38;2;249;38;114m╸[0m[38;5;237m━━━━━━━━━━━━━━━━━━━━━[0m [35m 31%[0m [36m0:01:08[0m[2KCaching / undistorting train images [38;2;249;38;114m━━━━━━━━━[0m[38;2;249;38;114m╸[0m[38;5;237m━━━━━━━━━━━━━━━━━━━━━[0m [35m 31%[0m [36m0:01:08[0m[2KCaching / undistorting train images [38;2;249;38;114m━━━━━━━━━[0m[38;2;249;38;114m╸[0m[38;5;237m━━━━━━━━━━━━━━━━━━━━━[0m [35m 31%[0m [36m0:01:08[0m[2KCaching / undistorting train images [38;2;249;38;114m━━━━━━━━━[0m[38;2;249;38;114m╸[0m[38;5;237m━━━━━━━━━━━━━━━━━━━━━[0m [35m 31%[0m [36m0:01:08[0m[2KCaching / undistorting train images [38;2;249;38;114m━━━━━━━━━[0m[38;2;249;38;114m╸[0m[38;5;237m━━━━━━━━━━━━━━━━━━━━━[0m [35m 31%[0m [36m0:01:08[0m[2KCaching / undistorting train images [38;2;249;38;114m━━━━━━━━━[0m[38;2;249;38;114m╸[0m[38;5;237m━━━━━━━━━━━━━━━━━━━━━[0m [35m 31%[0m [36m0:01:08[0m[2KCaching / undistorting train images [38;2;249;38;114m━━━━━━━━━[0m[38;2;249;38;114m╸[0m[38;5;237m━━━━━━━━━━━━━━━━━━━━━[0m [35m 31%[0m [36m0:01:09[0m[2KCaching / undistorting train images [38;2;249;38;114m━━━━━━━━━[0m[38;2;249;38;114m╸[0m[38;5;237m━━━━━━━━━━━━━━━━━━━━━[0m [35m 31%[0m [36m0:01:08[0m[2KCaching / undistorting train images [38;2;249;38;114m━━━━━━━━━[0m[38;2;249;38;114m╸[0m[38;5;237m━━━━━━━━━━━━━━━━━━━━━[0m [35m 31%[0m [36m0:01:08[0m[2KCaching / undistorting train images [38;2;249;38;114m━━━━━━━━━[0m[38;2;249;38;114m╸[0m[38;5;237m━━━━━━━━━━━━━━━━━━━━━[0m [35m 31%[0m [36m0:01:08[0m[2KCaching / undistorting train images [38;2;249;38;114m━━━━━━━━━[0m[38;2;249;38;114m╸[0m[38;5;237m━━━━━━━━━━━━━━━━━━━━━[0m [35m 31%[0m [36m0:01:08[0m[2KCaching / undistorting train images [38;2;249;38;114m━━━━━━━━━[0m[38;2;249;38;114m╸[0m[38;5;237m━━━━━━━━━━━━━━━━━━━━━[0m [35m 32%[0m [36m0:01:08[0m[2KCaching / undistorting train images [38;2;249;38;114m━━━━━━━━━[0m[38;2;249;38;114m╸[0m[38;5;237m━━━━━━━━━━━━━━━━━━━━━[0m [35m 32%[0m [36m0:01:07[0m[2KCaching / undistorting train images [38;2;249;38;114m━━━━━━━━━[0m[38;2;249;38;114m╸[0m[38;5;237m━━━━━━━━━━━━━━━━━━━━━[0m [35m 32%[0m [36m0:01:07[0m[2KCaching / undistorting train images [38;2;249;38;114m━━━━━━━━━[0m[38;2;249;38;114m╸[0m[38;5;237m━━━━━━━━━━━━━━━━━━━━━[0m [35m 32%[0m [36m0:01:07[0m[2KCaching / undistorting train images [38;2;249;38;114m━━━━━━━━━[0m[38;2;249;38;114m╸[0m[38;5;237m━━━━━━━━━━━━━━━━━━━━━[0m [35m 32%[0m [36m0:01:07[0m[2KCaching / undistorting train images [38;2;249;38;114m━━━━━━━━━[0m[38;2;249;38;114m╸[0m[38;5;237m━━━━━━━━━━━━━━━━━━━━━[0m [35m 32%[0m [36m0:01:07[0m[2KCaching / undistorting train images [38;2;249;38;114m━━━━━━━━━━[0m[38;5;237m╺[0m[38;5;237m━━━━━━━━━━━━━━━━━━━━[0m [35m 33%[0m [36m0:01:06[0m[2KCaching / undistorting train images [38;2;249;38;114m━━━━━━━━━━[0m[38;5;237m╺[0m[38;5;237m━━━━━━━━━━━━━━━━━━━━[0m [35m 33%[0m [36m0:01:06[0m[2KCaching / undistorting train images [38;2;249;38;114m━━━━━━━━━━[0m[38;5;237m╺[0m[38;5;237m━━━━━━━━━━━━━━━━━━━━[0m [35m 33%[0m [36m0:01:06[0m[2KCaching / undistorting train images [38;2;249;38;114m━━━━━━━━━━[0m[38;5;237m╺[0m[38;5;237m━━━━━━━━━━━━━━━━━━━━[0m [35m 33%[0m [36m0:01:05[0m[2KCaching / undistorting train images [38;2;249;38;114m━━━━━━━━━━[0m[38;5;237m╺[0m[38;5;237m━━━━━━━━━━━━━━━━━━━━[0m [35m 33%[0m [36m0:01:05[0m[2KCaching / undistorting train images [38;2;249;38;114m━━━━━━━━━━[0m[38;5;237m╺[0m[38;5;237m━━━━━━━━━━━━━━━━━━━━[0m [35m 33%[0m [36m0:01:05[0m[2KCaching / undistorting train images [38;2;249;38;114m━━━━━━━━━━[0m[38;5;237m╺[0m[38;5;237m━━━━━━━━━━━━━━━━━━━━[0m [35m 33%[0m [36m0:01:05[0m[2KCaching / undistorting train images [38;2;249;38;114m━━━━━━━━━━[0m[38;5;237m╺[0m[38;5;237m━━━━━━━━━━━━━━━━━━━━[0m [35m 33%[0m [36m0:01:05[0m[2KCaching / undistorting train images [38;2;249;38;114m━━━━━━━━━━[0m[38;5;237m╺[0m[38;5;237m━━━━━━━━━━━━━━━━━━━━[0m [35m 33%[0m [36m0:01:05[0m[2KCaching / undistorting train images [38;2;249;38;114m━━━━━━━━━━[0m[38;2;249;38;114m╸[0m[38;5;237m━━━━━━━━━━━━━━━━━━━━[0m [35m 34%[0m [36m0:01:04[0m[2KCaching / undistorting train images [38;2;249;38;114m━━━━━━━━━━[0m[38;2;249;38;114m╸[0m[38;5;237m━━━━━━━━━━━━━━━━━━━━[0m [35m 34%[0m [36m0:01:04[0m[2KCaching / undistorting train images [38;2;249;38;114m━━━━━━━━━━[0m[38;2;249;38;114m╸[0m[38;5;237m━━━━━━━━━━━━━━━━━━━━[0m [35m 34%[0m [36m0:01:04[0m[2KCaching / undistorting train images [38;2;249;38;114m━━━━━━━━━━[0m[38;2;249;38;114m╸[0m[38;5;237m━━━━━━━━━━━━━━━━━━━━[0m [35m 34%[0m [36m0:01:04[0m[2KCaching / undistorting train images [38;2;249;38;114m━━━━━━━━━━[0m[38;2;249;38;114m╸[0m[38;5;237m━━━━━━━━━━━━━━━━━━━━[0m [35m 34%[0m [36m0:01:04[0m[2KCaching / undistorting train images [38;2;249;38;114m━━━━━━━━━━[0m[38;2;249;38;114m╸[0m[38;5;237m━━━━━━━━━━━━━━━━━━━━[0m [35m 34%[0m [36m0:01:04[0m[2KCaching / undistorting train images [38;2;249;38;114m━━━━━━━━━━[0m[38;2;249;38;114m╸[0m[38;5;237m━━━━━━━━━━━━━━━━━━━━[0m [35m 34%[0m [36m0:01:04[0m[2KCaching / undistorting train images [38;2;249;38;114m━━━━━━━━━━[0m[38;2;249;38;114m╸[0m[38;5;237m━━━━━━━━━━━━━━━━━━━━[0m [35m 34%[0m [36m0:01:04[0m[2KCaching / undistorting train images [38;2;249;38;114m━━━━━━━━━━[0m[38;2;249;38;114m╸[0m[38;5;237m━━━━━━━━━━━━━━━━━━━━[0m [35m 34%[0m [36m0:01:04[0m[2KCaching / undistorting train images [38;2;249;38;114m━━━━━━━━━━[0m[38;2;249;38;114m╸[0m[38;5;237m━━━━━━━━━━━━━━━━━━━━[0m [35m 34%[0m [36m0:01:04[0m[2KCaching / undistorting train images [38;2;249;38;114m━━━━━━━━━━[0m[38;2;249;38;114m╸[0m[38;5;237m━━━━━━━━━━━━━━━━━━━━[0m [35m 34%[0m [36m0:01:04[0m[2KCaching / undistorting train images [38;2;249;38;114m━━━━━━━━━━[0m[38;2;249;38;114m╸[0m[38;5;237m━━━━━━━━━━━━━━━━━━━━[0m [35m 34%[0m [36m0:01:04[0m[2KCaching / undistorting train images [38;2;249;38;114m━━━━━━━━━━[0m[38;2;249;38;114m╸[0m[38;5;237m━━━━━━━━━━━━━━━━━━━━[0m [35m 35%[0m [36m0:01:04[0m[2KCaching / undistorting train images [38;2;249;38;114m━━━━━━━━━━[0m[38;2;249;38;114m╸[0m[38;5;237m━━━━━━━━━━━━━━━━━━━━[0m [35m 35%[0m [36m0:01:04[0m[2KCaching / undistorting train images [38;2;249;38;114m━━━━━━━━━━[0m[38;2;249;38;114m╸[0m[38;5;237m━━━━━━━━━━━━━━━━━━━━[0m [35m 35%[0m [36m0:01:04[0m[2KCaching / undistorting train images [38;2;249;38;114m━━━━━━━━━━[0m[38;2;249;38;114m╸[0m[38;5;237m━━━━━━━━━━━━━━━━━━━━[0m [35m 35%[0m [36m0:01:04[0m[2KCaching / undistorting train images [38;2;249;38;114m━━━━━━━━━━[0m[38;2;249;38;114m╸[0m[38;5;237m━━━━━━━━━━━━━━━━━━━━[0m [35m 35%[0m [36m0:01:04[0m[2KCaching / undistorting train images [38;2;249;38;114m━━━━━━━━━━[0m[38;2;249;38;114m╸[0m[38;5;237m━━━━━━━━━━━━━━━━━━━━[0m [35m 35%[0m [36m0:01:04[0m[2KCaching / undistorting train images [38;2;249;38;114m━━━━━━━━━━[0m[38;2;249;38;114m╸[0m[38;5;237m━━━━━━━━━━━━━━━━━━━━[0m [35m 35%[0m [36m0:01:04[0m[2KCaching / undistorting train images [38;2;249;38;114m━━━━━━━━━━[0m[38;2;249;38;114m╸[0m[38;5;237m━━━━━━━━━━━━━━━━━━━━[0m [35m 35%[0m [36m0:01:04[0m[2KCaching / undistorting train images [38;2;249;38;114m━━━━━━━━━━[0m[38;2;249;38;114m╸[0m[38;5;237m━━━━━━━━━━━━━━━━━━━━[0m [35m 35%[0m [36m0:01:04[0m[2KCaching / undistorting train images [38;2;249;38;114m━━━━━━━━━━[0m[38;2;249;38;114m╸[0m[38;5;237m━━━━━━━━━━━━━━━━━━━━[0m [35m 35%[0m [36m0:01:04[0m[2KCaching / undistorting train images [38;2;249;38;114m━━━━━━━━━━[0m[38;2;249;38;114m╸[0m[38;5;237m━━━━━━━━━━━━━━━━━━━━[0m [35m 35%[0m [36m0:01:04[0m[2KCaching / undistorting train images [38;2;249;38;114m━━━━━━━━━━[0m[38;2;249;38;114m╸[0m[38;5;237m━━━━━━━━━━━━━━━━━━━━[0m [35m 35%[0m [36m0:01:04[0m[2KCaching / undistorting train images [38;2;249;38;114m━━━━━━━━━━[0m[38;2;249;38;114m╸[0m[38;5;237m━━━━━━━━━━━━━━━━━━━━[0m [35m 35%[0m [36m0:01:04[0m[2KCaching / undistorting train images [38;2;249;38;114m━━━━━━━━━━[0m[38;2;249;38;114m╸[0m[38;5;237m━━━━━━━━━━━━━━━━━━━━[0m [35m 35%[0m [36m0:01:04[0m[2KCaching / undistorting train images [38;2;249;38;114m━━━━━━━━━━[0m[38;2;249;38;114m╸[0m[38;5;237m━━━━━━━━━━━━━━━━━━━━[0m [35m 35%[0m [36m0:01:04[0m[2KCaching / undistorting train images [38;2;249;38;114m━━━━━━━━━━━[0m[38;5;237m╺[0m[38;5;237m━━━━━━━━━━━━━━━━━━━[0m [35m 36%[0m [36m0:01:03[0m[2KCaching / undistorting train images [38;2;249;38;114m━━━━━━━━━━━[0m[38;5;237m╺[0m[38;5;237m━━━━━━━━━━━━━━━━━━━[0m [35m 36%[0m [36m0:01:03[0m[2KCaching / undistorting train images [38;2;249;38;114m━━━━━━━━━━━[0m[38;5;237m╺[0m[38;5;237m━━━━━━━━━━━━━━━━━━━[0m [35m 36%[0m [36m0:01:03[0m[2KCaching / undistorting train images [38;2;249;38;114m━━━━━━━━━━━[0m[38;5;237m╺[0m[38;5;237m━━━━━━━━━━━━━━━━━━━[0m [35m 36%[0m [36m0:01:03[0m[2KCaching / undistorting train images [38;2;249;38;114m━━━━━━━━━━━[0m[38;5;237m╺[0m[38;5;237m━━━━━━━━━━━━━━━━━━━[0m [35m 36%[0m [36m0:01:03[0m[2KCaching / undistorting train images [38;2;249;38;114m━━━━━━━━━━━[0m[38;5;237m╺[0m[38;5;237m━━━━━━━━━━━━━━━━━━━[0m [35m 36%[0m [36m0:01:03[0m[2KCaching / undistorting train images [38;2;249;38;114m━━━━━━━━━━━[0m[38;5;237m╺[0m[38;5;237m━━━━━━━━━━━━━━━━━━━[0m [35m 36%[0m [36m0:01:04[0m[2KCaching / undistorting train images [38;2;249;38;114m━━━━━━━━━━━[0m[38;5;237m╺[0m[38;5;237m━━━━━━━━━━━━━━━━━━━[0m [35m 36%[0m [36m0:01:03[0m[2KCaching / undistorting train images [38;2;249;38;114m━━━━━━━━━━━[0m[38;5;237m╺[0m[38;5;237m━━━━━━━━━━━━━━━━━━━[0m [35m 36%[0m [36m0:01:03[0m[2KCaching / undistorting train images [38;2;249;38;114m━━━━━━━━━━━[0m[38;5;237m╺[0m[38;5;237m━━━━━━━━━━━━━━━━━━━[0m [35m 36%[0m [36m0:01:03[0m[2KCaching / undistorting train images [38;2;249;38;114m━━━━━━━━━━━[0m[38;5;237m╺[0m[38;5;237m━━━━━━━━━━━━━━━━━━━[0m [35m 36%[0m [36m0:01:03[0m[2KCaching / undistorting train images [38;2;249;38;114m━━━━━━━━━━━[0m[38;5;237m╺[0m[38;5;237m━━━━━━━━━━━━━━━━━━━[0m [35m 37%[0m [36m0:01:04[0m[2KCaching / undistorting train images [38;2;249;38;114m━━━━━━━━━━━[0m[38;5;237m╺[0m[38;5;237m━━━━━━━━━━━━━━━━━━━[0m [35m 37%[0m [36m0:01:03[0m[2KCaching / undistorting train images [38;2;249;38;114m━━━━━━━━━━━[0m[38;5;237m╺[0m[38;5;237m━━━━━━━━━━━━━━━━━━━[0m [35m 37%[0m [36m0:01:03[0m[2KCaching / undistorting train images [38;2;249;38;114m━━━━━━━━━━━[0m[38;5;237m╺[0m[38;5;237m━━━━━━━━━━━━━━━━━━━[0m [35m 37%[0m [36m0:01:03[0m[2KCaching / undistorting train images [38;2;249;38;114m━━━━━━━━━━━[0m[38;5;237m╺[0m[38;5;237m━━━━━━━━━━━━━━━━━━━[0m [35m 37%[0m [36m0:01:03[0m[2KCaching / undistorting train images [38;2;249;38;114m━━━━━━━━━━━[0m[38;5;237m╺[0m[38;5;237m━━━━━━━━━━━━━━━━━━━[0m [35m 37%[0m [36m0:01:03[0m[2KCaching / undistorting train images [38;2;249;38;114m━━━━━━━━━━━[0m[38;2;249;38;114m╸[0m[38;5;237m━━━━━━━━━━━━━━━━━━━[0m [35m 38%[0m [36m0:01:01[0m[2KCaching / undistorting train images [38;2;249;38;114m━━━━━━━━━━━[0m[38;2;249;38;114m╸[0m[38;5;237m━━━━━━━━━━━━━━━━━━━[0m [35m 38%[0m [36m0:01:01[0m[2KCaching / undistorting train images [38;2;249;38;114m━━━━━━━━━━━[0m[38;2;249;38;114m╸[0m[38;5;237m━━━━━━━━━━━━━━━━━━━[0m [35m 38%[0m [36m0:01:01[0m[2KCaching / undistorting train images [38;2;249;38;114m━━━━━━━━━━━[0m[38;2;249;38;114m╸[0m[38;5;237m━━━━━━━━━━━━━━━━━━━[0m [35m 38%[0m [36m0:01:01[0m[2KCaching / undistorting train images [38;2;249;38;114m━━━━━━━━━━━[0m[38;2;249;38;114m╸[0m[38;5;237m━━━━━━━━━━━━━━━━━━━[0m [35m 38%[0m [36m0:01:00[0m[2KCaching / undistorting train images [38;2;249;38;114m━━━━━━━━━━━[0m[38;2;249;38;114m╸[0m[38;5;237m━━━━━━━━━━━━━━━━━━━[0m [35m 38%[0m [36m0:01:00[0m[2KCaching / undistorting train images [38;2;249;38;114m━━━━━━━━━━━[0m[38;2;249;38;114m╸[0m[38;5;237m━━━━━━━━━━━━━━━━━━━[0m [35m 38%[0m [36m0:01:00[0m[2KCaching / undistorting train images [38;2;249;38;114m━━━━━━━━━━━[0m[38;2;249;38;114m╸[0m[38;5;237m━━━━━━━━━━━━━━━━━━━[0m [35m 38%[0m [36m0:01:00[0m[2KCaching / undistorting train images [38;2;249;38;114m━━━━━━━━━━━[0m[38;2;249;38;114m╸[0m[38;5;237m━━━━━━━━━━━━━━━━━━━[0m [35m 38%[0m [36m0:01:00[0m[2KCaching / undistorting train images [38;2;249;38;114m━━━━━━━━━━━[0m[38;2;249;38;114m╸[0m[38;5;237m━━━━━━━━━━━━━━━━━━━[0m [35m 38%[0m [36m0:01:00[0m[2KCaching / undistorting train images [38;2;249;38;114m━━━━━━━━━━━[0m[38;2;249;38;114m╸[0m[38;5;237m━━━━━━━━━━━━━━━━━━━[0m [35m 38%[0m [36m0:01:00[0m[2KCaching / undistorting train images [38;2;249;38;114m━━━━━━━━━━━[0m[38;2;249;38;114m╸[0m[38;5;237m━━━━━━━━━━━━━━━━━━━[0m [35m 38%[0m [36m0:01:00[0m[2KCaching / undistorting train images [38;2;249;38;114m━━━━━━━━━━━[0m[38;2;249;38;114m╸[0m[38;5;237m━━━━━━━━━━━━━━━━━━━[0m [35m 38%[0m [36m0:01:00[0m[2KCaching / undistorting train images [38;2;249;38;114m━━━━━━━━━━━━[0m[38;5;237m╺[0m[38;5;237m━━━━━━━━━━━━━━━━━━[0m [35m 39%[0m [36m0:01:00[0m[2KCaching / undistorting train images [38;2;249;38;114m━━━━━━━━━━━━[0m[38;5;237m╺[0m[38;5;237m━━━━━━━━━━━━━━━━━━[0m [35m 39%[0m [36m0:01:00[0m[2KCaching / undistorting train images [38;2;249;38;114m━━━━━━━━━━━━[0m[38;5;237m╺[0m[38;5;237m━━━━━━━━━━━━━━━━━━[0m [35m 39%[0m [36m0:01:00[0m[2KCaching / undistorting train images [38;2;249;38;114m━━━━━━━━━━━━[0m[38;5;237m╺[0m[38;5;237m━━━━━━━━━━━━━━━━━━[0m [35m 39%[0m [36m0:01:00[0m[2KCaching / undistorting train images [38;2;249;38;114m━━━━━━━━━━━━[0m[38;5;237m╺[0m[38;5;237m━━━━━━━━━━━━━━━━━━[0m [35m 39%[0m [36m0:01:00[0m[2KCaching / undistorting train images [38;2;249;38;114m━━━━━━━━━━━━[0m[38;5;237m╺[0m[38;5;237m━━━━━━━━━━━━━━━━━━[0m [35m 39%[0m [36m0:01:00[0m[2KCaching / undistorting train images [38;2;249;38;114m━━━━━━━━━━━━[0m[38;5;237m╺[0m[38;5;237m━━━━━━━━━━━━━━━━━━[0m [35m 39%[0m [36m0:01:00[0m[2KCaching / undistorting train images [38;2;249;38;114m━━━━━━━━━━━━[0m[38;5;237m╺[0m[38;5;237m━━━━━━━━━━━━━━━━━━[0m [35m 39%[0m [36m0:01:00[0m[2KCaching / undistorting train images [38;2;249;38;114m━━━━━━━━━━━━[0m[38;5;237m╺[0m[38;5;237m━━━━━━━━━━━━━━━━━━[0m [35m 39%[0m [36m0:01:00[0m[2KCaching / undistorting train images [38;2;249;38;114m━━━━━━━━━━━━[0m[38;5;237m╺[0m[38;5;237m━━━━━━━━━━━━━━━━━━[0m [35m 39%[0m [36m0:01:00[0m[2KCaching / undistorting train images [38;2;249;38;114m━━━━━━━━━━━━[0m[38;5;237m╺[0m[38;5;237m━━━━━━━━━━━━━━━━━━[0m [35m 40%[0m [36m0:01:00[0m[2KCaching / undistorting train images [38;2;249;38;114m━━━━━━━━━━━━[0m[38;5;237m╺[0m[38;5;237m━━━━━━━━━━━━━━━━━━[0m [35m 40%[0m [36m0:01:00[0m[2KCaching / undistorting train images [38;2;249;38;114m━━━━━━━━━━━━[0m[38;5;237m╺[0m[38;5;237m━━━━━━━━━━━━━━━━━━[0m [35m 40%[0m [36m0:01:00[0m[2KCaching / undistorting train images [38;2;249;38;114m━━━━━━━━━━━━[0m[38;5;237m╺[0m[38;5;237m━━━━━━━━━━━━━━━━━━[0m [35m 40%[0m [36m0:01:00[0m[2KCaching / undistorting train images [38;2;249;38;114m━━━━━━━━━━━━[0m[38;5;237m╺[0m[38;5;237m━━━━━━━━━━━━━━━━━━[0m [35m 40%[0m [36m0:00:59[0m[2KCaching / undistorting train images [38;2;249;38;114m━━━━━━━━━━━━[0m[38;5;237m╺[0m[38;5;237m━━━━━━━━━━━━━━━━━━[0m [35m 40%[0m [36m0:00:59[0m[2KCaching / undistorting train images [38;2;249;38;114m━━━━━━━━━━━━[0m[38;5;237m╺[0m[38;5;237m━━━━━━━━━━━━━━━━━━[0m [35m 40%[0m [36m0:00:59[0m[2KCaching / undistorting train images [38;2;249;38;114m━━━━━━━━━━━━[0m[38;5;237m╺[0m[38;5;237m━━━━━━━━━━━━━━━━━━[0m [35m 40%[0m [36m0:00:59[0m[2KCaching / undistorting train images [38;2;249;38;114m━━━━━━━━━━━━[0m[38;5;237m╺[0m[38;5;237m━━━━━━━━━━━━━━━━━━[0m [35m 40%[0m [36m0:00:59[0m[2KCaching / undistorting train images [38;2;249;38;114m━━━━━━━━━━━━[0m[38;5;237m╺[0m[38;5;237m━━━━━━━━━━━━━━━━━━[0m [35m 40%[0m [36m0:00:59[0m[2KCaching / undistorting train images [38;2;249;38;114m━━━━━━━━━━━━[0m[38;5;237m╺[0m[38;5;237m━━━━━━━━━━━━━━━━━━[0m [35m 40%[0m [36m0:00:59[0m[2KCaching / undistorting train images [38;2;249;38;114m━━━━━━━━━━━━[0m[38;5;237m╺[0m[38;5;237m━━━━━━━━━━━━━━━━━━[0m [35m 40%[0m [36m0:00:59[0m[2KCaching / undistorting train images [38;2;249;38;114m━━━━━━━━━━━━[0m[38;5;237m╺[0m[38;5;237m━━━━━━━━━━━━━━━━━━[0m [35m 40%[0m [36m0:00:59[0m[2KCaching / undistorting train images [38;2;249;38;114m━━━━━━━━━━━━[0m[38;5;237m╺[0m[38;5;237m━━━━━━━━━━━━━━━━━━[0m [35m 40%[0m [36m0:00:59[0m[2KCaching / undistorting train images [38;2;249;38;114m━━━━━━━━━━━━[0m[38;5;237m╺[0m[38;5;237m━━━━━━━━━━━━━━━━━━[0m [35m 40%[0m [36m0:00:59[0m[2KCaching / undistorting train images [38;2;249;38;114m━━━━━━━━━━━━[0m[38;2;249;38;114m╸[0m[38;5;237m━━━━━━━━━━━━━━━━━━[0m [35m 41%[0m [36m0:01:00[0m[2KCaching / undistorting train images [38;2;249;38;114m━━━━━━━━━━━━[0m[38;2;249;38;114m╸[0m[38;5;237m━━━━━━━━━━━━━━━━━━[0m [35m 41%[0m [36m0:01:00[0m[2KCaching / undistorting train images [38;2;249;38;114m━━━━━━━━━━━━[0m[38;2;249;38;114m╸[0m[38;5;237m━━━━━━━━━━━━━━━━━━[0m [35m 41%[0m [36m0:01:00[0m[2KCaching / undistorting train images [38;2;249;38;114m━━━━━━━━━━━━[0m[38;2;249;38;114m╸[0m[38;5;237m━━━━━━━━━━━━━━━━━━[0m [35m 41%[0m [36m0:01:00[0m[2KCaching / undistorting train images [38;2;249;38;114m━━━━━━━━━━━━[0m[38;2;249;38;114m╸[0m[38;5;237m━━━━━━━━━━━━━━━━━━[0m [35m 41%[0m [36m0:01:00[0m[2KCaching / undistorting train images [38;2;249;38;114m━━━━━━━━━━━━[0m[38;2;249;38;114m╸[0m[38;5;237m━━━━━━━━━━━━━━━━━━[0m [35m 41%[0m [36m0:00:59[0m[2KCaching / undistorting train images [38;2;249;38;114m━━━━━━━━━━━━[0m[38;2;249;38;114m╸[0m[38;5;237m━━━━━━━━━━━━━━━━━━[0m [35m 41%[0m [36m0:00:59[0m[2KCaching / undistorting train images [38;2;249;38;114m━━━━━━━━━━━━[0m[38;2;249;38;114m╸[0m[38;5;237m━━━━━━━━━━━━━━━━━━[0m [35m 41%[0m [36m0:00:59[0m[2KCaching / undistorting train images [38;2;249;38;114m━━━━━━━━━━━━[0m[38;2;249;38;114m╸[0m[38;5;237m━━━━━━━━━━━━━━━━━━[0m [35m 41%[0m [36m0:00:59[0m[2KCaching / undistorting train images [38;2;249;38;114m━━━━━━━━━━━━[0m[38;2;249;38;114m╸[0m[38;5;237m━━━━━━━━━━━━━━━━━━[0m [35m 41%[0m [36m0:00:59[0m[2KCaching / undistorting train images [38;2;249;38;114m━━━━━━━━━━━━━[0m[38;5;237m╺[0m[38;5;237m━━━━━━━━━━━━━━━━━[0m [35m 42%[0m [36m0:00:58[0m[2KCaching / undistorting train images [38;2;249;38;114m━━━━━━━━━━━━━[0m[38;5;237m╺[0m[38;5;237m━━━━━━━━━━━━━━━━━[0m [35m 42%[0m [36m0:00:58[0m[2KCaching / undistorting train images [38;2;249;38;114m━━━━━━━━━━━━━[0m[38;5;237m╺[0m[38;5;237m━━━━━━━━━━━━━━━━━[0m [35m 42%[0m [36m0:00:58[0m[2KCaching / undistorting train images [38;2;249;38;114m━━━━━━━━━━━━━[0m[38;5;237m╺[0m[38;5;237m━━━━━━━━━━━━━━━━━[0m [35m 42%[0m [36m0:00:58[0m[2KCaching / undistorting train images [38;2;249;38;114m━━━━━━━━━━━━━[0m[38;5;237m╺[0m[38;5;237m━━━━━━━━━━━━━━━━━[0m [35m 42%[0m [36m0:00:58[0m[2KCaching / undistorting train images [38;2;249;38;114m━━━━━━━━━━━━━[0m[38;5;237m╺[0m[38;5;237m━━━━━━━━━━━━━━━━━[0m [35m 42%[0m [36m0:00:58[0m[2KCaching / undistorting train images [38;2;249;38;114m━━━━━━━━━━━━━[0m[38;5;237m╺[0m[38;5;237m━━━━━━━━━━━━━━━━━[0m [35m 42%[0m [36m0:00:58[0m[2KCaching / undistorting train images [38;2;249;38;114m━━━━━━━━━━━━━[0m[38;5;237m╺[0m[38;5;237m━━━━━━━━━━━━━━━━━[0m [35m 42%[0m [36m0:00:58[0m[2KCaching / undistorting train images [38;2;249;38;114m━━━━━━━━━━━━━[0m[38;5;237m╺[0m[38;5;237m━━━━━━━━━━━━━━━━━[0m [35m 42%[0m [36m0:00:59[0m[2KCaching / undistorting train images [38;2;249;38;114m━━━━━━━━━━━━━[0m[38;5;237m╺[0m[38;5;237m━━━━━━━━━━━━━━━━━[0m [35m 42%[0m [36m0:00:59[0m[2KCaching / undistorting train images [38;2;249;38;114m━━━━━━━━━━━━━[0m[38;5;237m╺[0m[38;5;237m━━━━━━━━━━━━━━━━━[0m [35m 42%[0m [36m0:00:59[0m[2KCaching / undistorting train images [38;2;249;38;114m━━━━━━━━━━━━━[0m[38;5;237m╺[0m[38;5;237m━━━━━━━━━━━━━━━━━[0m [35m 42%[0m [36m0:00:59[0m[2KCaching / undistorting train images [38;2;249;38;114m━━━━━━━━━━━━━[0m[38;5;237m╺[0m[38;5;237m━━━━━━━━━━━━━━━━━[0m [35m 43%[0m [36m0:00:59[0m[2KCaching / undistorting train images [38;2;249;38;114m━━━━━━━━━━━━━[0m[38;5;237m╺[0m[38;5;237m━━━━━━━━━━━━━━━━━[0m [35m 43%[0m [36m0:00:59[0m[2KCaching / undistorting train images [38;2;249;38;114m━━━━━━━━━━━━━[0m[38;5;237m╺[0m[38;5;237m━━━━━━━━━━━━━━━━━[0m [35m 43%[0m [36m0:00:59[0m[2KCaching / undistorting train images [38;2;249;38;114m━━━━━━━━━━━━━[0m[38;5;237m╺[0m[38;5;237m━━━━━━━━━━━━━━━━━[0m [35m 43%[0m [36m0:00:59[0m[2KCaching / undistorting train images [38;2;249;38;114m━━━━━━━━━━━━━[0m[38;5;237m╺[0m[38;5;237m━━━━━━━━━━━━━━━━━[0m [35m 43%[0m [36m0:00:59[0m[2KCaching / undistorting train images [38;2;249;38;114m━━━━━━━━━━━━━[0m[38;5;237m╺[0m[38;5;237m━━━━━━━━━━━━━━━━━[0m [35m 43%[0m [36m0:00:58[0m[2KCaching / undistorting train images [38;2;249;38;114m━━━━━━━━━━━━━[0m[38;5;237m╺[0m[38;5;237m━━━━━━━━━━━━━━━━━[0m [35m 43%[0m [36m0:00:58[0m[2KCaching / undistorting train images [38;2;249;38;114m━━━━━━━━━━━━━[0m[38;5;237m╺[0m[38;5;237m━━━━━━━━━━━━━━━━━[0m [35m 43%[0m [36m0:00:58[0m[2KCaching / undistorting train images [38;2;249;38;114m━━━━━━━━━━━━━[0m[38;5;237m╺[0m[38;5;237m━━━━━━━━━━━━━━━━━[0m [35m 43%[0m [36m0:00:58[0m[2KCaching / undistorting train images [38;2;249;38;114m━━━━━━━━━━━━━[0m[38;5;237m╺[0m[38;5;237m━━━━━━━━━━━━━━━━━[0m [35m 43%[0m [36m0:00:58[0m[2KCaching / undistorting train images [38;2;249;38;114m━━━━━━━━━━━━━[0m[38;5;237m╺[0m[38;5;237m━━━━━━━━━━━━━━━━━[0m [35m 44%[0m [36m0:00:59[0m[2KCaching / undistorting train images [38;2;249;38;114m━━━━━━━━━━━━━[0m[38;2;249;38;114m╸[0m[38;5;237m━━━━━━━━━━━━━━━━━[0m [35m 44%[0m [36m0:00:58[0m[2KCaching / undistorting train images [38;2;249;38;114m━━━━━━━━━━━━━[0m[38;2;249;38;114m╸[0m[38;5;237m━━━━━━━━━━━━━━━━━[0m [35m 44%[0m [36m0:00:58[0m[2KCaching / undistorting train images [38;2;249;38;114m━━━━━━━━━━━━━[0m[38;2;249;38;114m╸[0m[38;5;237m━━━━━━━━━━━━━━━━━[0m [35m 44%[0m [36m0:00:58[0m[2KCaching / undistorting train images [38;2;249;38;114m━━━━━━━━━━━━━[0m[38;2;249;38;114m╸[0m[38;5;237m━━━━━━━━━━━━━━━━━[0m [35m 44%[0m [36m0:00:58[0m[2KCaching / undistorting train images [38;2;249;38;114m━━━━━━━━━━━━━[0m[38;2;249;38;114m╸[0m[38;5;237m━━━━━━━━━━━━━━━━━[0m [35m 44%[0m [36m0:00:57[0m[2KCaching / undistorting train images [38;2;249;38;114m━━━━━━━━━━━━━[0m[38;2;249;38;114m╸[0m[38;5;237m━━━━━━━━━━━━━━━━━[0m [35m 44%[0m [36m0:00:57[0m[2KCaching / undistorting train images [38;2;249;38;114m━━━━━━━━━━━━━[0m[38;2;249;38;114m╸[0m[38;5;237m━━━━━━━━━━━━━━━━━[0m [35m 44%[0m [36m0:00:57[0m[2KCaching / undistorting train images [38;2;249;38;114m━━━━━━━━━━━━━[0m[38;2;249;38;114m╸[0m[38;5;237m━━━━━━━━━━━━━━━━━[0m [35m 44%[0m [36m0:00:57[0m[2KCaching / undistorting train images [38;2;249;38;114m━━━━━━━━━━━━━[0m[38;2;249;38;114m╸[0m[38;5;237m━━━━━━━━━━━━━━━━━[0m [35m 44%[0m [36m0:00:57[0m[2KCaching / undistorting train images [38;2;249;38;114m━━━━━━━━━━━━━[0m[38;2;249;38;114m╸[0m[38;5;237m━━━━━━━━━━━━━━━━━[0m [35m 44%[0m [36m0:00:57[0m[2KCaching / undistorting train images [38;2;249;38;114m━━━━━━━━━━━━━[0m[38;2;249;38;114m╸[0m[38;5;237m━━━━━━━━━━━━━━━━━[0m [35m 45%[0m [36m0:00:57[0m[2KCaching / undistorting train images [38;2;249;38;114m━━━━━━━━━━━━━[0m[38;2;249;38;114m╸[0m[38;5;237m━━━━━━━━━━━━━━━━━[0m [35m 45%[0m [36m0:00:57[0m[2KCaching / undistorting train images [38;2;249;38;114m━━━━━━━━━━━━━[0m[38;2;249;38;114m╸[0m[38;5;237m━━━━━━━━━━━━━━━━━[0m [35m 45%[0m [36m0:00:56[0m[2KCaching / undistorting train images [38;2;249;38;114m━━━━━━━━━━━━━[0m[38;2;249;38;114m╸[0m[38;5;237m━━━━━━━━━━━━━━━━━[0m [35m 45%[0m [36m0:00:56[0m[2KCaching / undistorting train images [38;2;249;38;114m━━━━━━━━━━━━━[0m[38;2;249;38;114m╸[0m[38;5;237m━━━━━━━━━━━━━━━━━[0m [35m 45%[0m [36m0:00:56[0m[2KCaching / undistorting train images [38;2;249;38;114m━━━━━━━━━━━━━[0m[38;2;249;38;114m╸[0m[38;5;237m━━━━━━━━━━━━━━━━━[0m [35m 45%[0m [36m0:00:56[0m[2KCaching / undistorting train images [38;2;249;38;114m━━━━━━━━━━━━━━[0m[38;5;237m╺[0m[38;5;237m━━━━━━━━━━━━━━━━[0m [35m 45%[0m [36m0:00:56[0m[2KCaching / undistorting train images [38;2;249;38;114m━━━━━━━━━━━━━━[0m[38;5;237m╺[0m[38;5;237m━━━━━━━━━━━━━━━━[0m [35m 45%[0m [36m0:00:56[0m[2KCaching / undistorting train images [38;2;249;38;114m━━━━━━━━━━━━━━[0m[38;5;237m╺[0m[38;5;237m━━━━━━━━━━━━━━━━[0m [35m 46%[0m [36m0:00:55[0m[2KCaching / undistorting train images [38;2;249;38;114m━━━━━━━━━━━━━━[0m[38;5;237m╺[0m[38;5;237m━━━━━━━━━━━━━━━━[0m [35m 46%[0m [36m0:00:55[0m[2KCaching / undistorting train images [38;2;249;38;114m━━━━━━━━━━━━━━[0m[38;5;237m╺[0m[38;5;237m━━━━━━━━━━━━━━━━[0m [35m 46%[0m [36m0:00:55[0m[2KCaching / undistorting train images [38;2;249;38;114m━━━━━━━━━━━━━━[0m[38;5;237m╺[0m[38;5;237m━━━━━━━━━━━━━━━━[0m [35m 46%[0m [36m0:00:55[0m[2KCaching / undistorting train images [38;2;249;38;114m━━━━━━━━━━━━━━[0m[38;5;237m╺[0m[38;5;237m━━━━━━━━━━━━━━━━[0m [35m 46%[0m [36m0:00:55[0m[2KCaching / undistorting train images [38;2;249;38;114m━━━━━━━━━━━━━━[0m[38;5;237m╺[0m[38;5;237m━━━━━━━━━━━━━━━━[0m [35m 46%[0m [36m0:00:55[0m[2KCaching / undistorting train images [38;2;249;38;114m━━━━━━━━━━━━━━[0m[38;5;237m╺[0m[38;5;237m━━━━━━━━━━━━━━━━[0m [35m 46%[0m [36m0:00:55[0m[2KCaching / undistorting train images [38;2;249;38;114m━━━━━━━━━━━━━━[0m[38;5;237m╺[0m[38;5;237m━━━━━━━━━━━━━━━━[0m [35m 46%[0m [36m0:00:55[0m[2KCaching / undistorting train images [38;2;249;38;114m━━━━━━━━━━━━━━[0m[38;5;237m╺[0m[38;5;237m━━━━━━━━━━━━━━━━[0m [35m 46%[0m [36m0:00:55[0m[2KCaching / undistorting train images [38;2;249;38;114m━━━━━━━━━━━━━━[0m[38;5;237m╺[0m[38;5;237m━━━━━━━━━━━━━━━━[0m [35m 46%[0m [36m0:00:55[0m[2KCaching / undistorting train images [38;2;249;38;114m━━━━━━━━━━━━━━[0m[38;5;237m╺[0m[38;5;237m━━━━━━━━━━━━━━━━[0m [35m 46%[0m [36m0:00:55[0m[2KCaching / undistorting train images [38;2;249;38;114m━━━━━━━━━━━━━━[0m[38;5;237m╺[0m[38;5;237m━━━━━━━━━━━━━━━━[0m [35m 46%[0m [36m0:00:55[0m[2KCaching / undistorting train images [38;2;249;38;114m━━━━━━━━━━━━━━[0m[38;5;237m╺[0m[38;5;237m━━━━━━━━━━━━━━━━[0m [35m 47%[0m [36m0:00:55[0m[2KCaching / undistorting train images [38;2;249;38;114m━━━━━━━━━━━━━━[0m[38;2;249;38;114m╸[0m[38;5;237m━━━━━━━━━━━━━━━━[0m [35m 47%[0m [36m0:00:55[0m[2KCaching / undistorting train images [38;2;249;38;114m━━━━━━━━━━━━━━[0m[38;2;249;38;114m╸[0m[38;5;237m━━━━━━━━━━━━━━━━[0m [35m 47%[0m [36m0:00:55[0m[2KCaching / undistorting train images [38;2;249;38;114m━━━━━━━━━━━━━━[0m[38;2;249;38;114m╸[0m[38;5;237m━━━━━━━━━━━━━━━━[0m [35m 47%[0m [36m0:00:55[0m[2KCaching / undistorting train images [38;2;249;38;114m━━━━━━━━━━━━━━[0m[38;2;249;38;114m╸[0m[38;5;237m━━━━━━━━━━━━━━━━[0m [35m 47%[0m [36m0:00:55[0m[2KCaching / undistorting train images [38;2;249;38;114m━━━━━━━━━━━━━━[0m[38;2;249;38;114m╸[0m[38;5;237m━━━━━━━━━━━━━━━━[0m [35m 48%[0m [36m0:00:54[0m[2KCaching / undistorting train images [38;2;249;38;114m━━━━━━━━━━━━━━[0m[38;2;249;38;114m╸[0m[38;5;237m━━━━━━━━━━━━━━━━[0m [35m 48%[0m [36m0:00:54[0m[2KCaching / undistorting train images [38;2;249;38;114m━━━━━━━━━━━━━━[0m[38;2;249;38;114m╸[0m[38;5;237m━━━━━━━━━━━━━━━━[0m [35m 48%[0m [36m0:00:54[0m[2KCaching / undistorting train images [38;2;249;38;114m━━━━━━━━━━━━━━[0m[38;2;249;38;114m╸[0m[38;5;237m━━━━━━━━━━━━━━━━[0m [35m 48%[0m [36m0:00:54[0m[2KCaching / undistorting train images [38;2;249;38;114m━━━━━━━━━━━━━━[0m[38;2;249;38;114m╸[0m[38;5;237m━━━━━━━━━━━━━━━━[0m [35m 48%[0m [36m0:00:54[0m[2KCaching / undistorting train images [38;2;249;38;114m━━━━━━━━━━━━━━[0m[38;2;249;38;114m╸[0m[38;5;237m━━━━━━━━━━━━━━━━[0m [35m 48%[0m [36m0:00:54[0m[2KCaching / undistorting train images [38;2;249;38;114m━━━━━━━━━━━━━━[0m[38;2;249;38;114m╸[0m[38;5;237m━━━━━━━━━━━━━━━━[0m [35m 48%[0m [36m0:00:53[0m[2KCaching / undistorting train images [38;2;249;38;114m━━━━━━━━━━━━━━[0m[38;2;249;38;114m╸[0m[38;5;237m━━━━━━━━━━━━━━━━[0m [35m 48%[0m [36m0:00:53[0m[2KCaching / undistorting train images [38;2;249;38;114m━━━━━━━━━━━━━━[0m[38;2;249;38;114m╸[0m[38;5;237m━━━━━━━━━━━━━━━━[0m [35m 48%[0m [36m0:00:53[0m[2KCaching / undistorting train images [38;2;249;38;114m━━━━━━━━━━━━━━[0m[38;2;249;38;114m╸[0m[38;5;237m━━━━━━━━━━━━━━━━[0m [35m 48%[0m [36m0:00:53[0m[2KCaching / undistorting train images [38;2;249;38;114m━━━━━━━━━━━━━━[0m[38;2;249;38;114m╸[0m[38;5;237m━━━━━━━━━━━━━━━━[0m [35m 48%[0m [36m0:00:53[0m[2KCaching / undistorting train images [38;2;249;38;114m━━━━━━━━━━━━━━━[0m[38;5;237m╺[0m[38;5;237m━━━━━━━━━━━━━━━[0m [35m 49%[0m [36m0:00:52[0m[2KCaching / undistorting train images [38;2;249;38;114m━━━━━━━━━━━━━━━[0m[38;5;237m╺[0m[38;5;237m━━━━━━━━━━━━━━━[0m [35m 49%[0m [36m0:00:52[0m[2KCaching / undistorting train images [38;2;249;38;114m━━━━━━━━━━━━━━━[0m[38;5;237m╺[0m[38;5;237m━━━━━━━━━━━━━━━[0m [35m 49%[0m [36m0:00:52[0m[2KCaching / undistorting train images [38;2;249;38;114m━━━━━━━━━━━━━━━[0m[38;5;237m╺[0m[38;5;237m━━━━━━━━━━━━━━━[0m [35m 49%[0m [36m0:00:52[0m[2KCaching / undistorting train images [38;2;249;38;114m━━━━━━━━━━━━━━━[0m[38;5;237m╺[0m[38;5;237m━━━━━━━━━━━━━━━[0m [35m 49%[0m [36m0:00:51[0m[2KCaching / undistorting train images [38;2;249;38;114m━━━━━━━━━━━━━━━[0m[38;5;237m╺[0m[38;5;237m━━━━━━━━━━━━━━━[0m [35m 49%[0m [36m0:00:51[0m[2KCaching / undistorting train images [38;2;249;38;114m━━━━━━━━━━━━━━━[0m[38;5;237m╺[0m[38;5;237m━━━━━━━━━━━━━━━[0m [35m 49%[0m [36m0:00:51[0m[2KCaching / undistorting train images [38;2;249;38;114m━━━━━━━━━━━━━━━[0m[38;5;237m╺[0m[38;5;237m━━━━━━━━━━━━━━━[0m [35m 49%[0m [36m0:00:51[0m[2KCaching / undistorting train images [38;2;249;38;114m━━━━━━━━━━━━━━━[0m[38;5;237m╺[0m[38;5;237m━━━━━━━━━━━━━━━[0m [35m 49%[0m [36m0:00:51[0m[2KCaching / undistorting train images [38;2;249;38;114m━━━━━━━━━━━━━━━[0m[38;5;237m╺[0m[38;5;237m━━━━━━━━━━━━━━━[0m [35m 50%[0m [36m0:00:51[0m[2KCaching / undistorting train images [38;2;249;38;114m━━━━━━━━━━━━━━━[0m[38;2;249;38;114m╸[0m[38;5;237m━━━━━━━━━━━━━━━[0m [35m 50%[0m [36m0:00:50[0m[2KCaching / undistorting train images [38;2;249;38;114m━━━━━━━━━━━━━━━[0m[38;2;249;38;114m╸[0m[38;5;237m━━━━━━━━━━━━━━━[0m [35m 50%[0m [36m0:00:50[0m[2KCaching / undistorting train images [38;2;249;38;114m━━━━━━━━━━━━━━━[0m[38;2;249;38;114m╸[0m[38;5;237m━━━━━━━━━━━━━━━[0m [35m 50%[0m [36m0:00:50[0m[2KCaching / undistorting train images [38;2;249;38;114m━━━━━━━━━━━━━━━[0m[38;2;249;38;114m╸[0m[38;5;237m━━━━━━━━━━━━━━━[0m [35m 50%[0m [36m0:00:50[0m[2KCaching / undistorting train images [38;2;249;38;114m━━━━━━━━━━━━━━━[0m[38;2;249;38;114m╸[0m[38;5;237m━━━━━━━━━━━━━━━[0m [35m 50%[0m [36m0:00:50[0m[2KCaching / undistorting train images [38;2;249;38;114m━━━━━━━━━━━━━━━[0m[38;2;249;38;114m╸[0m[38;5;237m━━━━━━━━━━━━━━━[0m [35m 51%[0m [36m0:00:50[0m[2KCaching / undistorting train images [38;2;249;38;114m━━━━━━━━━━━━━━━[0m[38;2;249;38;114m╸[0m[38;5;237m━━━━━━━━━━━━━━━[0m [35m 51%[0m [36m0:00:50[0m[2KCaching / undistorting train images [38;2;249;38;114m━━━━━━━━━━━━━━━[0m[38;2;249;38;114m╸[0m[38;5;237m━━━━━━━━━━━━━━━[0m [35m 51%[0m [36m0:00:50[0m[2KCaching / undistorting train images [38;2;249;38;114m━━━━━━━━━━━━━━━[0m[38;2;249;38;114m╸[0m[38;5;237m━━━━━━━━━━━━━━━[0m [35m 51%[0m [36m0:00:50[0m[2KCaching / undistorting train images [38;2;249;38;114m━━━━━━━━━━━━━━━[0m[38;2;249;38;114m╸[0m[38;5;237m━━━━━━━━━━━━━━━[0m [35m 51%[0m [36m0:00:50[0m[2KCaching / undistorting train images [38;2;249;38;114m━━━━━━━━━━━━━━━[0m[38;2;249;38;114m╸[0m[38;5;237m━━━━━━━━━━━━━━━[0m [35m 51%[0m [36m0:00:49[0m[2KCaching / undistorting train images [38;2;249;38;114m━━━━━━━━━━━━━━━[0m[38;2;249;38;114m╸[0m[38;5;237m━━━━━━━━━━━━━━━[0m [35m 51%[0m [36m0:00:49[0m[2KCaching / undistorting train images [38;2;249;38;114m━━━━━━━━━━━━━━━[0m[38;2;249;38;114m╸[0m[38;5;237m━━━━━━━━━━━━━━━[0m [35m 51%[0m [36m0:00:49[0m[2KCaching / undistorting train images [38;2;249;38;114m━━━━━━━━━━━━━━━[0m[38;2;249;38;114m╸[0m[38;5;237m━━━━━━━━━━━━━━━[0m [35m 51%[0m [36m0:00:49[0m[2KCaching / undistorting train images [38;2;249;38;114m━━━━━━━━━━━━━━━[0m[38;2;249;38;114m╸[0m[38;5;237m━━━━━━━━━━━━━━━[0m [35m 52%[0m [36m0:00:49[0m[2KCaching / undistorting train images [38;2;249;38;114m━━━━━━━━━━━━━━━━[0m[38;5;237m╺[0m[38;5;237m━━━━━━━━━━━━━━[0m [35m 52%[0m [36m0:00:48[0m[2KCaching / undistorting train images [38;2;249;38;114m━━━━━━━━━━━━━━━━[0m[38;5;237m╺[0m[38;5;237m━━━━━━━━━━━━━━[0m [35m 52%[0m [36m0:00:48[0m[2KCaching / undistorting train images [38;2;249;38;114m━━━━━━━━━━━━━━━━[0m[38;5;237m╺[0m[38;5;237m━━━━━━━━━━━━━━[0m [35m 52%[0m [36m0:00:48[0m[2KCaching / undistorting train images [38;2;249;38;114m━━━━━━━━━━━━━━━━[0m[38;5;237m╺[0m[38;5;237m━━━━━━━━━━━━━━[0m [35m 52%[0m [36m0:00:48[0m[2KCaching / undistorting train images [38;2;249;38;114m━━━━━━━━━━━━━━━━[0m[38;5;237m╺[0m[38;5;237m━━━━━━━━━━━━━━[0m [35m 52%[0m [36m0:00:48[0m[2KCaching / undistorting train images [38;2;249;38;114m━━━━━━━━━━━━━━━━[0m[38;5;237m╺[0m[38;5;237m━━━━━━━━━━━━━━[0m [35m 52%[0m [36m0:00:48[0m[2KCaching / undistorting train images [38;2;249;38;114m━━━━━━━━━━━━━━━━[0m[38;5;237m╺[0m[38;5;237m━━━━━━━━━━━━━━[0m [35m 52%[0m [36m0:00:48[0m[2KCaching / undistorting train images [38;2;249;38;114m━━━━━━━━━━━━━━━━[0m[38;5;237m╺[0m[38;5;237m━━━━━━━━━━━━━━[0m [35m 52%[0m [36m0:00:48[0m[2KCaching / undistorting train images [38;2;249;38;114m━━━━━━━━━━━━━━━━[0m[38;5;237m╺[0m[38;5;237m━━━━━━━━━━━━━━[0m [35m 52%[0m [36m0:00:48[0m[2KCaching / undistorting train images [38;2;249;38;114m━━━━━━━━━━━━━━━━[0m[38;5;237m╺[0m[38;5;237m━━━━━━━━━━━━━━[0m [35m 52%[0m [36m0:00:48[0m[2KCaching / undistorting train images [38;2;249;38;114m━━━━━━━━━━━━━━━━[0m[38;5;237m╺[0m[38;5;237m━━━━━━━━━━━━━━[0m [35m 53%[0m [36m0:00:48[0m[2KCaching / undistorting train images [38;2;249;38;114m━━━━━━━━━━━━━━━━[0m[38;5;237m╺[0m[38;5;237m━━━━━━━━━━━━━━[0m [35m 53%[0m [36m0:00:47[0m[2KCaching / undistorting train images [38;2;249;38;114m━━━━━━━━━━━━━━━━[0m[38;5;237m╺[0m[38;5;237m━━━━━━━━━━━━━━[0m [35m 53%[0m [36m0:00:47[0m[2KCaching / undistorting train images [38;2;249;38;114m━━━━━━━━━━━━━━━━[0m[38;5;237m╺[0m[38;5;237m━━━━━━━━━━━━━━[0m [35m 53%[0m [36m0:00:47[0m[2KCaching / undistorting train images [38;2;249;38;114m━━━━━━━━━━━━━━━━[0m[38;5;237m╺[0m[38;5;237m━━━━━━━━━━━━━━[0m [35m 53%[0m [36m0:00:47[0m[2KCaching / undistorting train images [38;2;249;38;114m━━━━━━━━━━━━━━━━[0m[38;5;237m╺[0m[38;5;237m━━━━━━━━━━━━━━[0m [35m 53%[0m [36m0:00:47[0m[2KCaching / undistorting train images [38;2;249;38;114m━━━━━━━━━━━━━━━━[0m[38;5;237m╺[0m[38;5;237m━━━━━━━━━━━━━━[0m [35m 53%[0m [36m0:00:47[0m[2KCaching / undistorting train images [38;2;249;38;114m━━━━━━━━━━━━━━━━[0m[38;2;249;38;114m╸[0m[38;5;237m━━━━━━━━━━━━━━[0m [35m 53%[0m [36m0:00:47[0m[2KCaching / undistorting train images [38;2;249;38;114m━━━━━━━━━━━━━━━━[0m[38;2;249;38;114m╸[0m[38;5;237m━━━━━━━━━━━━━━[0m [35m 54%[0m [36m0:00:47[0m[2KCaching / undistorting train images [38;2;249;38;114m━━━━━━━━━━━━━━━━[0m[38;2;249;38;114m╸[0m[38;5;237m━━━━━━━━━━━━━━[0m [35m 54%[0m [36m0:00:47[0m[2KCaching / undistorting train images [38;2;249;38;114m━━━━━━━━━━━━━━━━[0m[38;2;249;38;114m╸[0m[38;5;237m━━━━━━━━━━━━━━[0m [35m 54%[0m [36m0:00:47[0m[2KCaching / undistorting train images [38;2;249;38;114m━━━━━━━━━━━━━━━━[0m[38;2;249;38;114m╸[0m[38;5;237m━━━━━━━━━━━━━━[0m [35m 54%[0m [36m0:00:46[0m[2KCaching / undistorting train images [38;2;249;38;114m━━━━━━━━━━━━━━━━[0m[38;2;249;38;114m╸[0m[38;5;237m━━━━━━━━━━━━━━[0m [35m 54%[0m [36m0:00:46[0m[2KCaching / undistorting train images [38;2;249;38;114m━━━━━━━━━━━━━━━━[0m[38;2;249;38;114m╸[0m[38;5;237m━━━━━━━━━━━━━━[0m [35m 54%[0m [36m0:00:46[0m[2KCaching / undistorting train images [38;2;249;38;114m━━━━━━━━━━━━━━━━[0m[38;2;249;38;114m╸[0m[38;5;237m━━━━━━━━━━━━━━[0m [35m 54%[0m [36m0:00:46[0m[2KCaching / undistorting train images [38;2;249;38;114m━━━━━━━━━━━━━━━━[0m[38;2;249;38;114m╸[0m[38;5;237m━━━━━━━━━━━━━━[0m [35m 54%[0m [36m0:00:46[0m[2KCaching / undistorting train images [38;2;249;38;114m━━━━━━━━━━━━━━━━[0m[38;2;249;38;114m╸[0m[38;5;237m━━━━━━━━━━━━━━[0m [35m 55%[0m [36m0:00:46[0m[2KCaching / undistorting train images [38;2;249;38;114m━━━━━━━━━━━━━━━━━[0m[38;5;237m╺[0m[38;5;237m━━━━━━━━━━━━━[0m [35m 55%[0m [36m0:00:45[0m[2KCaching / undistorting train images [38;2;249;38;114m━━━━━━━━━━━━━━━━━[0m[38;5;237m╺[0m[38;5;237m━━━━━━━━━━━━━[0m [35m 55%[0m [36m0:00:45[0m[2KCaching / undistorting train images [38;2;249;38;114m━━━━━━━━━━━━━━━━━[0m[38;5;237m╺[0m[38;5;237m━━━━━━━━━━━━━[0m [35m 55%[0m [36m0:00:45[0m[2KCaching / undistorting train images [38;2;249;38;114m━━━━━━━━━━━━━━━━━[0m[38;5;237m╺[0m[38;5;237m━━━━━━━━━━━━━[0m [35m 55%[0m [36m0:00:45[0m[2KCaching / undistorting train images [38;2;249;38;114m━━━━━━━━━━━━━━━━━[0m[38;5;237m╺[0m[38;5;237m━━━━━━━━━━━━━[0m [35m 55%[0m [36m0:00:45[0m[2KCaching / undistorting train images [38;2;249;38;114m━━━━━━━━━━━━━━━━━[0m[38;5;237m╺[0m[38;5;237m━━━━━━━━━━━━━[0m [35m 55%[0m [36m0:00:45[0m[2KCaching / undistorting train images [38;2;249;38;114m━━━━━━━━━━━━━━━━━[0m[38;5;237m╺[0m[38;5;237m━━━━━━━━━━━━━[0m [35m 56%[0m [36m0:00:44[0m[2KCaching / undistorting train images [38;2;249;38;114m━━━━━━━━━━━━━━━━━[0m[38;5;237m╺[0m[38;5;237m━━━━━━━━━━━━━[0m [35m 56%[0m [36m0:00:44[0m[2KCaching / undistorting train images [38;2;249;38;114m━━━━━━━━━━━━━━━━━[0m[38;5;237m╺[0m[38;5;237m━━━━━━━━━━━━━[0m [35m 56%[0m [36m0:00:44[0m[2KCaching / undistorting train images [38;2;249;38;114m━━━━━━━━━━━━━━━━━[0m[38;5;237m╺[0m[38;5;237m━━━━━━━━━━━━━[0m [35m 56%[0m [36m0:00:44[0m[2KCaching / undistorting train images [38;2;249;38;114m━━━━━━━━━━━━━━━━━[0m[38;5;237m╺[0m[38;5;237m━━━━━━━━━━━━━[0m [35m 56%[0m [36m0:00:44[0m[2KCaching / undistorting train images [38;2;249;38;114m━━━━━━━━━━━━━━━━━[0m[38;5;237m╺[0m[38;5;237m━━━━━━━━━━━━━[0m [35m 56%[0m [36m0:00:44[0m[2KCaching / undistorting train images [38;2;249;38;114m━━━━━━━━━━━━━━━━━[0m[38;5;237m╺[0m[38;5;237m━━━━━━━━━━━━━[0m [35m 56%[0m [36m0:00:44[0m[2KCaching / undistorting train images [38;2;249;38;114m━━━━━━━━━━━━━━━━━[0m[38;5;237m╺[0m[38;5;237m━━━━━━━━━━━━━[0m [35m 56%[0m [36m0:00:44[0m[2KCaching / undistorting train images [38;2;249;38;114m━━━━━━━━━━━━━━━━━[0m[38;5;237m╺[0m[38;5;237m━━━━━━━━━━━━━[0m [35m 56%[0m [36m0:00:44[0m[2KCaching / undistorting train images [38;2;249;38;114m━━━━━━━━━━━━━━━━━[0m[38;5;237m╺[0m[38;5;237m━━━━━━━━━━━━━[0m [35m 56%[0m [36m0:00:44[0m[2KCaching / undistorting train images [38;2;249;38;114m━━━━━━━━━━━━━━━━━[0m[38;5;237m╺[0m[38;5;237m━━━━━━━━━━━━━[0m [35m 56%[0m [36m0:00:44[0m[2KCaching / undistorting train images [38;2;249;38;114m━━━━━━━━━━━━━━━━━[0m[38;2;249;38;114m╸[0m[38;5;237m━━━━━━━━━━━━━[0m [35m 56%[0m [36m0:00:44[0m[2KCaching / undistorting train images [38;2;249;38;114m━━━━━━━━━━━━━━━━━[0m[38;2;249;38;114m╸[0m[38;5;237m━━━━━━━━━━━━━[0m [35m 57%[0m [36m0:00:44[0m[2KCaching / undistorting train images [38;2;249;38;114m━━━━━━━━━━━━━━━━━[0m[38;2;249;38;114m╸[0m[38;5;237m━━━━━━━━━━━━━[0m [35m 57%[0m [36m0:00:44[0m[2KCaching / undistorting train images [38;2;249;38;114m━━━━━━━━━━━━━━━━━[0m[38;2;249;38;114m╸[0m[38;5;237m━━━━━━━━━━━━━[0m [35m 57%[0m [36m0:00:44[0m[2KCaching / undistorting train images [38;2;249;38;114m━━━━━━━━━━━━━━━━━[0m[38;2;249;38;114m╸[0m[38;5;237m━━━━━━━━━━━━━[0m [35m 57%[0m [36m0:00:44[0m[2KCaching / undistorting train images [38;2;249;38;114m━━━━━━━━━━━━━━━━━[0m[38;2;249;38;114m╸[0m[38;5;237m━━━━━━━━━━━━━[0m [35m 57%[0m [36m0:00:44[0m[2KCaching / undistorting train images [38;2;249;38;114m━━━━━━━━━━━━━━━━━[0m[38;2;249;38;114m╸[0m[38;5;237m━━━━━━━━━━━━━[0m [35m 57%[0m [36m0:00:44[0m[2KCaching / undistorting train images [38;2;249;38;114m━━━━━━━━━━━━━━━━━[0m[38;2;249;38;114m╸[0m[38;5;237m━━━━━━━━━━━━━[0m [35m 57%[0m [36m0:00:44[0m[2KCaching / undistorting train images [38;2;249;38;114m━━━━━━━━━━━━━━━━━[0m[38;2;249;38;114m╸[0m[38;5;237m━━━━━━━━━━━━━[0m [35m 57%[0m [36m0:00:44[0m[2KCaching / undistorting train images [38;2;249;38;114m━━━━━━━━━━━━━━━━━[0m[38;2;249;38;114m╸[0m[38;5;237m━━━━━━━━━━━━━[0m [35m 57%[0m [36m0:00:44[0m[2KCaching / undistorting train images [38;2;249;38;114m━━━━━━━━━━━━━━━━━[0m[38;2;249;38;114m╸[0m[38;5;237m━━━━━━━━━━━━━[0m [35m 57%[0m [36m0:00:44[0m[2KCaching / undistorting train images [38;2;249;38;114m━━━━━━━━━━━━━━━━━[0m[38;2;249;38;114m╸[0m[38;5;237m━━━━━━━━━━━━━[0m [35m 57%[0m [36m0:00:43[0m[2KCaching / undistorting train images [38;2;249;38;114m━━━━━━━━━━━━━━━━━[0m[38;2;249;38;114m╸[0m[38;5;237m━━━━━━━━━━━━━[0m [35m 57%[0m [36m0:00:43[0m[2KCaching / undistorting train images [38;2;249;38;114m━━━━━━━━━━━━━━━━━[0m[38;2;249;38;114m╸[0m[38;5;237m━━━━━━━━━━━━━[0m [35m 57%[0m [36m0:00:43[0m[2KCaching / undistorting train images [38;2;249;38;114m━━━━━━━━━━━━━━━━━[0m[38;2;249;38;114m╸[0m[38;5;237m━━━━━━━━━━━━━[0m [35m 57%[0m [36m0:00:43[0m[2KCaching / undistorting train images [38;2;249;38;114m━━━━━━━━━━━━━━━━━[0m[38;2;249;38;114m╸[0m[38;5;237m━━━━━━━━━━━━━[0m [35m 58%[0m [36m0:00:43[0m[2KCaching / undistorting train images [38;2;249;38;114m━━━━━━━━━━━━━━━━━[0m[38;2;249;38;114m╸[0m[38;5;237m━━━━━━━━━━━━━[0m [35m 58%[0m [36m0:00:42[0m[2KCaching / undistorting train images [38;2;249;38;114m━━━━━━━━━━━━━━━━━[0m[38;2;249;38;114m╸[0m[38;5;237m━━━━━━━━━━━━━[0m [35m 58%[0m [36m0:00:42[0m[2KCaching / undistorting train images [38;2;249;38;114m━━━━━━━━━━━━━━━━━[0m[38;2;249;38;114m╸[0m[38;5;237m━━━━━━━━━━━━━[0m [35m 58%[0m [36m0:00:42[0m[2KCaching / undistorting train images [38;2;249;38;114m━━━━━━━━━━━━━━━━━[0m[38;2;249;38;114m╸[0m[38;5;237m━━━━━━━━━━━━━[0m [35m 58%[0m [36m0:00:42[0m[2KCaching / undistorting train images [38;2;249;38;114m━━━━━━━━━━━━━━━━━━[0m[38;5;237m╺[0m[38;5;237m━━━━━━━━━━━━[0m [35m 58%[0m [36m0:00:42[0m[2KCaching / undistorting train images [38;2;249;38;114m━━━━━━━━━━━━━━━━━━[0m[38;5;237m╺[0m[38;5;237m━━━━━━━━━━━━[0m [35m 59%[0m [36m0:00:42[0m[2KCaching / undistorting train images [38;2;249;38;114m━━━━━━━━━━━━━━━━━━[0m[38;5;237m╺[0m[38;5;237m━━━━━━━━━━━━[0m [35m 59%[0m [36m0:00:42[0m[2KCaching / undistorting train images [38;2;249;38;114m━━━━━━━━━━━━━━━━━━[0m[38;5;237m╺[0m[38;5;237m━━━━━━━━━━━━[0m [35m 59%[0m [36m0:00:42[0m[2KCaching / undistorting train images [38;2;249;38;114m━━━━━━━━━━━━━━━━━━[0m[38;5;237m╺[0m[38;5;237m━━━━━━━━━━━━[0m [35m 59%[0m [36m0:00:42[0m[2KCaching / undistorting train images [38;2;249;38;114m━━━━━━━━━━━━━━━━━━[0m[38;5;237m╺[0m[38;5;237m━━━━━━━━━━━━[0m [35m 59%[0m [36m0:00:42[0m[2KCaching / undistorting train images [38;2;249;38;114m━━━━━━━━━━━━━━━━━━[0m[38;5;237m╺[0m[38;5;237m━━━━━━━━━━━━[0m [35m 59%[0m [36m0:00:42[0m[2KCaching / undistorting train images [38;2;249;38;114m━━━━━━━━━━━━━━━━━━[0m[38;5;237m╺[0m[38;5;237m━━━━━━━━━━━━[0m [35m 59%[0m [36m0:00:42[0m[2KCaching / undistorting train images [38;2;249;38;114m━━━━━━━━━━━━━━━━━━[0m[38;5;237m╺[0m[38;5;237m━━━━━━━━━━━━[0m [35m 59%[0m [36m0:00:42[0m[2KCaching / undistorting train images [38;2;249;38;114m━━━━━━━━━━━━━━━━━━[0m[38;5;237m╺[0m[38;5;237m━━━━━━━━━━━━[0m [35m 59%[0m [36m0:00:42[0m[2KCaching / undistorting train images [38;2;249;38;114m━━━━━━━━━━━━━━━━━━[0m[38;5;237m╺[0m[38;5;237m━━━━━━━━━━━━[0m [35m 59%[0m [36m0:00:42[0m[2KCaching / undistorting train images [38;2;249;38;114m━━━━━━━━━━━━━━━━━━[0m[38;2;249;38;114m╸[0m[38;5;237m━━━━━━━━━━━━[0m [35m 60%[0m [36m0:00:40[0m[2KCaching / undistorting train images [38;2;249;38;114m━━━━━━━━━━━━━━━━━━[0m[38;2;249;38;114m╸[0m[38;5;237m━━━━━━━━━━━━[0m [35m 60%[0m [36m0:00:40[0m[2KCaching / undistorting train images [38;2;249;38;114m━━━━━━━━━━━━━━━━━━[0m[38;2;249;38;114m╸[0m[38;5;237m━━━━━━━━━━━━[0m [35m 60%[0m [36m0:00:40[0m[2KCaching / undistorting train images [38;2;249;38;114m━━━━━━━━━━━━━━━━━━[0m[38;2;249;38;114m╸[0m[38;5;237m━━━━━━━━━━━━[0m [35m 60%[0m [36m0:00:40[0m[2KCaching / undistorting train images [38;2;249;38;114m━━━━━━━━━━━━━━━━━━[0m[38;2;249;38;114m╸[0m[38;5;237m━━━━━━━━━━━━[0m [35m 60%[0m [36m0:00:41[0m[2KCaching / undistorting train images [38;2;249;38;114m━━━━━━━━━━━━━━━━━━[0m[38;2;249;38;114m╸[0m[38;5;237m━━━━━━━━━━━━[0m [35m 60%[0m [36m0:00:41[0m[2KCaching / undistorting train images [38;2;249;38;114m━━━━━━━━━━━━━━━━━━[0m[38;2;249;38;114m╸[0m[38;5;237m━━━━━━━━━━━━[0m [35m 60%[0m [36m0:00:41[0m[2KCaching / undistorting train images [38;2;249;38;114m━━━━━━━━━━━━━━━━━━[0m[38;2;249;38;114m╸[0m[38;5;237m━━━━━━━━━━━━[0m [35m 60%[0m [36m0:00:41[0m[2KCaching / undistorting train images [38;2;249;38;114m━━━━━━━━━━━━━━━━━━[0m[38;2;249;38;114m╸[0m[38;5;237m━━━━━━━━━━━━[0m [35m 60%[0m [36m0:00:41[0m[2KCaching / undistorting train images [38;2;249;38;114m━━━━━━━━━━━━━━━━━━[0m[38;2;249;38;114m╸[0m[38;5;237m━━━━━━━━━━━━[0m [35m 60%[0m [36m0:00:40[0m[2KCaching / undistorting train images [38;2;249;38;114m━━━━━━━━━━━━━━━━━━[0m[38;2;249;38;114m╸[0m[38;5;237m━━━━━━━━━━━━[0m [35m 60%[0m [36m0:00:40[0m[2KCaching / undistorting train images [38;2;249;38;114m━━━━━━━━━━━━━━━━━━[0m[38;2;249;38;114m╸[0m[38;5;237m━━━━━━━━━━━━[0m [35m 60%[0m [36m0:00:40[0m[2KCaching / undistorting train images [38;2;249;38;114m━━━━━━━━━━━━━━━━━━[0m[38;2;249;38;114m╸[0m[38;5;237m━━━━━━━━━━━━[0m [35m 60%[0m [36m0:00:40[0m[2KCaching / undistorting train images [38;2;249;38;114m━━━━━━━━━━━━━━━━━━[0m[38;2;249;38;114m╸[0m[38;5;237m━━━━━━━━━━━━[0m [35m 60%[0m [36m0:00:40[0m[2KCaching / undistorting train images [38;2;249;38;114m━━━━━━━━━━━━━━━━━━[0m[38;2;249;38;114m╸[0m[38;5;237m━━━━━━━━━━━━[0m [35m 60%[0m [36m0:00:40[0m[2KCaching / undistorting train images [38;2;249;38;114m━━━━━━━━━━━━━━━━━━[0m[38;2;249;38;114m╸[0m[38;5;237m━━━━━━━━━━━━[0m [35m 60%[0m [36m0:00:40[0m[2KCaching / undistorting train images [38;2;249;38;114m━━━━━━━━━━━━━━━━━━[0m[38;2;249;38;114m╸[0m[38;5;237m━━━━━━━━━━━━[0m [35m 60%[0m [36m0:00:40[0m[2KCaching / undistorting train images [38;2;249;38;114m━━━━━━━━━━━━━━━━━━[0m[38;2;249;38;114m╸[0m[38;5;237m━━━━━━━━━━━━[0m [35m 60%[0m [36m0:00:40[0m[2KCaching / undistorting train images [38;2;249;38;114m━━━━━━━━━━━━━━━━━━[0m[38;2;249;38;114m╸[0m[38;5;237m━━━━━━━━━━━━[0m [35m 60%[0m [36m0:00:40[0m[2KCaching / undistorting train images [38;2;249;38;114m━━━━━━━━━━━━━━━━━━[0m[38;2;249;38;114m╸[0m[38;5;237m━━━━━━━━━━━━[0m [35m 61%[0m [36m0:00:40[0m[2KCaching / undistorting train images [38;2;249;38;114m━━━━━━━━━━━━━━━━━━[0m[38;2;249;38;114m╸[0m[38;5;237m━━━━━━━━━━━━[0m [35m 61%[0m [36m0:00:40[0m[2KCaching / undistorting train images [38;2;249;38;114m━━━━━━━━━━━━━━━━━━[0m[38;2;249;38;114m╸[0m[38;5;237m━━━━━━━━━━━━[0m [35m 61%[0m [36m0:00:40[0m[2KCaching / undistorting train images [38;2;249;38;114m━━━━━━━━━━━━━━━━━━[0m[38;2;249;38;114m╸[0m[38;5;237m━━━━━━━━━━━━[0m [35m 61%[0m [36m0:00:40[0m[2KCaching / undistorting train images [38;2;249;38;114m━━━━━━━━━━━━━━━━━━[0m[38;2;249;38;114m╸[0m[38;5;237m━━━━━━━━━━━━[0m [35m 61%[0m [36m0:00:40[0m[2KCaching / undistorting train images [38;2;249;38;114m━━━━━━━━━━━━━━━━━━━[0m[38;5;237m╺[0m[38;5;237m━━━━━━━━━━━[0m [35m 62%[0m [36m0:00:40[0m[2KCaching / undistorting train images [38;2;249;38;114m━━━━━━━━━━━━━━━━━━━[0m[38;5;237m╺[0m[38;5;237m━━━━━━━━━━━[0m [35m 62%[0m [36m0:00:40[0m[2KCaching / undistorting train images [38;2;249;38;114m━━━━━━━━━━━━━━━━━━━[0m[38;5;237m╺[0m[38;5;237m━━━━━━━━━━━[0m [35m 62%[0m [36m0:00:40[0m[2KCaching / undistorting train images [38;2;249;38;114m━━━━━━━━━━━━━━━━━━━[0m[38;5;237m╺[0m[38;5;237m━━━━━━━━━━━[0m [35m 62%[0m [36m0:00:40[0m[2KCaching / undistorting train images [38;2;249;38;114m━━━━━━━━━━━━━━━━━━━[0m[38;5;237m╺[0m[38;5;237m━━━━━━━━━━━[0m [35m 62%[0m [36m0:00:40[0m[2KCaching / undistorting train images [38;2;249;38;114m━━━━━━━━━━━━━━━━━━━[0m[38;5;237m╺[0m[38;5;237m━━━━━━━━━━━[0m [35m 62%[0m [36m0:00:40[0m[2KCaching / undistorting train images [38;2;249;38;114m━━━━━━━━━━━━━━━━━━━[0m[38;5;237m╺[0m[38;5;237m━━━━━━━━━━━[0m [35m 62%[0m [36m0:00:40[0m[2KCaching / undistorting train images [38;2;249;38;114m━━━━━━━━━━━━━━━━━━━[0m[38;5;237m╺[0m[38;5;237m━━━━━━━━━━━[0m [35m 62%[0m [36m0:00:40[0m[2KCaching / undistorting train images [38;2;249;38;114m━━━━━━━━━━━━━━━━━━━[0m[38;5;237m╺[0m[38;5;237m━━━━━━━━━━━[0m [35m 62%[0m [36m0:00:40[0m[2KCaching / undistorting train images [38;2;249;38;114m━━━━━━━━━━━━━━━━━━━[0m[38;5;237m╺[0m[38;5;237m━━━━━━━━━━━[0m [35m 62%[0m [36m0:00:40[0m[2KCaching / undistorting train images [38;2;249;38;114m━━━━━━━━━━━━━━━━━━━[0m[38;5;237m╺[0m[38;5;237m━━━━━━━━━━━[0m [35m 62%[0m [36m0:00:40[0m[2KCaching / undistorting train images [38;2;249;38;114m━━━━━━━━━━━━━━━━━━━[0m[38;5;237m╺[0m[38;5;237m━━━━━━━━━━━[0m [35m 62%[0m [36m0:00:40[0m[2KCaching / undistorting train images [38;2;249;38;114m━━━━━━━━━━━━━━━━━━━[0m[38;5;237m╺[0m[38;5;237m━━━━━━━━━━━[0m [35m 63%[0m [36m0:00:39[0m[2KCaching / undistorting train images [38;2;249;38;114m━━━━━━━━━━━━━━━━━━━[0m[38;2;249;38;114m╸[0m[38;5;237m━━━━━━━━━━━[0m [35m 63%[0m [36m0:00:39[0m[2KCaching / undistorting train images [38;2;249;38;114m━━━━━━━━━━━━━━━━━━━[0m[38;2;249;38;114m╸[0m[38;5;237m━━━━━━━━━━━[0m [35m 63%[0m [36m0:00:39[0m[2KCaching / undistorting train images [38;2;249;38;114m━━━━━━━━━━━━━━━━━━━[0m[38;2;249;38;114m╸[0m[38;5;237m━━━━━━━━━━━[0m [35m 63%[0m [36m0:00:39[0m[2KCaching / undistorting train images [38;2;249;38;114m━━━━━━━━━━━━━━━━━━━[0m[38;2;249;38;114m╸[0m[38;5;237m━━━━━━━━━━━[0m [35m 63%[0m [36m0:00:39[0m[2KCaching / undistorting train images [38;2;249;38;114m━━━━━━━━━━━━━━━━━━━[0m[38;2;249;38;114m╸[0m[38;5;237m━━━━━━━━━━━[0m [35m 63%[0m [36m0:00:38[0m[2KCaching / undistorting train images [38;2;249;38;114m━━━━━━━━━━━━━━━━━━━[0m[38;2;249;38;114m╸[0m[38;5;237m━━━━━━━━━━━[0m [35m 64%[0m [36m0:00:38[0m[2KCaching / undistorting train images [38;2;249;38;114m━━━━━━━━━━━━━━━━━━━[0m[38;2;249;38;114m╸[0m[38;5;237m━━━━━━━━━━━[0m [35m 64%[0m [36m0:00:38[0m[2KCaching / undistorting train images [38;2;249;38;114m━━━━━━━━━━━━━━━━━━━[0m[38;2;249;38;114m╸[0m[38;5;237m━━━━━━━━━━━[0m [35m 64%[0m [36m0:00:38[0m[2KCaching / undistorting train images [38;2;249;38;114m━━━━━━━━━━━━━━━━━━━[0m[38;2;249;38;114m╸[0m[38;5;237m━━━━━━━━━━━[0m [35m 64%[0m [36m0:00:37[0m[2KCaching / undistorting train images [38;2;249;38;114m━━━━━━━━━━━━━━━━━━━[0m[38;2;249;38;114m╸[0m[38;5;237m━━━━━━━━━━━[0m [35m 64%[0m [36m0:00:36[0m[2KCaching / undistorting train images [38;2;249;38;114m━━━━━━━━━━━━━━━━━━━[0m[38;2;249;38;114m╸[0m[38;5;237m━━━━━━━━━━━[0m [35m 64%[0m [36m0:00:36[0m[2KCaching / undistorting train images [38;2;249;38;114m━━━━━━━━━━━━━━━━━━━[0m[38;2;249;38;114m╸[0m[38;5;237m━━━━━━━━━━━[0m [35m 64%[0m [36m0:00:36[0m[2KCaching / undistorting train images [38;2;249;38;114m━━━━━━━━━━━━━━━━━━━[0m[38;2;249;38;114m╸[0m[38;5;237m━━━━━━━━━━━[0m [35m 64%[0m [36m0:00:36[0m[2KCaching / undistorting train images [38;2;249;38;114m━━━━━━━━━━━━━━━━━━━[0m[38;2;249;38;114m╸[0m[38;5;237m━━━━━━━━━━━[0m [35m 64%[0m [36m0:00:36[0m[2KCaching / undistorting train images [38;2;249;38;114m━━━━━━━━━━━━━━━━━━━[0m[38;2;249;38;114m╸[0m[38;5;237m━━━━━━━━━━━[0m [35m 65%[0m [36m0:00:36[0m[2KCaching / undistorting train images [38;2;249;38;114m━━━━━━━━━━━━━━━━━━━[0m[38;2;249;38;114m╸[0m[38;5;237m━━━━━━━━━━━[0m [35m 65%[0m [36m0:00:36[0m[2KCaching / undistorting train images [38;2;249;38;114m━━━━━━━━━━━━━━━━━━━━[0m[38;5;237m╺[0m[38;5;237m━━━━━━━━━━[0m [35m 65%[0m [36m0:00:36[0m[2KCaching / undistorting train images [38;2;249;38;114m━━━━━━━━━━━━━━━━━━━━[0m[38;5;237m╺[0m[38;5;237m━━━━━━━━━━[0m [35m 65%[0m [36m0:00:36[0m[2KCaching / undistorting train images [38;2;249;38;114m━━━━━━━━━━━━━━━━━━━━[0m[38;5;237m╺[0m[38;5;237m━━━━━━━━━━[0m [35m 65%[0m [36m0:00:36[0m[2KCaching / undistorting train images [38;2;249;38;114m━━━━━━━━━━━━━━━━━━━━[0m[38;5;237m╺[0m[38;5;237m━━━━━━━━━━[0m [35m 65%[0m [36m0:00:36[0m[2KCaching / undistorting train images [38;2;249;38;114m━━━━━━━━━━━━━━━━━━━━[0m[38;5;237m╺[0m[38;5;237m━━━━━━━━━━[0m [35m 65%[0m [36m0:00:36[0m[2KCaching / undistorting train images [38;2;249;38;114m━━━━━━━━━━━━━━━━━━━━[0m[38;5;237m╺[0m[38;5;237m━━━━━━━━━━[0m [35m 65%[0m [36m0:00:36[0m[2KCaching / undistorting train images [38;2;249;38;114m━━━━━━━━━━━━━━━━━━━━[0m[38;5;237m╺[0m[38;5;237m━━━━━━━━━━[0m [35m 65%[0m [36m0:00:35[0m[2KCaching / undistorting train images [38;2;249;38;114m━━━━━━━━━━━━━━━━━━━━[0m[38;5;237m╺[0m[38;5;237m━━━━━━━━━━[0m [35m 65%[0m [36m0:00:35[0m[2KCaching / undistorting train images [38;2;249;38;114m━━━━━━━━━━━━━━━━━━━━[0m[38;5;237m╺[0m[38;5;237m━━━━━━━━━━[0m [35m 65%[0m [36m0:00:35[0m[2KCaching / undistorting train images [38;2;249;38;114m━━━━━━━━━━━━━━━━━━━━[0m[38;5;237m╺[0m[38;5;237m━━━━━━━━━━[0m [35m 65%[0m [36m0:00:35[0m[2KCaching / undistorting train images [38;2;249;38;114m━━━━━━━━━━━━━━━━━━━━[0m[38;5;237m╺[0m[38;5;237m━━━━━━━━━━[0m [35m 66%[0m [36m0:00:35[0m[2KCaching / undistorting train images [38;2;249;38;114m━━━━━━━━━━━━━━━━━━━━[0m[38;5;237m╺[0m[38;5;237m━━━━━━━━━━[0m [35m 66%[0m [36m0:00:34[0m[2KCaching / undistorting train images [38;2;249;38;114m━━━━━━━━━━━━━━━━━━━━[0m[38;5;237m╺[0m[38;5;237m━━━━━━━━━━[0m [35m 66%[0m [36m0:00:34[0m[2KCaching / undistorting train images [38;2;249;38;114m━━━━━━━━━━━━━━━━━━━━[0m[38;5;237m╺[0m[38;5;237m━━━━━━━━━━[0m [35m 66%[0m [36m0:00:34[0m[2KCaching / undistorting train images [38;2;249;38;114m━━━━━━━━━━━━━━━━━━━━[0m[38;5;237m╺[0m[38;5;237m━━━━━━━━━━[0m [35m 66%[0m [36m0:00:34[0m[2KCaching / undistorting train images [38;2;249;38;114m━━━━━━━━━━━━━━━━━━━━[0m[38;5;237m╺[0m[38;5;237m━━━━━━━━━━[0m [35m 66%[0m [36m0:00:34[0m[2KCaching / undistorting train images [38;2;249;38;114m━━━━━━━━━━━━━━━━━━━━[0m[38;5;237m╺[0m[38;5;237m━━━━━━━━━━[0m [35m 66%[0m [36m0:00:34[0m[2KCaching / undistorting train images [38;2;249;38;114m━━━━━━━━━━━━━━━━━━━━[0m[38;5;237m╺[0m[38;5;237m━━━━━━━━━━[0m [35m 66%[0m [36m0:00:34[0m[2KCaching / undistorting train images [38;2;249;38;114m━━━━━━━━━━━━━━━━━━━━[0m[38;2;249;38;114m╸[0m[38;5;237m━━━━━━━━━━[0m [35m 66%[0m [36m0:00:34[0m[2KCaching / undistorting train images [38;2;249;38;114m━━━━━━━━━━━━━━━━━━━━[0m[38;2;249;38;114m╸[0m[38;5;237m━━━━━━━━━━[0m [35m 67%[0m [36m0:00:34[0m[2KCaching / undistorting train images [38;2;249;38;114m━━━━━━━━━━━━━━━━━━━━[0m[38;2;249;38;114m╸[0m[38;5;237m━━━━━━━━━━[0m [35m 67%[0m [36m0:00:34[0m[2KCaching / undistorting train images [38;2;249;38;114m━━━━━━━━━━━━━━━━━━━━[0m[38;2;249;38;114m╸[0m[38;5;237m━━━━━━━━━━[0m [35m 67%[0m [36m0:00:34[0m[2KCaching / undistorting train images [38;2;249;38;114m━━━━━━━━━━━━━━━━━━━━[0m[38;2;249;38;114m╸[0m[38;5;237m━━━━━━━━━━[0m [35m 67%[0m [36m0:00:34[0m[2KCaching / undistorting train images [38;2;249;38;114m━━━━━━━━━━━━━━━━━━━━[0m[38;2;249;38;114m╸[0m[38;5;237m━━━━━━━━━━[0m [35m 67%[0m [36m0:00:34[0m[2KCaching / undistorting train images [38;2;249;38;114m━━━━━━━━━━━━━━━━━━━━[0m[38;2;249;38;114m╸[0m[38;5;237m━━━━━━━━━━[0m [35m 67%[0m [36m0:00:34[0m[2KCaching / undistorting train images [38;2;249;38;114m━━━━━━━━━━━━━━━━━━━━[0m[38;2;249;38;114m╸[0m[38;5;237m━━━━━━━━━━[0m [35m 67%[0m [36m0:00:34[0m[2KCaching / undistorting train images [38;2;249;38;114m━━━━━━━━━━━━━━━━━━━━[0m[38;2;249;38;114m╸[0m[38;5;237m━━━━━━━━━━[0m [35m 67%[0m [36m0:00:34[0m[2KCaching / undistorting train images [38;2;249;38;114m━━━━━━━━━━━━━━━━━━━━[0m[38;2;249;38;114m╸[0m[38;5;237m━━━━━━━━━━[0m [35m 67%[0m [36m0:00:34[0m[2KCaching / undistorting train images [38;2;249;38;114m━━━━━━━━━━━━━━━━━━━━[0m[38;2;249;38;114m╸[0m[38;5;237m━━━━━━━━━━[0m [35m 67%[0m [36m0:00:34[0m[2KCaching / undistorting train images [38;2;249;38;114m━━━━━━━━━━━━━━━━━━━━[0m[38;2;249;38;114m╸[0m[38;5;237m━━━━━━━━━━[0m [35m 67%[0m [36m0:00:34[0m[2KCaching / undistorting train images [38;2;249;38;114m━━━━━━━━━━━━━━━━━━━━[0m[38;2;249;38;114m╸[0m[38;5;237m━━━━━━━━━━[0m [35m 67%[0m [36m0:00:34[0m[2KCaching / undistorting train images [38;2;249;38;114m━━━━━━━━━━━━━━━━━━━━[0m[38;2;249;38;114m╸[0m[38;5;237m━━━━━━━━━━[0m [35m 68%[0m [36m0:00:34[0m[2KCaching / undistorting train images [38;2;249;38;114m━━━━━━━━━━━━━━━━━━━━━[0m[38;5;237m╺[0m[38;5;237m━━━━━━━━━[0m [35m 68%[0m [36m0:00:33[0m[2KCaching / undistorting train images [38;2;249;38;114m━━━━━━━━━━━━━━━━━━━━━[0m[38;5;237m╺[0m[38;5;237m━━━━━━━━━[0m [35m 68%[0m [36m0:00:33[0m[2KCaching / undistorting train images [38;2;249;38;114m━━━━━━━━━━━━━━━━━━━━━[0m[38;5;237m╺[0m[38;5;237m━━━━━━━━━[0m [35m 68%[0m [36m0:00:33[0m[2KCaching / undistorting train images [38;2;249;38;114m━━━━━━━━━━━━━━━━━━━━━[0m[38;5;237m╺[0m[38;5;237m━━━━━━━━━[0m [35m 68%[0m [36m0:00:33[0m[2KCaching / undistorting train images [38;2;249;38;114m━━━━━━━━━━━━━━━━━━━━━[0m[38;5;237m╺[0m[38;5;237m━━━━━━━━━[0m [35m 68%[0m [36m0:00:33[0m[2KCaching / undistorting train images [38;2;249;38;114m━━━━━━━━━━━━━━━━━━━━━[0m[38;5;237m╺[0m[38;5;237m━━━━━━━━━[0m [35m 68%[0m [36m0:00:33[0m[2KCaching / undistorting train images [38;2;249;38;114m━━━━━━━━━━━━━━━━━━━━━[0m[38;5;237m╺[0m[38;5;237m━━━━━━━━━[0m [35m 68%[0m [36m0:00:33[0m[2KCaching / undistorting train images [38;2;249;38;114m━━━━━━━━━━━━━━━━━━━━━[0m[38;5;237m╺[0m[38;5;237m━━━━━━━━━[0m [35m 69%[0m [36m0:00:32[0m[2KCaching / undistorting train images [38;2;249;38;114m━━━━━━━━━━━━━━━━━━━━━[0m[38;5;237m╺[0m[38;5;237m━━━━━━━━━[0m [35m 69%[0m [36m0:00:32[0m[2KCaching / undistorting train images [38;2;249;38;114m━━━━━━━━━━━━━━━━━━━━━[0m[38;5;237m╺[0m[38;5;237m━━━━━━━━━[0m [35m 69%[0m [36m0:00:32[0m[2KCaching / undistorting train images [38;2;249;38;114m━━━━━━━━━━━━━━━━━━━━━[0m[38;5;237m╺[0m[38;5;237m━━━━━━━━━[0m [35m 69%[0m [36m0:00:32[0m[2KCaching / undistorting train images [38;2;249;38;114m━━━━━━━━━━━━━━━━━━━━━[0m[38;5;237m╺[0m[38;5;237m━━━━━━━━━[0m [35m 69%[0m [36m0:00:32[0m[2KCaching / undistorting train images [38;2;249;38;114m━━━━━━━━━━━━━━━━━━━━━[0m[38;5;237m╺[0m[38;5;237m━━━━━━━━━[0m [35m 69%[0m [36m0:00:31[0m[2KCaching / undistorting train images [38;2;249;38;114m━━━━━━━━━━━━━━━━━━━━━[0m[38;5;237m╺[0m[38;5;237m━━━━━━━━━[0m [35m 69%[0m [36m0:00:31[0m[2KCaching / undistorting train images [38;2;249;38;114m━━━━━━━━━━━━━━━━━━━━━[0m[38;5;237m╺[0m[38;5;237m━━━━━━━━━[0m [35m 69%[0m [36m0:00:31[0m[2KCaching / undistorting train images [38;2;249;38;114m━━━━━━━━━━━━━━━━━━━━━[0m[38;5;237m╺[0m[38;5;237m━━━━━━━━━[0m [35m 69%[0m [36m0:00:31[0m[2KCaching / undistorting train images [38;2;249;38;114m━━━━━━━━━━━━━━━━━━━━━[0m[38;2;249;38;114m╸[0m[38;5;237m━━━━━━━━━[0m [35m 69%[0m [36m0:00:31[0m[2KCaching / undistorting train images [38;2;249;38;114m━━━━━━━━━━━━━━━━━━━━━[0m[38;2;249;38;114m╸[0m[38;5;237m━━━━━━━━━[0m [35m 70%[0m [36m0:00:31[0m[2KCaching / undistorting train images [38;2;249;38;114m━━━━━━━━━━━━━━━━━━━━━[0m[38;2;249;38;114m╸[0m[38;5;237m━━━━━━━━━[0m [35m 70%[0m [36m0:00:31[0m[2KCaching / undistorting train images [38;2;249;38;114m━━━━━━━━━━━━━━━━━━━━━[0m[38;2;249;38;114m╸[0m[38;5;237m━━━━━━━━━[0m [35m 70%[0m [36m0:00:31[0m[2KCaching / undistorting train images [38;2;249;38;114m━━━━━━━━━━━━━━━━━━━━━[0m[38;2;249;38;114m╸[0m[38;5;237m━━━━━━━━━[0m [35m 70%[0m [36m0:00:30[0m[2KCaching / undistorting train images [38;2;249;38;114m━━━━━━━━━━━━━━━━━━━━━[0m[38;2;249;38;114m╸[0m[38;5;237m━━━━━━━━━[0m [35m 70%[0m [36m0:00:30[0m[2KCaching / undistorting train images [38;2;249;38;114m━━━━━━━━━━━━━━━━━━━━━[0m[38;2;249;38;114m╸[0m[38;5;237m━━━━━━━━━[0m [35m 70%[0m [36m0:00:30[0m[2KCaching / undistorting train images [38;2;249;38;114m━━━━━━━━━━━━━━━━━━━━━[0m[38;2;249;38;114m╸[0m[38;5;237m━━━━━━━━━[0m [35m 70%[0m [36m0:00:30[0m[2KCaching / undistorting train images [38;2;249;38;114m━━━━━━━━━━━━━━━━━━━━━[0m[38;2;249;38;114m╸[0m[38;5;237m━━━━━━━━━[0m [35m 70%[0m [36m0:00:30[0m[2KCaching / undistorting train images [38;2;249;38;114m━━━━━━━━━━━━━━━━━━━━━[0m[38;2;249;38;114m╸[0m[38;5;237m━━━━━━━━━[0m [35m 70%[0m [36m0:00:30[0m[2KCaching / undistorting train images [38;2;249;38;114m━━━━━━━━━━━━━━━━━━━━━[0m[38;2;249;38;114m╸[0m[38;5;237m━━━━━━━━━[0m [35m 70%[0m [36m0:00:30[0m[2KCaching / undistorting train images [38;2;249;38;114m━━━━━━━━━━━━━━━━━━━━━[0m[38;2;249;38;114m╸[0m[38;5;237m━━━━━━━━━[0m [35m 70%[0m [36m0:00:30[0m[2KCaching / undistorting train images [38;2;249;38;114m━━━━━━━━━━━━━━━━━━━━━[0m[38;2;249;38;114m╸[0m[38;5;237m━━━━━━━━━[0m [35m 71%[0m [36m0:00:30[0m[2KCaching / undistorting train images [38;2;249;38;114m━━━━━━━━━━━━━━━━━━━━━━[0m[38;5;237m╺[0m[38;5;237m━━━━━━━━[0m [35m 71%[0m [36m0:00:29[0m[2KCaching / undistorting train images [38;2;249;38;114m━━━━━━━━━━━━━━━━━━━━━━[0m[38;5;237m╺[0m[38;5;237m━━━━━━━━[0m [35m 71%[0m [36m0:00:29[0m[2KCaching / undistorting train images [38;2;249;38;114m━━━━━━━━━━━━━━━━━━━━━━[0m[38;5;237m╺[0m[38;5;237m━━━━━━━━[0m [35m 71%[0m [36m0:00:29[0m[2KCaching / undistorting train images [38;2;249;38;114m━━━━━━━━━━━━━━━━━━━━━━[0m[38;5;237m╺[0m[38;5;237m━━━━━━━━[0m [35m 72%[0m [36m0:00:28[0m[2KCaching / undistorting train images [38;2;249;38;114m━━━━━━━━━━━━━━━━━━━━━━[0m[38;5;237m╺[0m[38;5;237m━━━━━━━━[0m [35m 72%[0m [36m0:00:28[0m[2KCaching / undistorting train images [38;2;249;38;114m━━━━━━━━━━━━━━━━━━━━━━[0m[38;5;237m╺[0m[38;5;237m━━━━━━━━[0m [35m 72%[0m [36m0:00:28[0m[2KCaching / undistorting train images [38;2;249;38;114m━━━━━━━━━━━━━━━━━━━━━━[0m[38;5;237m╺[0m[38;5;237m━━━━━━━━[0m [35m 72%[0m [36m0:00:28[0m[2KCaching / undistorting train images [38;2;249;38;114m━━━━━━━━━━━━━━━━━━━━━━[0m[38;5;237m╺[0m[38;5;237m━━━━━━━━[0m [35m 72%[0m [36m0:00:28[0m[2KCaching / undistorting train images [38;2;249;38;114m━━━━━━━━━━━━━━━━━━━━━━[0m[38;5;237m╺[0m[38;5;237m━━━━━━━━[0m [35m 72%[0m [36m0:00:28[0m[2KCaching / undistorting train images [38;2;249;38;114m━━━━━━━━━━━━━━━━━━━━━━[0m[38;5;237m╺[0m[38;5;237m━━━━━━━━[0m [35m 72%[0m [36m0:00:28[0m[2KCaching / undistorting train images [38;2;249;38;114m━━━━━━━━━━━━━━━━━━━━━━[0m[38;5;237m╺[0m[38;5;237m━━━━━━━━[0m [35m 72%[0m [36m0:00:28[0m[2KCaching / undistorting train images [38;2;249;38;114m━━━━━━━━━━━━━━━━━━━━━━[0m[38;5;237m╺[0m[38;5;237m━━━━━━━━[0m [35m 72%[0m [36m0:00:28[0m[2KCaching / undistorting train images [38;2;249;38;114m━━━━━━━━━━━━━━━━━━━━━━[0m[38;5;237m╺[0m[38;5;237m━━━━━━━━[0m [35m 72%[0m [36m0:00:28[0m[2KCaching / undistorting train images [38;2;249;38;114m━━━━━━━━━━━━━━━━━━━━━━[0m[38;5;237m╺[0m[38;5;237m━━━━━━━━[0m [35m 72%[0m [36m0:00:28[0m[2KCaching / undistorting train images [38;2;249;38;114m━━━━━━━━━━━━━━━━━━━━━━[0m[38;5;237m╺[0m[38;5;237m━━━━━━━━[0m [35m 73%[0m [36m0:00:27[0m[2KCaching / undistorting train images [38;2;249;38;114m━━━━━━━━━━━━━━━━━━━━━━[0m[38;2;249;38;114m╸[0m[38;5;237m━━━━━━━━[0m [35m 73%[0m [36m0:00:27[0m[2KCaching / undistorting train images [38;2;249;38;114m━━━━━━━━━━━━━━━━━━━━━━[0m[38;2;249;38;114m╸[0m[38;5;237m━━━━━━━━[0m [35m 73%[0m [36m0:00:27[0m[2KCaching / undistorting train images [38;2;249;38;114m━━━━━━━━━━━━━━━━━━━━━━[0m[38;2;249;38;114m╸[0m[38;5;237m━━━━━━━━[0m [35m 73%[0m [36m0:00:27[0m[2KCaching / undistorting train images [38;2;249;38;114m━━━━━━━━━━━━━━━━━━━━━━[0m[38;2;249;38;114m╸[0m[38;5;237m━━━━━━━━[0m [35m 73%[0m [36m0:00:27[0m[2KCaching / undistorting train images [38;2;249;38;114m━━━━━━━━━━━━━━━━━━━━━━[0m[38;2;249;38;114m╸[0m[38;5;237m━━━━━━━━[0m [35m 73%[0m [36m0:00:27[0m[2KCaching / undistorting train images [38;2;249;38;114m━━━━━━━━━━━━━━━━━━━━━━[0m[38;2;249;38;114m╸[0m[38;5;237m━━━━━━━━[0m [35m 73%[0m [36m0:00:27[0m[2KCaching / undistorting train images [38;2;249;38;114m━━━━━━━━━━━━━━━━━━━━━━[0m[38;2;249;38;114m╸[0m[38;5;237m━━━━━━━━[0m [35m 73%[0m [36m0:00:27[0m[2KCaching / undistorting train images [38;2;249;38;114m━━━━━━━━━━━━━━━━━━━━━━[0m[38;2;249;38;114m╸[0m[38;5;237m━━━━━━━━[0m [35m 73%[0m [36m0:00:27[0m[2KCaching / undistorting train images [38;2;249;38;114m━━━━━━━━━━━━━━━━━━━━━━[0m[38;2;249;38;114m╸[0m[38;5;237m━━━━━━━━[0m [35m 73%[0m [36m0:00:27[0m[2KCaching / undistorting train images [38;2;249;38;114m━━━━━━━━━━━━━━━━━━━━━━[0m[38;2;249;38;114m╸[0m[38;5;237m━━━━━━━━[0m [35m 73%[0m [36m0:00:27[0m[2KCaching / undistorting train images [38;2;249;38;114m━━━━━━━━━━━━━━━━━━━━━━[0m[38;2;249;38;114m╸[0m[38;5;237m━━━━━━━━[0m [35m 73%[0m [36m0:00:27[0m[2KCaching / undistorting train images [38;2;249;38;114m━━━━━━━━━━━━━━━━━━━━━━[0m[38;2;249;38;114m╸[0m[38;5;237m━━━━━━━━[0m [35m 73%[0m [36m0:00:27[0m[2KCaching / undistorting train images [38;2;249;38;114m━━━━━━━━━━━━━━━━━━━━━━[0m[38;2;249;38;114m╸[0m[38;5;237m━━━━━━━━[0m [35m 73%[0m [36m0:00:27[0m[2KCaching / undistorting train images [38;2;249;38;114m━━━━━━━━━━━━━━━━━━━━━━[0m[38;2;249;38;114m╸[0m[38;5;237m━━━━━━━━[0m [35m 73%[0m [36m0:00:27[0m[2KCaching / undistorting train images [38;2;249;38;114m━━━━━━━━━━━━━━━━━━━━━━[0m[38;2;249;38;114m╸[0m[38;5;237m━━━━━━━━[0m [35m 73%[0m [36m0:00:27[0m[2KCaching / undistorting train images [38;2;249;38;114m━━━━━━━━━━━━━━━━━━━━━━[0m[38;2;249;38;114m╸[0m[38;5;237m━━━━━━━━[0m [35m 73%[0m [36m0:00:27[0m[2KCaching / undistorting train images [38;2;249;38;114m━━━━━━━━━━━━━━━━━━━━━━[0m[38;2;249;38;114m╸[0m[38;5;237m━━━━━━━━[0m [35m 74%[0m [36m0:00:26[0m[2KCaching / undistorting train images [38;2;249;38;114m━━━━━━━━━━━━━━━━━━━━━━[0m[38;2;249;38;114m╸[0m[38;5;237m━━━━━━━━[0m [35m 74%[0m [36m0:00:26[0m[2KCaching / undistorting train images [38;2;249;38;114m━━━━━━━━━━━━━━━━━━━━━━[0m[38;2;249;38;114m╸[0m[38;5;237m━━━━━━━━[0m [35m 74%[0m [36m0:00:26[0m[2KCaching / undistorting train images [38;2;249;38;114m━━━━━━━━━━━━━━━━━━━━━━[0m[38;2;249;38;114m╸[0m[38;5;237m━━━━━━━━[0m [35m 74%[0m [36m0:00:26[0m[2KCaching / undistorting train images [38;2;249;38;114m━━━━━━━━━━━━━━━━━━━━━━━[0m[38;5;237m╺[0m[38;5;237m━━━━━━━[0m [35m 74%[0m [36m0:00:26[0m[2KCaching / undistorting train images [38;2;249;38;114m━━━━━━━━━━━━━━━━━━━━━━━[0m[38;5;237m╺[0m[38;5;237m━━━━━━━[0m [35m 75%[0m [36m0:00:25[0m[2KCaching / undistorting train images [38;2;249;38;114m━━━━━━━━━━━━━━━━━━━━━━━[0m[38;5;237m╺[0m[38;5;237m━━━━━━━[0m [35m 75%[0m [36m0:00:25[0m[2KCaching / undistorting train images [38;2;249;38;114m━━━━━━━━━━━━━━━━━━━━━━━[0m[38;5;237m╺[0m[38;5;237m━━━━━━━[0m [35m 75%[0m [36m0:00:25[0m[2KCaching / undistorting train images [38;2;249;38;114m━━━━━━━━━━━━━━━━━━━━━━━[0m[38;5;237m╺[0m[38;5;237m━━━━━━━[0m [35m 75%[0m [36m0:00:25[0m[2KCaching / undistorting train images [38;2;249;38;114m━━━━━━━━━━━━━━━━━━━━━━━[0m[38;5;237m╺[0m[38;5;237m━━━━━━━[0m [35m 75%[0m [36m0:00:25[0m[2KCaching / undistorting train images [38;2;249;38;114m━━━━━━━━━━━━━━━━━━━━━━━[0m[38;5;237m╺[0m[38;5;237m━━━━━━━[0m [35m 75%[0m [36m0:00:24[0m[2KCaching / undistorting train images [38;2;249;38;114m━━━━━━━━━━━━━━━━━━━━━━━[0m[38;5;237m╺[0m[38;5;237m━━━━━━━[0m [35m 75%[0m [36m0:00:24[0m[2KCaching / undistorting train images [38;2;249;38;114m━━━━━━━━━━━━━━━━━━━━━━━[0m[38;5;237m╺[0m[38;5;237m━━━━━━━[0m [35m 75%[0m [36m0:00:24[0m[2KCaching / undistorting train images [38;2;249;38;114m━━━━━━━━━━━━━━━━━━━━━━━[0m[38;5;237m╺[0m[38;5;237m━━━━━━━[0m [35m 75%[0m [36m0:00:24[0m[2KCaching / undistorting train images [38;2;249;38;114m━━━━━━━━━━━━━━━━━━━━━━━[0m[38;5;237m╺[0m[38;5;237m━━━━━━━[0m [35m 76%[0m [36m0:00:24[0m[2KCaching / undistorting train images [38;2;249;38;114m━━━━━━━━━━━━━━━━━━━━━━━[0m[38;5;237m╺[0m[38;5;237m━━━━━━━[0m [35m 76%[0m [36m0:00:24[0m[2KCaching / undistorting train images [38;2;249;38;114m━━━━━━━━━━━━━━━━━━━━━━━[0m[38;5;237m╺[0m[38;5;237m━━━━━━━[0m [35m 76%[0m [36m0:00:24[0m[2KCaching / undistorting train images [38;2;249;38;114m━━━━━━━━━━━━━━━━━━━━━━━[0m[38;2;249;38;114m╸[0m[38;5;237m━━━━━━━[0m [35m 76%[0m [36m0:00:24[0m[2KCaching / undistorting train images [38;2;249;38;114m━━━━━━━━━━━━━━━━━━━━━━━[0m[38;2;249;38;114m╸[0m[38;5;237m━━━━━━━[0m [35m 76%[0m [36m0:00:24[0m[2KCaching / undistorting train images [38;2;249;38;114m━━━━━━━━━━━━━━━━━━━━━━━[0m[38;2;249;38;114m╸[0m[38;5;237m━━━━━━━[0m [35m 76%[0m [36m0:00:24[0m[2KCaching / undistorting train images [38;2;249;38;114m━━━━━━━━━━━━━━━━━━━━━━━[0m[38;2;249;38;114m╸[0m[38;5;237m━━━━━━━[0m [35m 76%[0m [36m0:00:24[0m[2KCaching / undistorting train images [38;2;249;38;114m━━━━━━━━━━━━━━━━━━━━━━━[0m[38;2;249;38;114m╸[0m[38;5;237m━━━━━━━[0m [35m 76%[0m [36m0:00:24[0m[2KCaching / undistorting train images [38;2;249;38;114m━━━━━━━━━━━━━━━━━━━━━━━[0m[38;2;249;38;114m╸[0m[38;5;237m━━━━━━━[0m [35m 76%[0m [36m0:00:24[0m[2KCaching / undistorting train images [38;2;249;38;114m━━━━━━━━━━━━━━━━━━━━━━━[0m[38;2;249;38;114m╸[0m[38;5;237m━━━━━━━[0m [35m 76%[0m [36m0:00:24[0m[2KCaching / undistorting train images [38;2;249;38;114m━━━━━━━━━━━━━━━━━━━━━━━[0m[38;2;249;38;114m╸[0m[38;5;237m━━━━━━━[0m [35m 76%[0m [36m0:00:24[0m[2KCaching / undistorting train images [38;2;249;38;114m━━━━━━━━━━━━━━━━━━━━━━━[0m[38;2;249;38;114m╸[0m[38;5;237m━━━━━━━[0m [35m 76%[0m [36m0:00:24[0m[2KCaching / undistorting train images [38;2;249;38;114m━━━━━━━━━━━━━━━━━━━━━━━[0m[38;2;249;38;114m╸[0m[38;5;237m━━━━━━━[0m [35m 76%[0m [36m0:00:24[0m[2KCaching / undistorting train images [38;2;249;38;114m━━━━━━━━━━━━━━━━━━━━━━━[0m[38;2;249;38;114m╸[0m[38;5;237m━━━━━━━[0m [35m 77%[0m [36m0:00:24[0m[2KCaching / undistorting train images [38;2;249;38;114m━━━━━━━━━━━━━━━━━━━━━━━[0m[38;2;249;38;114m╸[0m[38;5;237m━━━━━━━[0m [35m 77%[0m [36m0:00:24[0m[2KCaching / undistorting train images [38;2;249;38;114m━━━━━━━━━━━━━━━━━━━━━━━[0m[38;2;249;38;114m╸[0m[38;5;237m━━━━━━━[0m [35m 77%[0m [36m0:00:24[0m[2KCaching / undistorting train images [38;2;249;38;114m━━━━━━━━━━━━━━━━━━━━━━━[0m[38;2;249;38;114m╸[0m[38;5;237m━━━━━━━[0m [35m 77%[0m [36m0:00:24[0m[2KCaching / undistorting train images [38;2;249;38;114m━━━━━━━━━━━━━━━━━━━━━━━[0m[38;2;249;38;114m╸[0m[38;5;237m━━━━━━━[0m [35m 77%[0m [36m0:00:23[0m[2KCaching / undistorting train images [38;2;249;38;114m━━━━━━━━━━━━━━━━━━━━━━━[0m[38;2;249;38;114m╸[0m[38;5;237m━━━━━━━[0m [35m 77%[0m [36m0:00:23[0m[2KCaching / undistorting train images [38;2;249;38;114m━━━━━━━━━━━━━━━━━━━━━━━[0m[38;2;249;38;114m╸[0m[38;5;237m━━━━━━━[0m [35m 77%[0m [36m0:00:23[0m[2KCaching / undistorting train images [38;2;249;38;114m━━━━━━━━━━━━━━━━━━━━━━━[0m[38;2;249;38;114m╸[0m[38;5;237m━━━━━━━[0m [35m 77%[0m [36m0:00:23[0m[2KCaching / undistorting train images [38;2;249;38;114m━━━━━━━━━━━━━━━━━━━━━━━[0m[38;2;249;38;114m╸[0m[38;5;237m━━━━━━━[0m [35m 77%[0m [36m0:00:23[0m[2KCaching / undistorting train images [38;2;249;38;114m━━━━━━━━━━━━━━━━━━━━━━━[0m[38;2;249;38;114m╸[0m[38;5;237m━━━━━━━[0m [35m 77%[0m [36m0:00:23[0m[2KCaching / undistorting train images [38;2;249;38;114m━━━━━━━━━━━━━━━━━━━━━━━[0m[38;2;249;38;114m╸[0m[38;5;237m━━━━━━━[0m [35m 77%[0m [36m0:00:23[0m[2KCaching / undistorting train images [38;2;249;38;114m━━━━━━━━━━━━━━━━━━━━━━━[0m[38;2;249;38;114m╸[0m[38;5;237m━━━━━━━[0m [35m 77%[0m [36m0:00:23[0m[2KCaching / undistorting train images [38;2;249;38;114m━━━━━━━━━━━━━━━━━━━━━━━[0m[38;2;249;38;114m╸[0m[38;5;237m━━━━━━━[0m [35m 77%[0m [36m0:00:23[0m[2KCaching / undistorting train images [38;2;249;38;114m━━━━━━━━━━━━━━━━━━━━━━━[0m[38;2;249;38;114m╸[0m[38;5;237m━━━━━━━[0m [35m 77%[0m [36m0:00:23[0m[2KCaching / undistorting train images [38;2;249;38;114m━━━━━━━━━━━━━━━━━━━━━━━[0m[38;2;249;38;114m╸[0m[38;5;237m━━━━━━━[0m [35m 77%[0m [36m0:00:23[0m[2KCaching / undistorting train images [38;2;249;38;114m━━━━━━━━━━━━━━━━━━━━━━━[0m[38;2;249;38;114m╸[0m[38;5;237m━━━━━━━[0m [35m 77%[0m [36m0:00:23[0m[2KCaching / undistorting train images [38;2;249;38;114m━━━━━━━━━━━━━━━━━━━━━━━[0m[38;2;249;38;114m╸[0m[38;5;237m━━━━━━━[0m [35m 77%[0m [36m0:00:23[0m[2KCaching / undistorting train images [38;2;249;38;114m━━━━━━━━━━━━━━━━━━━━━━━[0m[38;2;249;38;114m╸[0m[38;5;237m━━━━━━━[0m [35m 77%[0m [36m0:00:23[0m[2KCaching / undistorting train images [38;2;249;38;114m━━━━━━━━━━━━━━━━━━━━━━━[0m[38;2;249;38;114m╸[0m[38;5;237m━━━━━━━[0m [35m 77%[0m [36m0:00:23[0m[2KCaching / undistorting train images [38;2;249;38;114m━━━━━━━━━━━━━━━━━━━━━━━━[0m[38;5;237m╺[0m[38;5;237m━━━━━━[0m [35m 77%[0m [36m0:00:24[0m[2KCaching / undistorting train images [38;2;249;38;114m━━━━━━━━━━━━━━━━━━━━━━━━[0m[38;5;237m╺[0m[38;5;237m━━━━━━[0m [35m 78%[0m [36m0:00:23[0m[2KCaching / undistorting train images [38;2;249;38;114m━━━━━━━━━━━━━━━━━━━━━━━━[0m[38;5;237m╺[0m[38;5;237m━━━━━━[0m [35m 78%[0m [36m0:00:23[0m[2KCaching / undistorting train images [38;2;249;38;114m━━━━━━━━━━━━━━━━━━━━━━━━[0m[38;5;237m╺[0m[38;5;237m━━━━━━[0m [35m 78%[0m [36m0:00:23[0m[2KCaching / undistorting train images [38;2;249;38;114m━━━━━━━━━━━━━━━━━━━━━━━━[0m[38;5;237m╺[0m[38;5;237m━━━━━━[0m [35m 78%[0m [36m0:00:23[0m[2KCaching / undistorting train images [38;2;249;38;114m━━━━━━━━━━━━━━━━━━━━━━━━[0m[38;5;237m╺[0m[38;5;237m━━━━━━[0m [35m 78%[0m [36m0:00:23[0m[2KCaching / undistorting train images [38;2;249;38;114m━━━━━━━━━━━━━━━━━━━━━━━━[0m[38;5;237m╺[0m[38;5;237m━━━━━━[0m [35m 78%[0m [36m0:00:22[0m[2KCaching / undistorting train images [38;2;249;38;114m━━━━━━━━━━━━━━━━━━━━━━━━[0m[38;5;237m╺[0m[38;5;237m━━━━━━[0m [35m 78%[0m [36m0:00:22[0m[2KCaching / undistorting train images [38;2;249;38;114m━━━━━━━━━━━━━━━━━━━━━━━━[0m[38;5;237m╺[0m[38;5;237m━━━━━━[0m [35m 78%[0m [36m0:00:22[0m[2KCaching / undistorting train images [38;2;249;38;114m━━━━━━━━━━━━━━━━━━━━━━━━[0m[38;5;237m╺[0m[38;5;237m━━━━━━[0m [35m 78%[0m [36m0:00:22[0m[2KCaching / undistorting train images [38;2;249;38;114m━━━━━━━━━━━━━━━━━━━━━━━━[0m[38;5;237m╺[0m[38;5;237m━━━━━━[0m [35m 79%[0m [36m0:00:22[0m[2KCaching / undistorting train images [38;2;249;38;114m━━━━━━━━━━━━━━━━━━━━━━━━[0m[38;5;237m╺[0m[38;5;237m━━━━━━[0m [35m 79%[0m [36m0:00:22[0m[2KCaching / undistorting train images [38;2;249;38;114m━━━━━━━━━━━━━━━━━━━━━━━━[0m[38;5;237m╺[0m[38;5;237m━━━━━━[0m [35m 79%[0m [36m0:00:22[0m[2KCaching / undistorting train images [38;2;249;38;114m━━━━━━━━━━━━━━━━━━━━━━━━[0m[38;5;237m╺[0m[38;5;237m━━━━━━[0m [35m 79%[0m [36m0:00:22[0m[2KCaching / undistorting train images [38;2;249;38;114m━━━━━━━━━━━━━━━━━━━━━━━━[0m[38;5;237m╺[0m[38;5;237m━━━━━━[0m [35m 79%[0m [36m0:00:22[0m[2KCaching / undistorting train images [38;2;249;38;114m━━━━━━━━━━━━━━━━━━━━━━━━[0m[38;5;237m╺[0m[38;5;237m━━━━━━[0m [35m 79%[0m [36m0:00:22[0m[2KCaching / undistorting train images [38;2;249;38;114m━━━━━━━━━━━━━━━━━━━━━━━━[0m[38;2;249;38;114m╸[0m[38;5;237m━━━━━━[0m [35m 79%[0m [36m0:00:22[0m[2KCaching / undistorting train images [38;2;249;38;114m━━━━━━━━━━━━━━━━━━━━━━━━[0m[38;2;249;38;114m╸[0m[38;5;237m━━━━━━[0m [35m 80%[0m [36m0:00:21[0m[2KCaching / undistorting train images [38;2;249;38;114m━━━━━━━━━━━━━━━━━━━━━━━━[0m[38;2;249;38;114m╸[0m[38;5;237m━━━━━━[0m [35m 80%[0m [36m0:00:21[0m[2KCaching / undistorting train images [38;2;249;38;114m━━━━━━━━━━━━━━━━━━━━━━━━[0m[38;2;249;38;114m╸[0m[38;5;237m━━━━━━[0m [35m 80%[0m [36m0:00:21[0m[2KCaching / undistorting train images [38;2;249;38;114m━━━━━━━━━━━━━━━━━━━━━━━━[0m[38;2;249;38;114m╸[0m[38;5;237m━━━━━━[0m [35m 80%[0m [36m0:00:21[0m[2KCaching / undistorting train images [38;2;249;38;114m━━━━━━━━━━━━━━━━━━━━━━━━[0m[38;2;249;38;114m╸[0m[38;5;237m━━━━━━[0m [35m 80%[0m [36m0:00:21[0m[2KCaching / undistorting train images [38;2;249;38;114m━━━━━━━━━━━━━━━━━━━━━━━━[0m[38;2;249;38;114m╸[0m[38;5;237m━━━━━━[0m [35m 80%[0m [36m0:00:21[0m[2KCaching / undistorting train images [38;2;249;38;114m━━━━━━━━━━━━━━━━━━━━━━━━[0m[38;2;249;38;114m╸[0m[38;5;237m━━━━━━[0m [35m 80%[0m [36m0:00:21[0m[2KCaching / undistorting train images [38;2;249;38;114m━━━━━━━━━━━━━━━━━━━━━━━━[0m[38;2;249;38;114m╸[0m[38;5;237m━━━━━━[0m [35m 80%[0m [36m0:00:21[0m[2KCaching / undistorting train images [38;2;249;38;114m━━━━━━━━━━━━━━━━━━━━━━━━[0m[38;2;249;38;114m╸[0m[38;5;237m━━━━━━[0m [35m 80%[0m [36m0:00:21[0m[2KCaching / undistorting train images [38;2;249;38;114m━━━━━━━━━━━━━━━━━━━━━━━━[0m[38;2;249;38;114m╸[0m[38;5;237m━━━━━━[0m [35m 80%[0m [36m0:00:21[0m[2KCaching / undistorting train images [38;2;249;38;114m━━━━━━━━━━━━━━━━━━━━━━━━[0m[38;2;249;38;114m╸[0m[38;5;237m━━━━━━[0m [35m 80%[0m [36m0:00:21[0m[2KCaching / undistorting train images [38;2;249;38;114m━━━━━━━━━━━━━━━━━━━━━━━━[0m[38;2;249;38;114m╸[0m[38;5;237m━━━━━━[0m [35m 80%[0m [36m0:00:21[0m[2KCaching / undistorting train images [38;2;249;38;114m━━━━━━━━━━━━━━━━━━━━━━━━[0m[38;2;249;38;114m╸[0m[38;5;237m━━━━━━[0m [35m 80%[0m [36m0:00:21[0m[2KCaching / undistorting train images [38;2;249;38;114m━━━━━━━━━━━━━━━━━━━━━━━━[0m[38;2;249;38;114m╸[0m[38;5;237m━━━━━━[0m [35m 80%[0m [36m0:00:21[0m[2KCaching / undistorting train images [38;2;249;38;114m━━━━━━━━━━━━━━━━━━━━━━━━[0m[38;2;249;38;114m╸[0m[38;5;237m━━━━━━[0m [35m 81%[0m [36m0:00:21[0m[2KCaching / undistorting train images [38;2;249;38;114m━━━━━━━━━━━━━━━━━━━━━━━━━[0m[38;5;237m╺[0m[38;5;237m━━━━━[0m [35m 81%[0m [36m0:00:21[0m[2KCaching / undistorting train images [38;2;249;38;114m━━━━━━━━━━━━━━━━━━━━━━━━━[0m[38;5;237m╺[0m[38;5;237m━━━━━[0m [35m 81%[0m [36m0:00:21[0m[2KCaching / undistorting train images [38;2;249;38;114m━━━━━━━━━━━━━━━━━━━━━━━━━[0m[38;5;237m╺[0m[38;5;237m━━━━━[0m [35m 81%[0m [36m0:00:21[0m[2KCaching / undistorting train images [38;2;249;38;114m━━━━━━━━━━━━━━━━━━━━━━━━━[0m[38;5;237m╺[0m[38;5;237m━━━━━[0m [35m 81%[0m [36m0:00:20[0m[2KCaching / undistorting train images [38;2;249;38;114m━━━━━━━━━━━━━━━━━━━━━━━━━[0m[38;5;237m╺[0m[38;5;237m━━━━━[0m [35m 81%[0m [36m0:00:20[0m[2KCaching / undistorting train images [38;2;249;38;114m━━━━━━━━━━━━━━━━━━━━━━━━━[0m[38;5;237m╺[0m[38;5;237m━━━━━[0m [35m 81%[0m [36m0:00:20[0m[2KCaching / undistorting train images [38;2;249;38;114m━━━━━━━━━━━━━━━━━━━━━━━━━[0m[38;5;237m╺[0m[38;5;237m━━━━━[0m [35m 81%[0m [36m0:00:20[0m[2KCaching / undistorting train images [38;2;249;38;114m━━━━━━━━━━━━━━━━━━━━━━━━━[0m[38;5;237m╺[0m[38;5;237m━━━━━[0m [35m 81%[0m [36m0:00:20[0m[2KCaching / undistorting train images [38;2;249;38;114m━━━━━━━━━━━━━━━━━━━━━━━━━[0m[38;5;237m╺[0m[38;5;237m━━━━━[0m [35m 81%[0m [36m0:00:20[0m[2KCaching / undistorting train images [38;2;249;38;114m━━━━━━━━━━━━━━━━━━━━━━━━━[0m[38;5;237m╺[0m[38;5;237m━━━━━[0m [35m 81%[0m [36m0:00:20[0m[2KCaching / undistorting train images [38;2;249;38;114m━━━━━━━━━━━━━━━━━━━━━━━━━[0m[38;5;237m╺[0m[38;5;237m━━━━━[0m [35m 82%[0m [36m0:00:20[0m[2KCaching / undistorting train images [38;2;249;38;114m━━━━━━━━━━━━━━━━━━━━━━━━━[0m[38;5;237m╺[0m[38;5;237m━━━━━[0m [35m 82%[0m [36m0:00:19[0m[2KCaching / undistorting train images [38;2;249;38;114m━━━━━━━━━━━━━━━━━━━━━━━━━[0m[38;5;237m╺[0m[38;5;237m━━━━━[0m [35m 82%[0m [36m0:00:19[0m[2KCaching / undistorting train images [38;2;249;38;114m━━━━━━━━━━━━━━━━━━━━━━━━━[0m[38;5;237m╺[0m[38;5;237m━━━━━[0m [35m 82%[0m [36m0:00:19[0m[2KCaching / undistorting train images [38;2;249;38;114m━━━━━━━━━━━━━━━━━━━━━━━━━[0m[38;5;237m╺[0m[38;5;237m━━━━━[0m [35m 82%[0m [36m0:00:19[0m[2KCaching / undistorting train images [38;2;249;38;114m━━━━━━━━━━━━━━━━━━━━━━━━━[0m[38;5;237m╺[0m[38;5;237m━━━━━[0m [35m 82%[0m [36m0:00:19[0m[2KCaching / undistorting train images [38;2;249;38;114m━━━━━━━━━━━━━━━━━━━━━━━━━[0m[38;2;249;38;114m╸[0m[38;5;237m━━━━━[0m [35m 82%[0m [36m0:00:19[0m[2KCaching / undistorting train images [38;2;249;38;114m━━━━━━━━━━━━━━━━━━━━━━━━━[0m[38;2;249;38;114m╸[0m[38;5;237m━━━━━[0m [35m 82%[0m [36m0:00:19[0m[2KCaching / undistorting train images [38;2;249;38;114m━━━━━━━━━━━━━━━━━━━━━━━━━[0m[38;2;249;38;114m╸[0m[38;5;237m━━━━━[0m [35m 83%[0m [36m0:00:19[0m[2KCaching / undistorting train images [38;2;249;38;114m━━━━━━━━━━━━━━━━━━━━━━━━━[0m[38;2;249;38;114m╸[0m[38;5;237m━━━━━[0m [35m 83%[0m [36m0:00:19[0m[2KCaching / undistorting train images [38;2;249;38;114m━━━━━━━━━━━━━━━━━━━━━━━━━[0m[38;2;249;38;114m╸[0m[38;5;237m━━━━━[0m [35m 83%[0m [36m0:00:19[0m[2KCaching / undistorting train images [38;2;249;38;114m━━━━━━━━━━━━━━━━━━━━━━━━━[0m[38;2;249;38;114m╸[0m[38;5;237m━━━━━[0m [35m 83%[0m [36m0:00:19[0m[2KCaching / undistorting train images [38;2;249;38;114m━━━━━━━━━━━━━━━━━━━━━━━━━[0m[38;2;249;38;114m╸[0m[38;5;237m━━━━━[0m [35m 83%[0m [36m0:00:19[0m[2KCaching / undistorting train images [38;2;249;38;114m━━━━━━━━━━━━━━━━━━━━━━━━━[0m[38;2;249;38;114m╸[0m[38;5;237m━━━━━[0m [35m 83%[0m [36m0:00:19[0m[2KCaching / undistorting train images [38;2;249;38;114m━━━━━━━━━━━━━━━━━━━━━━━━━[0m[38;2;249;38;114m╸[0m[38;5;237m━━━━━[0m [35m 83%[0m [36m0:00:18[0m[2KCaching / undistorting train images [38;2;249;38;114m━━━━━━━━━━━━━━━━━━━━━━━━━[0m[38;2;249;38;114m╸[0m[38;5;237m━━━━━[0m [35m 83%[0m [36m0:00:18[0m[2KCaching / undistorting train images [38;2;249;38;114m━━━━━━━━━━━━━━━━━━━━━━━━━[0m[38;2;249;38;114m╸[0m[38;5;237m━━━━━[0m [35m 83%[0m [36m0:00:18[0m[2KCaching / undistorting train images [38;2;249;38;114m━━━━━━━━━━━━━━━━━━━━━━━━━[0m[38;2;249;38;114m╸[0m[38;5;237m━━━━━[0m [35m 83%[0m [36m0:00:18[0m[2KCaching / undistorting train images [38;2;249;38;114m━━━━━━━━━━━━━━━━━━━━━━━━━━[0m[38;5;237m╺[0m[38;5;237m━━━━[0m [35m 84%[0m [36m0:00:17[0m[2KCaching / undistorting train images [38;2;249;38;114m━━━━━━━━━━━━━━━━━━━━━━━━━━[0m[38;5;237m╺[0m[38;5;237m━━━━[0m [35m 84%[0m [36m0:00:17[0m[2KCaching / undistorting train images [38;2;249;38;114m━━━━━━━━━━━━━━━━━━━━━━━━━━[0m[38;5;237m╺[0m[38;5;237m━━━━[0m [35m 84%[0m [36m0:00:17[0m[2KCaching / undistorting train images [38;2;249;38;114m━━━━━━━━━━━━━━━━━━━━━━━━━━[0m[38;5;237m╺[0m[38;5;237m━━━━[0m [35m 84%[0m [36m0:00:17[0m[2KCaching / undistorting train images [38;2;249;38;114m━━━━━━━━━━━━━━━━━━━━━━━━━━[0m[38;5;237m╺[0m[38;5;237m━━━━[0m [35m 84%[0m [36m0:00:17[0m[2KCaching / undistorting train images [38;2;249;38;114m━━━━━━━━━━━━━━━━━━━━━━━━━━[0m[38;5;237m╺[0m[38;5;237m━━━━[0m [35m 84%[0m [36m0:00:17[0m[2KCaching / undistorting train images [38;2;249;38;114m━━━━━━━━━━━━━━━━━━━━━━━━━━[0m[38;5;237m╺[0m[38;5;237m━━━━[0m [35m 84%[0m [36m0:00:17[0m[2KCaching / undistorting train images [38;2;249;38;114m━━━━━━━━━━━━━━━━━━━━━━━━━━[0m[38;5;237m╺[0m[38;5;237m━━━━[0m [35m 84%[0m [36m0:00:17[0m[2KCaching / undistorting train images [38;2;249;38;114m━━━━━━━━━━━━━━━━━━━━━━━━━━[0m[38;5;237m╺[0m[38;5;237m━━━━[0m [35m 84%[0m [36m0:00:17[0m[2KCaching / undistorting train images [38;2;249;38;114m━━━━━━━━━━━━━━━━━━━━━━━━━━[0m[38;5;237m╺[0m[38;5;237m━━━━[0m [35m 84%[0m [36m0:00:17[0m[2KCaching / undistorting train images [38;2;249;38;114m━━━━━━━━━━━━━━━━━━━━━━━━━━[0m[38;5;237m╺[0m[38;5;237m━━━━[0m [35m 85%[0m [36m0:00:17[0m[2KCaching / undistorting train images [38;2;249;38;114m━━━━━━━━━━━━━━━━━━━━━━━━━━[0m[38;5;237m╺[0m[38;5;237m━━━━[0m [35m 85%[0m [36m0:00:17[0m[2KCaching / undistorting train images [38;2;249;38;114m━━━━━━━━━━━━━━━━━━━━━━━━━━[0m[38;5;237m╺[0m[38;5;237m━━━━[0m [35m 85%[0m [36m0:00:17[0m[2KCaching / undistorting train images [38;2;249;38;114m━━━━━━━━━━━━━━━━━━━━━━━━━━[0m[38;5;237m╺[0m[38;5;237m━━━━[0m [35m 85%[0m [36m0:00:17[0m[2KCaching / undistorting train images [38;2;249;38;114m━━━━━━━━━━━━━━━━━━━━━━━━━━[0m[38;5;237m╺[0m[38;5;237m━━━━[0m [35m 85%[0m [36m0:00:17[0m[2KCaching / undistorting train images [38;2;249;38;114m━━━━━━━━━━━━━━━━━━━━━━━━━━[0m[38;5;237m╺[0m[38;5;237m━━━━[0m [35m 85%[0m [36m0:00:16[0m[2KCaching / undistorting train images [38;2;249;38;114m━━━━━━━━━━━━━━━━━━━━━━━━━━[0m[38;5;237m╺[0m[38;5;237m━━━━[0m [35m 85%[0m [36m0:00:16[0m[2KCaching / undistorting train images [38;2;249;38;114m━━━━━━━━━━━━━━━━━━━━━━━━━━[0m[38;5;237m╺[0m[38;5;237m━━━━[0m [35m 85%[0m [36m0:00:16[0m[2KCaching / undistorting train images [38;2;249;38;114m━━━━━━━━━━━━━━━━━━━━━━━━━━[0m[38;5;237m╺[0m[38;5;237m━━━━[0m [35m 85%[0m [36m0:00:16[0m[2KCaching / undistorting train images [38;2;249;38;114m━━━━━━━━━━━━━━━━━━━━━━━━━━[0m[38;5;237m╺[0m[38;5;237m━━━━[0m [35m 85%[0m [36m0:00:16[0m[2KCaching / undistorting train images [38;2;249;38;114m━━━━━━━━━━━━━━━━━━━━━━━━━━[0m[38;5;237m╺[0m[38;5;237m━━━━[0m [35m 85%[0m [36m0:00:16[0m[2KCaching / undistorting train images [38;2;249;38;114m━━━━━━━━━━━━━━━━━━━━━━━━━━[0m[38;2;249;38;114m╸[0m[38;5;237m━━━━[0m [35m 86%[0m [36m0:00:15[0m[2KCaching / undistorting train images [38;2;249;38;114m━━━━━━━━━━━━━━━━━━━━━━━━━━[0m[38;2;249;38;114m╸[0m[38;5;237m━━━━[0m [35m 86%[0m [36m0:00:15[0m[2KCaching / undistorting train images [38;2;249;38;114m━━━━━━━━━━━━━━━━━━━━━━━━━━[0m[38;2;249;38;114m╸[0m[38;5;237m━━━━[0m [35m 86%[0m [36m0:00:15[0m[2KCaching / undistorting train images [38;2;249;38;114m━━━━━━━━━━━━━━━━━━━━━━━━━━[0m[38;2;249;38;114m╸[0m[38;5;237m━━━━[0m [35m 86%[0m [36m0:00:15[0m[2KCaching / undistorting train images [38;2;249;38;114m━━━━━━━━━━━━━━━━━━━━━━━━━━[0m[38;2;249;38;114m╸[0m[38;5;237m━━━━[0m [35m 86%[0m [36m0:00:15[0m[2KCaching / undistorting train images [38;2;249;38;114m━━━━━━━━━━━━━━━━━━━━━━━━━━[0m[38;2;249;38;114m╸[0m[38;5;237m━━━━[0m [35m 86%[0m [36m0:00:15[0m[2KCaching / undistorting train images [38;2;249;38;114m━━━━━━━━━━━━━━━━━━━━━━━━━━[0m[38;2;249;38;114m╸[0m[38;5;237m━━━━[0m [35m 86%[0m [36m0:00:15[0m[2KCaching / undistorting train images [38;2;249;38;114m━━━━━━━━━━━━━━━━━━━━━━━━━━[0m[38;2;249;38;114m╸[0m[38;5;237m━━━━[0m [35m 86%[0m [36m0:00:15[0m[2KCaching / undistorting train images [38;2;249;38;114m━━━━━━━━━━━━━━━━━━━━━━━━━━[0m[38;2;249;38;114m╸[0m[38;5;237m━━━━[0m [35m 86%[0m [36m0:00:15[0m[2KCaching / undistorting train images [38;2;249;38;114m━━━━━━━━━━━━━━━━━━━━━━━━━━[0m[38;2;249;38;114m╸[0m[38;5;237m━━━━[0m [35m 86%[0m [36m0:00:15[0m[2KCaching / undistorting train images [38;2;249;38;114m━━━━━━━━━━━━━━━━━━━━━━━━━━[0m[38;2;249;38;114m╸[0m[38;5;237m━━━━[0m [35m 87%[0m [36m0:00:14[0m[2KCaching / undistorting train images [38;2;249;38;114m━━━━━━━━━━━━━━━━━━━━━━━━━━[0m[38;2;249;38;114m╸[0m[38;5;237m━━━━[0m [35m 87%[0m [36m0:00:14[0m[2KCaching / undistorting train images [38;2;249;38;114m━━━━━━━━━━━━━━━━━━━━━━━━━━[0m[38;2;249;38;114m╸[0m[38;5;237m━━━━[0m [35m 87%[0m [36m0:00:14[0m[2KCaching / undistorting train images [38;2;249;38;114m━━━━━━━━━━━━━━━━━━━━━━━━━━[0m[38;2;249;38;114m╸[0m[38;5;237m━━━━[0m [35m 87%[0m [36m0:00:14[0m[2KCaching / undistorting train images [38;2;249;38;114m━━━━━━━━━━━━━━━━━━━━━━━━━━[0m[38;2;249;38;114m╸[0m[38;5;237m━━━━[0m [35m 87%[0m [36m0:00:14[0m[2KCaching / undistorting train images [38;2;249;38;114m━━━━━━━━━━━━━━━━━━━━━━━━━━[0m[38;2;249;38;114m╸[0m[38;5;237m━━━━[0m [35m 87%[0m [36m0:00:14[0m[2KCaching / undistorting train images [38;2;249;38;114m━━━━━━━━━━━━━━━━━━━━━━━━━━[0m[38;2;249;38;114m╸[0m[38;5;237m━━━━[0m [35m 87%[0m [36m0:00:14[0m[2KCaching / undistorting train images [38;2;249;38;114m━━━━━━━━━━━━━━━━━━━━━━━━━━[0m[38;2;249;38;114m╸[0m[38;5;237m━━━━[0m [35m 87%[0m [36m0:00:14[0m[2KCaching / undistorting train images [38;2;249;38;114m━━━━━━━━━━━━━━━━━━━━━━━━━━[0m[38;2;249;38;114m╸[0m[38;5;237m━━━━[0m [35m 87%[0m [36m0:00:14[0m[2KCaching / undistorting train images [38;2;249;38;114m━━━━━━━━━━━━━━━━━━━━━━━━━━━[0m[38;5;237m╺[0m[38;5;237m━━━[0m [35m 87%[0m [36m0:00:14[0m[2KCaching / undistorting train images [38;2;249;38;114m━━━━━━━━━━━━━━━━━━━━━━━━━━━[0m[38;5;237m╺[0m[38;5;237m━━━[0m [35m 88%[0m [36m0:00:14[0m[2KCaching / undistorting train images [38;2;249;38;114m━━━━━━━━━━━━━━━━━━━━━━━━━━━[0m[38;5;237m╺[0m[38;5;237m━━━[0m [35m 88%[0m [36m0:00:14[0m[2KCaching / undistorting train images [38;2;249;38;114m━━━━━━━━━━━━━━━━━━━━━━━━━━━[0m[38;5;237m╺[0m[38;5;237m━━━[0m [35m 88%[0m [36m0:00:14[0m[2KCaching / undistorting train images [38;2;249;38;114m━━━━━━━━━━━━━━━━━━━━━━━━━━━[0m[38;5;237m╺[0m[38;5;237m━━━[0m [35m 88%[0m [36m0:00:14[0m[2KCaching / undistorting train images [38;2;249;38;114m━━━━━━━━━━━━━━━━━━━━━━━━━━━[0m[38;5;237m╺[0m[38;5;237m━━━[0m [35m 88%[0m [36m0:00:13[0m[2KCaching / undistorting train images [38;2;249;38;114m━━━━━━━━━━━━━━━━━━━━━━━━━━━[0m[38;5;237m╺[0m[38;5;237m━━━[0m [35m 88%[0m [36m0:00:13[0m[2KCaching / undistorting train images [38;2;249;38;114m━━━━━━━━━━━━━━━━━━━━━━━━━━━[0m[38;5;237m╺[0m[38;5;237m━━━[0m [35m 88%[0m [36m0:00:13[0m[2KCaching / undistorting train images [38;2;249;38;114m━━━━━━━━━━━━━━━━━━━━━━━━━━━[0m[38;5;237m╺[0m[38;5;237m━━━[0m [35m 88%[0m [36m0:00:13[0m[2KCaching / undistorting train images [38;2;249;38;114m━━━━━━━━━━━━━━━━━━━━━━━━━━━[0m[38;5;237m╺[0m[38;5;237m━━━[0m [35m 88%[0m [36m0:00:13[0m[2KCaching / undistorting train images [38;2;249;38;114m━━━━━━━━━━━━━━━━━━━━━━━━━━━[0m[38;5;237m╺[0m[38;5;237m━━━[0m [35m 88%[0m [36m0:00:13[0m[2KCaching / undistorting train images [38;2;249;38;114m━━━━━━━━━━━━━━━━━━━━━━━━━━━[0m[38;5;237m╺[0m[38;5;237m━━━[0m [35m 88%[0m [36m0:00:13[0m[2KCaching / undistorting train images [38;2;249;38;114m━━━━━━━━━━━━━━━━━━━━━━━━━━━[0m[38;5;237m╺[0m[38;5;237m━━━[0m [35m 88%[0m [36m0:00:13[0m[2KCaching / undistorting train images [38;2;249;38;114m━━━━━━━━━━━━━━━━━━━━━━━━━━━[0m[38;5;237m╺[0m[38;5;237m━━━[0m [35m 88%[0m [36m0:00:13[0m[2KCaching / undistorting train images [38;2;249;38;114m━━━━━━━━━━━━━━━━━━━━━━━━━━━[0m[38;5;237m╺[0m[38;5;237m━━━[0m [35m 89%[0m [36m0:00:13[0m[2KCaching / undistorting train images [38;2;249;38;114m━━━━━━━━━━━━━━━━━━━━━━━━━━━[0m[38;2;249;38;114m╸[0m[38;5;237m━━━[0m [35m 89%[0m [36m0:00:12[0m[2KCaching / undistorting train images [38;2;249;38;114m━━━━━━━━━━━━━━━━━━━━━━━━━━━[0m[38;2;249;38;114m╸[0m[38;5;237m━━━[0m [35m 89%[0m [36m0:00:12[0m[2KCaching / undistorting train images [38;2;249;38;114m━━━━━━━━━━━━━━━━━━━━━━━━━━━[0m[38;2;249;38;114m╸[0m[38;5;237m━━━[0m [35m 89%[0m [36m0:00:12[0m[2KCaching / undistorting train images [38;2;249;38;114m━━━━━━━━━━━━━━━━━━━━━━━━━━━[0m[38;2;249;38;114m╸[0m[38;5;237m━━━[0m [35m 89%[0m [36m0:00:12[0m[2KCaching / undistorting train images [38;2;249;38;114m━━━━━━━━━━━━━━━━━━━━━━━━━━━[0m[38;2;249;38;114m╸[0m[38;5;237m━━━[0m [35m 90%[0m [36m0:00:11[0m[2KCaching / undistorting train images [38;2;249;38;114m━━━━━━━━━━━━━━━━━━━━━━━━━━━[0m[38;2;249;38;114m╸[0m[38;5;237m━━━[0m [35m 90%[0m [36m0:00:11[0m[2KCaching / undistorting train images [38;2;249;38;114m━━━━━━━━━━━━━━━━━━━━━━━━━━━[0m[38;2;249;38;114m╸[0m[38;5;237m━━━[0m [35m 90%[0m [36m0:00:11[0m[2KCaching / undistorting train images [38;2;249;38;114m━━━━━━━━━━━━━━━━━━━━━━━━━━━[0m[38;2;249;38;114m╸[0m[38;5;237m━━━[0m [35m 90%[0m [36m0:00:11[0m[2KCaching / undistorting train images [38;2;249;38;114m━━━━━━━━━━━━━━━━━━━━━━━━━━━[0m[38;2;249;38;114m╸[0m[38;5;237m━━━[0m [35m 90%[0m [36m0:00:11[0m[2KCaching / undistorting train images [38;2;249;38;114m━━━━━━━━━━━━━━━━━━━━━━━━━━━[0m[38;2;249;38;114m╸[0m[38;5;237m━━━[0m [35m 90%[0m [36m0:00:11[0m[2KCaching / undistorting train images [38;2;249;38;114m━━━━━━━━━━━━━━━━━━━━━━━━━━━[0m[38;2;249;38;114m╸[0m[38;5;237m━━━[0m [35m 90%[0m [36m0:00:11[0m[2KCaching / undistorting train images [38;2;249;38;114m━━━━━━━━━━━━━━━━━━━━━━━━━━━[0m[38;2;249;38;114m╸[0m[38;5;237m━━━[0m [35m 90%[0m [36m0:00:11[0m[2KCaching / undistorting train images [38;2;249;38;114m━━━━━━━━━━━━━━━━━━━━━━━━━━━[0m[38;2;249;38;114m╸[0m[38;5;237m━━━[0m [35m 90%[0m [36m0:00:11[0m[2KCaching / undistorting train images [38;2;249;38;114m━━━━━━━━━━━━━━━━━━━━━━━━━━━[0m[38;2;249;38;114m╸[0m[38;5;237m━━━[0m [35m 90%[0m [36m0:00:11[0m[2KCaching / undistorting train images [38;2;249;38;114m━━━━━━━━━━━━━━━━━━━━━━━━━━━[0m[38;2;249;38;114m╸[0m[38;5;237m━━━[0m [35m 90%[0m [36m0:00:11[0m[2KCaching / undistorting train images [38;2;249;38;114m━━━━━━━━━━━━━━━━━━━━━━━━━━━[0m[38;2;249;38;114m╸[0m[38;5;237m━━━[0m [35m 90%[0m [36m0:00:11[0m[2KCaching / undistorting train images [38;2;249;38;114m━━━━━━━━━━━━━━━━━━━━━━━━━━━[0m[38;2;249;38;114m╸[0m[38;5;237m━━━[0m [35m 90%[0m [36m0:00:11[0m[2KCaching / undistorting train images [38;2;249;38;114m━━━━━━━━━━━━━━━━━━━━━━━━━━━[0m[38;2;249;38;114m╸[0m[38;5;237m━━━[0m [35m 90%[0m [36m0:00:11[0m[2KCaching / undistorting train images [38;2;249;38;114m━━━━━━━━━━━━━━━━━━━━━━━━━━━━[0m[38;5;237m╺[0m[38;5;237m━━[0m [35m 90%[0m [36m0:00:11[0m[2KCaching / undistorting train images [38;2;249;38;114m━━━━━━━━━━━━━━━━━━━━━━━━━━━━[0m[38;5;237m╺[0m[38;5;237m━━[0m [35m 90%[0m [36m0:00:11[0m[2KCaching / undistorting train images [38;2;249;38;114m━━━━━━━━━━━━━━━━━━━━━━━━━━━━[0m[38;5;237m╺[0m[38;5;237m━━[0m [35m 90%[0m [36m0:00:11[0m[2KCaching / undistorting train images [38;2;249;38;114m━━━━━━━━━━━━━━━━━━━━━━━━━━━━[0m[38;5;237m╺[0m[38;5;237m━━[0m [35m 90%[0m [36m0:00:11[0m[2KCaching / undistorting train images [38;2;249;38;114m━━━━━━━━━━━━━━━━━━━━━━━━━━━━[0m[38;5;237m╺[0m[38;5;237m━━[0m [35m 90%[0m [36m0:00:11[0m[2KCaching / undistorting train images [38;2;249;38;114m━━━━━━━━━━━━━━━━━━━━━━━━━━━━[0m[38;5;237m╺[0m[38;5;237m━━[0m [35m 91%[0m [36m0:00:10[0m[2KCaching / undistorting train images [38;2;249;38;114m━━━━━━━━━━━━━━━━━━━━━━━━━━━━[0m[38;5;237m╺[0m[38;5;237m━━[0m [35m 91%[0m [36m0:00:10[0m[2KCaching / undistorting train images [38;2;249;38;114m━━━━━━━━━━━━━━━━━━━━━━━━━━━━[0m[38;5;237m╺[0m[38;5;237m━━[0m [35m 91%[0m [36m0:00:10[0m[2KCaching / undistorting train images [38;2;249;38;114m━━━━━━━━━━━━━━━━━━━━━━━━━━━━[0m[38;5;237m╺[0m[38;5;237m━━[0m [35m 91%[0m [36m0:00:10[0m[2KCaching / undistorting train images [38;2;249;38;114m━━━━━━━━━━━━━━━━━━━━━━━━━━━━[0m[38;5;237m╺[0m[38;5;237m━━[0m [35m 91%[0m [36m0:00:10[0m[2KCaching / undistorting train images [38;2;249;38;114m━━━━━━━━━━━━━━━━━━━━━━━━━━━━[0m[38;5;237m╺[0m[38;5;237m━━[0m [35m 91%[0m [36m0:00:10[0m[2KCaching / undistorting train images [38;2;249;38;114m━━━━━━━━━━━━━━━━━━━━━━━━━━━━[0m[38;5;237m╺[0m[38;5;237m━━[0m [35m 91%[0m [36m0:00:10[0m[2KCaching / undistorting train images [38;2;249;38;114m━━━━━━━━━━━━━━━━━━━━━━━━━━━━[0m[38;5;237m╺[0m[38;5;237m━━[0m [35m 91%[0m [36m0:00:10[0m[2KCaching / undistorting train images [38;2;249;38;114m━━━━━━━━━━━━━━━━━━━━━━━━━━━━[0m[38;5;237m╺[0m[38;5;237m━━[0m [35m 92%[0m [36m0:00:09[0m[2KCaching / undistorting train images [38;2;249;38;114m━━━━━━━━━━━━━━━━━━━━━━━━━━━━[0m[38;2;249;38;114m╸[0m[38;5;237m━━[0m [35m 92%[0m [36m0:00:09[0m[2KCaching / undistorting train images [38;2;249;38;114m━━━━━━━━━━━━━━━━━━━━━━━━━━━━[0m[38;2;249;38;114m╸[0m[38;5;237m━━[0m [35m 92%[0m [36m0:00:09[0m[2KCaching / undistorting train images [38;2;249;38;114m━━━━━━━━━━━━━━━━━━━━━━━━━━━━[0m[38;2;249;38;114m╸[0m[38;5;237m━━[0m [35m 92%[0m [36m0:00:09[0m[2KCaching / undistorting train images [38;2;249;38;114m━━━━━━━━━━━━━━━━━━━━━━━━━━━━[0m[38;2;249;38;114m╸[0m[38;5;237m━━[0m [35m 92%[0m [36m0:00:09[0m[2KCaching / undistorting train images [38;2;249;38;114m━━━━━━━━━━━━━━━━━━━━━━━━━━━━[0m[38;2;249;38;114m╸[0m[38;5;237m━━[0m [35m 92%[0m [36m0:00:09[0m[2KCaching / undistorting train images [38;2;249;38;114m━━━━━━━━━━━━━━━━━━━━━━━━━━━━[0m[38;2;249;38;114m╸[0m[38;5;237m━━[0m [35m 92%[0m [36m0:00:09[0m[2KCaching / undistorting train images [38;2;249;38;114m━━━━━━━━━━━━━━━━━━━━━━━━━━━━[0m[38;2;249;38;114m╸[0m[38;5;237m━━[0m [35m 92%[0m [36m0:00:09[0m[2KCaching / undistorting train images [38;2;249;38;114m━━━━━━━━━━━━━━━━━━━━━━━━━━━━[0m[38;2;249;38;114m╸[0m[38;5;237m━━[0m [35m 92%[0m [36m0:00:09[0m[2KCaching / undistorting train images [38;2;249;38;114m━━━━━━━━━━━━━━━━━━━━━━━━━━━━[0m[38;2;249;38;114m╸[0m[38;5;237m━━[0m [35m 92%[0m [36m0:00:09[0m[2KCaching / undistorting train images [38;2;249;38;114m━━━━━━━━━━━━━━━━━━━━━━━━━━━━[0m[38;2;249;38;114m╸[0m[38;5;237m━━[0m [35m 92%[0m [36m0:00:09[0m[2KCaching / undistorting train images [38;2;249;38;114m━━━━━━━━━━━━━━━━━━━━━━━━━━━━[0m[38;2;249;38;114m╸[0m[38;5;237m━━[0m [35m 93%[0m [36m0:00:08[0m[2KCaching / undistorting train images [38;2;249;38;114m━━━━━━━━━━━━━━━━━━━━━━━━━━━━[0m[38;2;249;38;114m╸[0m[38;5;237m━━[0m [35m 93%[0m [36m0:00:08[0m[2KCaching / undistorting train images [38;2;249;38;114m━━━━━━━━━━━━━━━━━━━━━━━━━━━━[0m[38;2;249;38;114m╸[0m[38;5;237m━━[0m [35m 93%[0m [36m0:00:08[0m[2KCaching / undistorting train images [38;2;249;38;114m━━━━━━━━━━━━━━━━━━━━━━━━━━━━[0m[38;2;249;38;114m╸[0m[38;5;237m━━[0m [35m 93%[0m [36m0:00:08[0m[2KCaching / undistorting train images [38;2;249;38;114m━━━━━━━━━━━━━━━━━━━━━━━━━━━━[0m[38;2;249;38;114m╸[0m[38;5;237m━━[0m [35m 93%[0m [36m0:00:08[0m[2KCaching / undistorting train images [38;2;249;38;114m━━━━━━━━━━━━━━━━━━━━━━━━━━━━[0m[38;2;249;38;114m╸[0m[38;5;237m━━[0m [35m 93%[0m [36m0:00:08[0m[2KCaching / undistorting train images [38;2;249;38;114m━━━━━━━━━━━━━━━━━━━━━━━━━━━━[0m[38;2;249;38;114m╸[0m[38;5;237m━━[0m [35m 93%[0m [36m0:00:08[0m[2KCaching / undistorting train images [38;2;249;38;114m━━━━━━━━━━━━━━━━━━━━━━━━━━━━[0m[38;2;249;38;114m╸[0m[38;5;237m━━[0m [35m 93%[0m [36m0:00:08[0m[2KCaching / undistorting train images [38;2;249;38;114m━━━━━━━━━━━━━━━━━━━━━━━━━━━━[0m[38;2;249;38;114m╸[0m[38;5;237m━━[0m [35m 93%[0m [36m0:00:08[0m[2KCaching / undistorting train images [38;2;249;38;114m━━━━━━━━━━━━━━━━━━━━━━━━━━━━[0m[38;2;249;38;114m╸[0m[38;5;237m━━[0m [35m 94%[0m [36m0:00:07[0m[2KCaching / undistorting train images [38;2;249;38;114m━━━━━━━━━━━━━━━━━━━━━━━━━━━━[0m[38;2;249;38;114m╸[0m[38;5;237m━━[0m [35m 94%[0m [36m0:00:07[0m[2KCaching / undistorting train images [38;2;249;38;114m━━━━━━━━━━━━━━━━━━━━━━━━━━━━━[0m[38;5;237m╺[0m[38;5;237m━[0m [35m 94%[0m [36m0:00:07[0m[2KCaching / undistorting train images [38;2;249;38;114m━━━━━━━━━━━━━━━━━━━━━━━━━━━━━[0m[38;5;237m╺[0m[38;5;237m━[0m [35m 94%[0m [36m0:00:07[0m[2KCaching / undistorting train images [38;2;249;38;114m━━━━━━━━━━━━━━━━━━━━━━━━━━━━━[0m[38;5;237m╺[0m[38;5;237m━[0m [35m 94%[0m [36m0:00:07[0m[2KCaching / undistorting train images [38;2;249;38;114m━━━━━━━━━━━━━━━━━━━━━━━━━━━━━[0m[38;5;237m╺[0m[38;5;237m━[0m [35m 94%[0m [36m0:00:07[0m[2KCaching / undistorting train images [38;2;249;38;114m━━━━━━━━━━━━━━━━━━━━━━━━━━━━━[0m[38;5;237m╺[0m[38;5;237m━[0m [35m 94%[0m [36m0:00:07[0m[2KCaching / undistorting train images [38;2;249;38;114m━━━━━━━━━━━━━━━━━━━━━━━━━━━━━[0m[38;5;237m╺[0m[38;5;237m━[0m [35m 94%[0m [36m0:00:06[0m[2KCaching / undistorting train images [38;2;249;38;114m━━━━━━━━━━━━━━━━━━━━━━━━━━━━━[0m[38;5;237m╺[0m[38;5;237m━[0m [35m 94%[0m [36m0:00:06[0m[2KCaching / undistorting train images [38;2;249;38;114m━━━━━━━━━━━━━━━━━━━━━━━━━━━━━[0m[38;5;237m╺[0m[38;5;237m━[0m [35m 94%[0m [36m0:00:06[0m[2KCaching / undistorting train images [38;2;249;38;114m━━━━━━━━━━━━━━━━━━━━━━━━━━━━━[0m[38;5;237m╺[0m[38;5;237m━[0m [35m 94%[0m [36m0:00:06[0m[2KCaching / undistorting train images [38;2;249;38;114m━━━━━━━━━━━━━━━━━━━━━━━━━━━━━[0m[38;5;237m╺[0m[38;5;237m━[0m [35m 95%[0m [36m0:00:06[0m[2KCaching / undistorting train images [38;2;249;38;114m━━━━━━━━━━━━━━━━━━━━━━━━━━━━━[0m[38;5;237m╺[0m[38;5;237m━[0m [35m 95%[0m [36m0:00:06[0m[2KCaching / undistorting train images [38;2;249;38;114m━━━━━━━━━━━━━━━━━━━━━━━━━━━━━[0m[38;5;237m╺[0m[38;5;237m━[0m [35m 95%[0m [36m0:00:06[0m[2KCaching / undistorting train images [38;2;249;38;114m━━━━━━━━━━━━━━━━━━━━━━━━━━━━━[0m[38;5;237m╺[0m[38;5;237m━[0m [35m 95%[0m [36m0:00:06[0m[2KCaching / undistorting train images [38;2;249;38;114m━━━━━━━━━━━━━━━━━━━━━━━━━━━━━[0m[38;5;237m╺[0m[38;5;237m━[0m [35m 95%[0m [36m0:00:06[0m[2KCaching / undistorting train images [38;2;249;38;114m━━━━━━━━━━━━━━━━━━━━━━━━━━━━━[0m[38;5;237m╺[0m[38;5;237m━[0m [35m 95%[0m [36m0:00:06[0m[2KCaching / undistorting train images [38;2;249;38;114m━━━━━━━━━━━━━━━━━━━━━━━━━━━━━[0m[38;5;237m╺[0m[38;5;237m━[0m [35m 95%[0m [36m0:00:06[0m[2KCaching / undistorting train images [38;2;249;38;114m━━━━━━━━━━━━━━━━━━━━━━━━━━━━━[0m[38;5;237m╺[0m[38;5;237m━[0m [35m 95%[0m [36m0:00:06[0m[2KCaching / undistorting train images [38;2;249;38;114m━━━━━━━━━━━━━━━━━━━━━━━━━━━━━[0m[38;5;237m╺[0m[38;5;237m━[0m [35m 95%[0m [36m0:00:06[0m[2KCaching / undistorting train images [38;2;249;38;114m━━━━━━━━━━━━━━━━━━━━━━━━━━━━━[0m[38;5;237m╺[0m[38;5;237m━[0m [35m 95%[0m [36m0:00:06[0m[2KCaching / undistorting train images [38;2;249;38;114m━━━━━━━━━━━━━━━━━━━━━━━━━━━━━[0m[38;5;237m╺[0m[38;5;237m━[0m [35m 95%[0m [36m0:00:06[0m[2KCaching / undistorting train images [38;2;249;38;114m━━━━━━━━━━━━━━━━━━━━━━━━━━━━━[0m[38;5;237m╺[0m[38;5;237m━[0m [35m 95%[0m [36m0:00:06[0m[2KCaching / undistorting train images [38;2;249;38;114m━━━━━━━━━━━━━━━━━━━━━━━━━━━━━[0m[38;2;249;38;114m╸[0m[38;5;237m━[0m [35m 95%[0m [36m0:00:06[0m[2KCaching / undistorting train images [38;2;249;38;114m━━━━━━━━━━━━━━━━━━━━━━━━━━━━━[0m[38;2;249;38;114m╸[0m[38;5;237m━[0m [35m 95%[0m [36m0:00:06[0m[2KCaching / undistorting train images [38;2;249;38;114m━━━━━━━━━━━━━━━━━━━━━━━━━━━━━[0m[38;2;249;38;114m╸[0m[38;5;237m━[0m [35m 96%[0m [36m0:00:05[0m[2KCaching / undistorting train images [38;2;249;38;114m━━━━━━━━━━━━━━━━━━━━━━━━━━━━━[0m[38;2;249;38;114m╸[0m[38;5;237m━[0m [35m 96%[0m [36m0:00:05[0m[2KCaching / undistorting train images [38;2;249;38;114m━━━━━━━━━━━━━━━━━━━━━━━━━━━━━[0m[38;2;249;38;114m╸[0m[38;5;237m━[0m [35m 96%[0m [36m0:00:05[0m[2KCaching / undistorting train images [38;2;249;38;114m━━━━━━━━━━━━━━━━━━━━━━━━━━━━━[0m[38;2;249;38;114m╸[0m[38;5;237m━[0m [35m 96%[0m [36m0:00:05[0m[2KCaching / undistorting train images [38;2;249;38;114m━━━━━━━━━━━━━━━━━━━━━━━━━━━━━[0m[38;2;249;38;114m╸[0m[38;5;237m━[0m [35m 96%[0m [36m0:00:05[0m[2KCaching / undistorting train images [38;2;249;38;114m━━━━━━━━━━━━━━━━━━━━━━━━━━━━━[0m[38;2;249;38;114m╸[0m[38;5;237m━[0m [35m 96%[0m [36m0:00:04[0m[2KCaching / undistorting train images [38;2;249;38;114m━━━━━━━━━━━━━━━━━━━━━━━━━━━━━[0m[38;2;249;38;114m╸[0m[38;5;237m━[0m [35m 96%[0m [36m0:00:04[0m[2KCaching / undistorting train images [38;2;249;38;114m━━━━━━━━━━━━━━━━━━━━━━━━━━━━━[0m[38;2;249;38;114m╸[0m[38;5;237m━[0m [35m 96%[0m [36m0:00:04[0m[2KCaching / undistorting train images [38;2;249;38;114m━━━━━━━━━━━━━━━━━━━━━━━━━━━━━[0m[38;2;249;38;114m╸[0m[38;5;237m━[0m [35m 97%[0m [36m0:00:04[0m[2KCaching / undistorting train images [38;2;249;38;114m━━━━━━━━━━━━━━━━━━━━━━━━━━━━━[0m[38;2;249;38;114m╸[0m[38;5;237m━[0m [35m 97%[0m [36m0:00:04[0m[2KCaching / undistorting train images [38;2;249;38;114m━━━━━━━━━━━━━━━━━━━━━━━━━━━━━━[0m[38;5;237m╺[0m [35m 97%[0m [36m0:00:04[0m[2KCaching / undistorting train images [38;2;249;38;114m━━━━━━━━━━━━━━━━━━━━━━━━━━━━━━[0m[38;5;237m╺[0m [35m 97%[0m [36m0:00:04[0m[2KCaching / undistorting train images [38;2;249;38;114m━━━━━━━━━━━━━━━━━━━━━━━━━━━━━━[0m[38;5;237m╺[0m [35m 97%[0m [36m0:00:03[0m[2KCaching / undistorting train images [38;2;249;38;114m━━━━━━━━━━━━━━━━━━━━━━━━━━━━━━[0m[38;5;237m╺[0m [35m 97%[0m [36m0:00:03[0m[2KCaching / undistorting train images [38;2;249;38;114m━━━━━━━━━━━━━━━━━━━━━━━━━━━━━━[0m[38;5;237m╺[0m [35m 97%[0m [36m0:00:03[0m[2KCaching / undistorting train images [38;2;249;38;114m━━━━━━━━━━━━━━━━━━━━━━━━━━━━━━[0m[38;5;237m╺[0m [35m 97%[0m [36m0:00:03[0m[2KCaching / undistorting train images [38;2;249;38;114m━━━━━━━━━━━━━━━━━━━━━━━━━━━━━━[0m[38;5;237m╺[0m [35m 97%[0m [36m0:00:03[0m[2KCaching / undistorting train images [38;2;249;38;114m━━━━━━━━━━━━━━━━━━━━━━━━━━━━━━[0m[38;5;237m╺[0m [35m 98%[0m [36m0:00:03[0m[2KCaching / undistorting train images [38;2;249;38;114m━━━━━━━━━━━━━━━━━━━━━━━━━━━━━━[0m[38;5;237m╺[0m [35m 98%[0m [36m0:00:03[0m[2KCaching / undistorting train images [38;2;249;38;114m━━━━━━━━━━━━━━━━━━━━━━━━━━━━━━[0m[38;5;237m╺[0m [35m 98%[0m [36m0:00:03[0m[2KCaching / undistorting train images [38;2;249;38;114m━━━━━━━━━━━━━━━━━━━━━━━━━━━━━━[0m[38;5;237m╺[0m [35m 98%[0m [36m0:00:03[0m[2KCaching / undistorting train images [38;2;249;38;114m━━━━━━━━━━━━━━━━━━━━━━━━━━━━━━[0m[38;5;237m╺[0m [35m 98%[0m [36m0:00:03[0m[2KCaching / undistorting train images [38;2;249;38;114m━━━━━━━━━━━━━━━━━━━━━━━━━━━━━━[0m[38;5;237m╺[0m [35m 98%[0m [36m0:00:02[0m[2KCaching / undistorting train images [38;2;249;38;114m━━━━━━━━━━━━━━━━━━━━━━━━━━━━━━[0m[38;5;237m╺[0m [35m 98%[0m [36m0:00:02[0m[2KCaching / undistorting train images [38;2;249;38;114m━━━━━━━━━━━━━━━━━━━━━━━━━━━━━━[0m[38;5;237m╺[0m [35m 98%[0m [36m0:00:02[0m[2KCaching / undistorting train images [38;2;249;38;114m━━━━━━━━━━━━━━━━━━━━━━━━━━━━━━[0m[38;2;249;38;114m╸[0m [35m 98%[0m [36m0:00:02[0m[2KCaching / undistorting train images [38;2;249;38;114m━━━━━━━━━━━━━━━━━━━━━━━━━━━━━━[0m[38;2;249;38;114m╸[0m [35m 98%[0m [36m0:00:02[0m[2KCaching / undistorting train images [38;2;249;38;114m━━━━━━━━━━━━━━━━━━━━━━━━━━━━━━[0m[38;2;249;38;114m╸[0m [35m 99%[0m [36m0:00:02[0m[2KCaching / undistorting train images [38;2;249;38;114m━━━━━━━━━━━━━━━━━━━━━━━━━━━━━━[0m[38;2;249;38;114m╸[0m [35m 99%[0m [36m0:00:02[0m[2KCaching / undistorting train images [38;2;249;38;114m━━━━━━━━━━━━━━━━━━━━━━━━━━━━━━[0m[38;2;249;38;114m╸[0m [35m 99%[0m [36m0:00:02[0m[2KCaching / undistorting train images [38;2;249;38;114m━━━━━━━━━━━━━━━━━━━━━━━━━━━━━━[0m[38;2;249;38;114m╸[0m [35m 99%[0m [36m0:00:02[0m[2KCaching / undistorting train images [38;2;249;38;114m━━━━━━━━━━━━━━━━━━━━━━━━━━━━━━[0m[38;2;249;38;114m╸[0m [35m 99%[0m [36m0:00:02[0m[2KCaching / undistorting train images [38;2;249;38;114m━━━━━━━━━━━━━━━━━━━━━━━━━━━━━━[0m[38;2;249;38;114m╸[0m [35m 99%[0m [36m0:00:02[0m[2KCaching / undistorting train images [38;2;249;38;114m━━━━━━━━━━━━━━━━━━━━━━━━━━━━━━[0m[38;2;249;38;114m╸[0m [35m 99%[0m [36m0:00:02[0m[2KCaching / undistorting train images [38;2;249;38;114m━━━━━━━━━━━━━━━━━━━━━━━━━━━━━━[0m[38;2;249;38;114m╸[0m [35m 99%[0m [36m0:00:01[0m[2KCaching / undistorting train images [38;2;249;38;114m━━━━━━━━━━━━━━━━━━━━━━━━━━━━━━[0m[38;2;249;38;114m╸[0m [35m 99%[0m [36m0:00:01[0m[2KCaching / undistorting train images [38;2;249;38;114m━━━━━━━━━━━━━━━━━━━━━━━━━━━━━━[0m[38;2;249;38;114m╸[0m [35m 99%[0m [36m0:00:01[0m[2KCaching / undistorting train images [38;2;249;38;114m━━━━━━━━━━━━━━━━━━━━━━━━━━━━━━[0m[38;2;249;38;114m╸[0m [35m100%[0m [36m0:00:01[0m[2KCaching / undistorting train images [38;2;114;156;31m━━━━━━━━━━━━━━━━━━━━━━━━━━━━━━━[0m [35m100%[0m [33m0:01:42[0m[2KCaching / undistorting train images [38;2;114;156;31m━━━━━━━━━━━━━━━━━━━━━━━━━━━━━━━[0m [35m100%[0m [33m0:01:42[0m
[?25h[1A[2KImage after composite:  torch.Size([128, 160, 141])
[2;36m[16:11:02][0m[2;36m [0mPrinting max of [1;36m10[0m lines. Set flag [33m--logging.local-writer.max-log-[0m[33msize[0m[33m=[0m[1;33m0[0m to disable line        ]8;id=471029;file:///coc/flash5/skumar704/hyperspectral_3d/nerfstudio/nerfstudio/utils/writer.py\[2mwriter.py[0m]8;;\[2m:[0m]8;id=617889;file:///coc/flash5/skumar704/hyperspectral_3d/nerfstudio/nerfstudio/utils/writer.py#448\[2m448[0m]8;;\
[2;36m           [0mwrapping.                                                                                       [2m             [0m
Step (% Done)       Train Iter (time)    ETA (time)           
--------------------------------------------------------------
[2A[1KStep (% Done)       Train Iter (time)    ETA (time)               [0m
--------------------------------------------------------------    [0m
0 (0.00%)           1 m, 54 s            105 d, 16 h, 43 m, 45 s  [0m
Image after composite:  torch.Size([128, 160, 141])
Image after composite:  torch.Size([128, 160, 141])
Image after composite:  torch.Size([128, 160, 141])
Image after composite:  torch.Size([128, 160, 141])
Image after composite:  torch.Size([128, 160, 141])
Image after composite:  torch.Size([128, 160, 141])
Image after composite:  torch.Size([128, 160, 141])
Image after composite:  torch.Size([128, 160, 141])
Image after composite:  torch.Size([128, 160, 141])
Image after composite:  torch.Size([128, 160, 141])
[3A[1KStep (% Done)       Train Iter (time)    ETA (time)           Train Rays / Sec       [0m
-----------------------------------------------------------------------------------  [0m
0 (0.00%)           1 m, 54 s            105 d, 16 h, 43 m, 45 s                     [0m
10 (0.01%)          10 s, 458.116 ms     9 d, 16 h, 22 m, 24 s 7.21 M                [0m
Image after composite:  torch.Size([128, 160, 141])
Image after composite:  torch.Size([128, 160, 141])
Image after composite:  torch.Size([128, 160, 141])
Image after composite:  torch.Size([128, 160, 141])
Image after composite:  torch.Size([128, 160, 141])
Image after composite:  torch.Size([128, 160, 141])
Image after composite:  torch.Size([128, 160, 141])
Image after composite:  torch.Size([128, 160, 141])
Image after composite:  torch.Size([128, 160, 141])
Image after composite:  torch.Size([128, 160, 141])
[4A[1KStep (% Done)       Train Iter (time)    ETA (time)           Train Rays / Sec       [0m
-----------------------------------------------------------------------------------  [0m
0 (0.00%)           1 m, 54 s            105 d, 16 h, 43 m, 45 s                     [0m
10 (0.01%)          10 s, 458.116 ms     9 d, 16 h, 22 m, 24 s 7.21 M                [0m
20 (0.03%)          87.487 ms            1 h, 56 m, 37 s      7.32 M                 [0m
Image after composite:  torch.Size([128, 160, 141])
Image after composite:  torch.Size([128, 160, 141])
Image after composite:  torch.Size([128, 160, 141])
Image after composite:  torch.Size([128, 160, 141])
Image after composite:  torch.Size([128, 160, 141])
Image after composite:  torch.Size([128, 160, 141])
Image after composite:  torch.Size([128, 160, 141])
Image after composite:  torch.Size([128, 160, 141])
Image after composite:  torch.Size([128, 160, 141])
Image after composite:  torch.Size([128, 160, 141])
[5A[1KStep (% Done)       Train Iter (time)    ETA (time)           Train Rays / Sec       [0m
-----------------------------------------------------------------------------------  [0m
0 (0.00%)           1 m, 54 s            105 d, 16 h, 43 m, 45 s                     [0m
10 (0.01%)          10 s, 458.116 ms     9 d, 16 h, 22 m, 24 s 7.21 M                [0m
20 (0.03%)          87.487 ms            1 h, 56 m, 37 s      7.32 M                 [0m
30 (0.04%)          85.811 ms            1 h, 54 m, 22 s      7.46 M                 [0m
Image after composite:  torch.Size([128, 160, 141])
Image after composite:  torch.Size([128, 160, 141])
Image after composite:  torch.Size([128, 160, 141])
Image after composite:  torch.Size([128, 160, 141])
Image after composite:  torch.Size([128, 160, 141])
Image after composite:  torch.Size([128, 160, 141])
Image after composite:  torch.Size([128, 160, 141])
Image after composite:  torch.Size([128, 160, 141])
Image after composite:  torch.Size([128, 160, 141])
Image after composite:  torch.Size([128, 160, 141])
[6A[1KStep (% Done)       Train Iter (time)    ETA (time)           Train Rays / Sec       [0m
-----------------------------------------------------------------------------------  [0m
0 (0.00%)           1 m, 54 s            105 d, 16 h, 43 m, 45 s                     [0m
10 (0.01%)          10 s, 458.116 ms     9 d, 16 h, 22 m, 24 s 7.21 M                [0m
20 (0.03%)          87.487 ms            1 h, 56 m, 37 s      7.32 M                 [0m
30 (0.04%)          85.811 ms            1 h, 54 m, 22 s      7.46 M                 [0m
40 (0.05%)          85.866 ms            1 h, 54 m, 25 s      7.46 M                 [0m
Image after composite:  torch.Size([128, 160, 141])
Image after composite:  torch.Size([128, 160, 141])
Image after composite:  torch.Size([128, 160, 141])
Image after composite:  torch.Size([128, 160, 141])
Image after composite:  torch.Size([128, 160, 141])
Image after composite:  torch.Size([128, 160, 141])
Image after composite:  torch.Size([128, 160, 141])
Image after composite:  torch.Size([128, 160, 141])
Image after composite:  torch.Size([128, 160, 141])
Image after composite:  torch.Size([128, 160, 141])
[7A[1KStep (% Done)       Train Iter (time)    ETA (time)           Train Rays / Sec       [0m
-----------------------------------------------------------------------------------  [0m
0 (0.00%)           1 m, 54 s            105 d, 16 h, 43 m, 45 s                     [0m
10 (0.01%)          10 s, 458.116 ms     9 d, 16 h, 22 m, 24 s 7.21 M                [0m
20 (0.03%)          87.487 ms            1 h, 56 m, 37 s      7.32 M                 [0m
30 (0.04%)          85.811 ms            1 h, 54 m, 22 s      7.46 M                 [0m
40 (0.05%)          85.866 ms            1 h, 54 m, 25 s      7.46 M                 [0m
50 (0.06%)          86.413 ms            1 h, 55 m, 8 s       7.41 M                 [0m
Image after composite:  torch.Size([128, 160, 141])
Image after composite:  torch.Size([128, 160, 141])
Image after composite:  torch.Size([128, 160, 141])
Image after composite:  torch.Size([128, 160, 141])
Image after composite:  torch.Size([128, 160, 141])
Image after composite:  torch.Size([128, 160, 141])
Image after composite:  torch.Size([128, 160, 141])
Image after composite:  torch.Size([128, 160, 141])
Image after composite:  torch.Size([128, 160, 141])
Image after composite:  torch.Size([128, 160, 141])
[8A[1KStep (% Done)       Train Iter (time)    ETA (time)           Train Rays / Sec       [0m
-----------------------------------------------------------------------------------  [0m
0 (0.00%)           1 m, 54 s            105 d, 16 h, 43 m, 45 s                     [0m
10 (0.01%)          10 s, 458.116 ms     9 d, 16 h, 22 m, 24 s 7.21 M                [0m
20 (0.03%)          87.487 ms            1 h, 56 m, 37 s      7.32 M                 [0m
30 (0.04%)          85.811 ms            1 h, 54 m, 22 s      7.46 M                 [0m
40 (0.05%)          85.866 ms            1 h, 54 m, 25 s      7.46 M                 [0m
50 (0.06%)          86.413 ms            1 h, 55 m, 8 s       7.41 M                 [0m
60 (0.07%)          86.552 ms            1 h, 55 m, 18 s      7.40 M                 [0m
Image after composite:  torch.Size([128, 160, 141])
Image after composite:  torch.Size([128, 160, 141])
Image after composite:  torch.Size([128, 160, 141])
Image after composite:  torch.Size([128, 160, 141])
Image after composite:  torch.Size([128, 160, 141])
Image after composite:  torch.Size([128, 160, 141])
Image after composite:  torch.Size([128, 160, 141])
Image after composite:  torch.Size([128, 160, 141])
Image after composite:  torch.Size([128, 160, 141])
Image after composite:  torch.Size([128, 160, 141])
[9A[1KStep (% Done)       Train Iter (time)    ETA (time)           Train Rays / Sec       [0m
-----------------------------------------------------------------------------------  [0m
0 (0.00%)           1 m, 54 s            105 d, 16 h, 43 m, 45 s                     [0m
10 (0.01%)          10 s, 458.116 ms     9 d, 16 h, 22 m, 24 s 7.21 M                [0m
20 (0.03%)          87.487 ms            1 h, 56 m, 37 s      7.32 M                 [0m
30 (0.04%)          85.811 ms            1 h, 54 m, 22 s      7.46 M                 [0m
40 (0.05%)          85.866 ms            1 h, 54 m, 25 s      7.46 M                 [0m
50 (0.06%)          86.413 ms            1 h, 55 m, 8 s       7.41 M                 [0m
60 (0.07%)          86.552 ms            1 h, 55 m, 18 s      7.40 M                 [0m
70 (0.09%)          86.875 ms            1 h, 55 m, 43 s      7.37 M                 [0m
Image after composite:  torch.Size([128, 160, 141])
Image after composite:  torch.Size([128, 160, 141])
Image after composite:  torch.Size([128, 160, 141])
Image after composite:  torch.Size([128, 160, 141])
Image after composite:  torch.Size([128, 160, 141])
Image after composite:  torch.Size([128, 160, 141])
Image after composite:  torch.Size([128, 160, 141])
Image after composite:  torch.Size([128, 160, 141])
Image after composite:  torch.Size([128, 160, 141])
Image after composite:  torch.Size([128, 160, 141])
[10A[1KStep (% Done)       Train Iter (time)    ETA (time)           Train Rays / Sec       [0m
-----------------------------------------------------------------------------------  [0m
0 (0.00%)           1 m, 54 s            105 d, 16 h, 43 m, 45 s                     [0m
10 (0.01%)          10 s, 458.116 ms     9 d, 16 h, 22 m, 24 s 7.21 M                [0m
20 (0.03%)          87.487 ms            1 h, 56 m, 37 s      7.32 M                 [0m
30 (0.04%)          85.811 ms            1 h, 54 m, 22 s      7.46 M                 [0m
40 (0.05%)          85.866 ms            1 h, 54 m, 25 s      7.46 M                 [0m
50 (0.06%)          86.413 ms            1 h, 55 m, 8 s       7.41 M                 [0m
60 (0.07%)          86.552 ms            1 h, 55 m, 18 s      7.40 M                 [0m
70 (0.09%)          86.875 ms            1 h, 55 m, 43 s      7.37 M                 [0m
80 (0.10%)          86.235 ms            1 h, 54 m, 51 s      7.43 M                 [0m
Image after composite:  torch.Size([128, 160, 141])
Image after composite:  torch.Size([128, 160, 141])
Image after composite:  torch.Size([128, 160, 141])
Image after composite:  torch.Size([128, 160, 141])
Image after composite:  torch.Size([128, 160, 141])
Image after composite:  torch.Size([128, 160, 141])
Image after composite:  torch.Size([128, 160, 141])
Image after composite:  torch.Size([128, 160, 141])
Image after composite:  torch.Size([128, 160, 141])
Image after composite:  torch.Size([128, 160, 141])
[11A[1KStep (% Done)       Train Iter (time)    ETA (time)           Train Rays / Sec       [0m
-----------------------------------------------------------------------------------  [0m
0 (0.00%)           1 m, 54 s            105 d, 16 h, 43 m, 45 s                     [0m
10 (0.01%)          10 s, 458.116 ms     9 d, 16 h, 22 m, 24 s 7.21 M                [0m
20 (0.03%)          87.487 ms            1 h, 56 m, 37 s      7.32 M                 [0m
30 (0.04%)          85.811 ms            1 h, 54 m, 22 s      7.46 M                 [0m
40 (0.05%)          85.866 ms            1 h, 54 m, 25 s      7.46 M                 [0m
50 (0.06%)          86.413 ms            1 h, 55 m, 8 s       7.41 M                 [0m
60 (0.07%)          86.552 ms            1 h, 55 m, 18 s      7.40 M                 [0m
70 (0.09%)          86.875 ms            1 h, 55 m, 43 s      7.37 M                 [0m
80 (0.10%)          86.235 ms            1 h, 54 m, 51 s      7.43 M                 [0m
90 (0.11%)          85.887 ms            1 h, 54 m, 23 s      7.46 M                 [0m
Image after composite:  torch.Size([128, 160, 141])
Image after composite:  torch.Size([128, 160, 141])
Image after composite:  torch.Size([128, 160, 141])
Image after composite:  torch.Size([128, 160, 141])
Image after composite:  torch.Size([128, 160, 141])
Image after composite:  torch.Size([128, 160, 141])
Image after composite:  torch.Size([128, 160, 141])
Image after composite:  torch.Size([128, 160, 141])
Image after composite:  torch.Size([128, 160, 141])
Image after composite:  torch.Size([128, 160, 141])
[2;36m[16:11:11][0m[2;36m [0mCaching [35m/[0m undistorting eval images                                             ]8;id=988210;file:///coc/flash5/skumar704/hyperspectral_3d/nerfstudio/nerfstudio/data/datamanagers/full_images_datamanager.py\[2mfull_images_datamanager.py[0m]8;;\[2m:[0m]8;id=12038;file:///coc/flash5/skumar704/hyperspectral_3d/nerfstudio/nerfstudio/data/datamanagers/full_images_datamanager.py#179\[2m179[0m]8;;\
[?25l[2KCaching / undistorting eval images [38;5;237m━━━━━━━━━━━━━━━━━━━━━━━━━━━━━━━━[0m [35m  0%[0m [36m-:--:--[0m[2KCaching / undistorting eval images [38;5;237m━━━━━━━━━━━━━━━━━━━━━━━━━━━━━━━━[0m [35m  0%[0m [36m-:--:--[0m[2KCaching / undistorting eval images [38;5;237m━━━━━━━━━━━━━━━━━━━━━━━━━━━━━━━━[0m [35m  0%[0m [36m-:--:--[0m[2K/coc/flash5/skumar704/hyperspectral_3d/nerfstudio/nerfstudio/data/datasets/hyper
spectral_dataset.py:69: FutureWarning: You are using `torch.load` with 
`weights_only=False` (the current default value), which uses the default pickle 
module implicitly. It is possible to construct malicious pickle data which will 
execute arbitrary code during unpickling (See 
https://github.com/pytorch/pytorch/blob/main/SECURITY.md#untrusted-models for 
more details). In a future release, the default value for `weights_only` will be
flipped to `True`. This limits the functions that could be executed during 
unpickling. Arbitrary objects will no longer be allowed to be loaded via this 
mode unless they are explicitly allowlisted by the user via 
`torch.serialization.add_safe_globals`. We recommend you start setting 
`weights_only=True` for any use case where you don't have full control of the 
loaded file. Please open an issue on GitHub for any issues related to this 
experimental feature.
  latent_image = torch.load(latent_filepath)
Caching / undistorting eval images [38;5;237m━━━━━━━━━━━━━━━━━━━━━━━━━━━━━━━━[0m [35m  0%[0m [36m-:--:--[0m[2KCaching / undistorting eval images [38;5;237m━━━━━━━━━━━━━━━━━━━━━━━━━━━━━━━━[0m [35m  0%[0m [36m-:--:--[0m[2KCaching / undistorting eval images [38;5;237m━━━━━━━━━━━━━━━━━━━━━━━━━━━━━━━━[0m [35m  0%[0m [36m-:--:--[0m[2KCaching / undistorting eval images [38;5;237m━━━━━━━━━━━━━━━━━━━━━━━━━━━━━━━━[0m [35m  0%[0m [36m-:--:--[0m[2KCaching / undistorting eval images [38;5;237m━━━━━━━━━━━━━━━━━━━━━━━━━━━━━━━━[0m [35m  0%[0m [36m-:--:--[0m[2KCaching / undistorting eval images [38;5;237m━━━━━━━━━━━━━━━━━━━━━━━━━━━━━━━━[0m [35m  0%[0m [36m-:--:--[0m[2KCaching / undistorting eval images [38;2;249;38;114m━[0m[38;2;249;38;114m╸[0m[38;5;237m━━━━━━━━━━━━━━━━━━━━━━━━━━━━━━[0m [35m  6%[0m [36m-:--:--[0m[2KCaching / undistorting eval images [38;2;249;38;114m━[0m[38;2;249;38;114m╸[0m[38;5;237m━━━━━━━━━━━━━━━━━━━━━━━━━━━━━━[0m [35m  6%[0m [36m-:--:--[0m[2KCaching / undistorting eval images [38;2;249;38;114m━[0m[38;2;249;38;114m╸[0m[38;5;237m━━━━━━━━━━━━━━━━━━━━━━━━━━━━━━[0m [35m  6%[0m [36m-:--:--[0m[2KCaching / undistorting eval images [38;2;249;38;114m━[0m[38;2;249;38;114m╸[0m[38;5;237m━━━━━━━━━━━━━━━━━━━━━━━━━━━━━━[0m [35m  6%[0m [36m-:--:--[0m[2KCaching / undistorting eval images [38;2;249;38;114m━[0m[38;2;249;38;114m╸[0m[38;5;237m━━━━━━━━━━━━━━━━━━━━━━━━━━━━━━[0m [35m  6%[0m [36m-:--:--[0m[2KCaching / undistorting eval images [38;2;249;38;114m━[0m[38;2;249;38;114m╸[0m[38;5;237m━━━━━━━━━━━━━━━━━━━━━━━━━━━━━━[0m [35m  6%[0m [36m-:--:--[0m[2KCaching / undistorting eval images [38;2;249;38;114m━━━[0m[38;2;249;38;114m╸[0m[38;5;237m━━━━━━━━━━━━━━━━━━━━━━━━━━━━[0m [35m 11%[0m [36m0:00:10[0m[2KCaching / undistorting eval images [38;2;249;38;114m━━━[0m[38;2;249;38;114m╸[0m[38;5;237m━━━━━━━━━━━━━━━━━━━━━━━━━━━━[0m [35m 11%[0m [36m0:00:10[0m[2KCaching / undistorting eval images [38;2;249;38;114m━━━[0m[38;2;249;38;114m╸[0m[38;5;237m━━━━━━━━━━━━━━━━━━━━━━━━━━━━[0m [35m 11%[0m [36m0:00:10[0m[2KCaching / undistorting eval images [38;2;249;38;114m━━━[0m[38;2;249;38;114m╸[0m[38;5;237m━━━━━━━━━━━━━━━━━━━━━━━━━━━━[0m [35m 11%[0m [36m0:00:10[0m[2KCaching / undistorting eval images [38;2;249;38;114m━━━━━[0m[38;5;237m╺[0m[38;5;237m━━━━━━━━━━━━━━━━━━━━━━━━━━[0m [35m 17%[0m [36m0:00:08[0m[2KCaching / undistorting eval images [38;2;249;38;114m━━━━━[0m[38;5;237m╺[0m[38;5;237m━━━━━━━━━━━━━━━━━━━━━━━━━━[0m [35m 17%[0m [36m0:00:08[0m[2KCaching / undistorting eval images [38;2;249;38;114m━━━━━[0m[38;5;237m╺[0m[38;5;237m━━━━━━━━━━━━━━━━━━━━━━━━━━[0m [35m 17%[0m [36m0:00:08[0m[2KCaching / undistorting eval images [38;2;249;38;114m━━━━━[0m[38;5;237m╺[0m[38;5;237m━━━━━━━━━━━━━━━━━━━━━━━━━━[0m [35m 17%[0m [36m0:00:08[0m[2KCaching / undistorting eval images [38;2;249;38;114m━━━━━[0m[38;5;237m╺[0m[38;5;237m━━━━━━━━━━━━━━━━━━━━━━━━━━[0m [35m 17%[0m [36m0:00:08[0m[2KCaching / undistorting eval images [38;2;249;38;114m━━━━━[0m[38;5;237m╺[0m[38;5;237m━━━━━━━━━━━━━━━━━━━━━━━━━━[0m [35m 17%[0m [36m0:00:08[0m[2KCaching / undistorting eval images [38;2;249;38;114m━━━━━━━[0m[38;5;237m╺[0m[38;5;237m━━━━━━━━━━━━━━━━━━━━━━━━[0m [35m 22%[0m [36m0:00:08[0m[2KCaching / undistorting eval images [38;2;249;38;114m━━━━━━━[0m[38;5;237m╺[0m[38;5;237m━━━━━━━━━━━━━━━━━━━━━━━━[0m [35m 22%[0m [36m0:00:08[0m[2KCaching / undistorting eval images [38;2;249;38;114m━━━━━━━[0m[38;5;237m╺[0m[38;5;237m━━━━━━━━━━━━━━━━━━━━━━━━[0m [35m 22%[0m [36m0:00:08[0m[2KCaching / undistorting eval images [38;2;249;38;114m━━━━━━━[0m[38;5;237m╺[0m[38;5;237m━━━━━━━━━━━━━━━━━━━━━━━━[0m [35m 22%[0m [36m0:00:08[0m[2KCaching / undistorting eval images [38;2;249;38;114m━━━━━━━[0m[38;5;237m╺[0m[38;5;237m━━━━━━━━━━━━━━━━━━━━━━━━[0m [35m 22%[0m [36m0:00:08[0m[2KCaching / undistorting eval images [38;2;249;38;114m━━━━━━━[0m[38;5;237m╺[0m[38;5;237m━━━━━━━━━━━━━━━━━━━━━━━━[0m [35m 22%[0m [36m0:00:08[0m[2KCaching / undistorting eval images [38;2;249;38;114m━━━━━━━[0m[38;5;237m╺[0m[38;5;237m━━━━━━━━━━━━━━━━━━━━━━━━[0m [35m 22%[0m [36m0:00:08[0m[2KCaching / undistorting eval images [38;2;249;38;114m━━━━━━━━[0m[38;2;249;38;114m╸[0m[38;5;237m━━━━━━━━━━━━━━━━━━━━━━━[0m [35m 28%[0m [36m0:00:08[0m[2KCaching / undistorting eval images [38;2;249;38;114m━━━━━━━━[0m[38;2;249;38;114m╸[0m[38;5;237m━━━━━━━━━━━━━━━━━━━━━━━[0m [35m 28%[0m [36m0:00:08[0m[2KCaching / undistorting eval images [38;2;249;38;114m━━━━━━━━[0m[38;2;249;38;114m╸[0m[38;5;237m━━━━━━━━━━━━━━━━━━━━━━━[0m [35m 28%[0m [36m0:00:08[0m[2KCaching / undistorting eval images [38;2;249;38;114m━━━━━━━━[0m[38;2;249;38;114m╸[0m[38;5;237m━━━━━━━━━━━━━━━━━━━━━━━[0m [35m 28%[0m [36m0:00:08[0m[2KCaching / undistorting eval images [38;2;249;38;114m━━━━━━━━[0m[38;2;249;38;114m╸[0m[38;5;237m━━━━━━━━━━━━━━━━━━━━━━━[0m [35m 28%[0m [36m0:00:08[0m[2KCaching / undistorting eval images [38;2;249;38;114m━━━━━━━━[0m[38;2;249;38;114m╸[0m[38;5;237m━━━━━━━━━━━━━━━━━━━━━━━[0m [35m 28%[0m [36m0:00:08[0m[2KCaching / undistorting eval images [38;2;249;38;114m━━━━━━━━━━[0m[38;2;249;38;114m╸[0m[38;5;237m━━━━━━━━━━━━━━━━━━━━━[0m [35m 33%[0m [36m0:00:07[0m[2KCaching / undistorting eval images [38;2;249;38;114m━━━━━━━━━━[0m[38;2;249;38;114m╸[0m[38;5;237m━━━━━━━━━━━━━━━━━━━━━[0m [35m 33%[0m [36m0:00:07[0m[2KCaching / undistorting eval images [38;2;249;38;114m━━━━━━━━━━[0m[38;2;249;38;114m╸[0m[38;5;237m━━━━━━━━━━━━━━━━━━━━━[0m [35m 33%[0m [36m0:00:07[0m[2KCaching / undistorting eval images [38;2;249;38;114m━━━━━━━━━━━[0m[38;2;249;38;114m╸[0m[38;5;237m━━━━━━━━━━━━━━━━━━━━[0m [35m 36%[0m [36m0:00:07[0m[2KCaching / undistorting eval images [38;2;249;38;114m━━━━━━━━━━━━[0m[38;5;237m╺[0m[38;5;237m━━━━━━━━━━━━━━━━━━━[0m [35m 39%[0m [36m0:00:07[0m[2KCaching / undistorting eval images [38;2;249;38;114m━━━━━━━━━━━━[0m[38;5;237m╺[0m[38;5;237m━━━━━━━━━━━━━━━━━━━[0m [35m 39%[0m [36m0:00:07[0m[2KCaching / undistorting eval images [38;2;249;38;114m━━━━━━━━━━━━[0m[38;5;237m╺[0m[38;5;237m━━━━━━━━━━━━━━━━━━━[0m [35m 39%[0m [36m0:00:07[0m[2KCaching / undistorting eval images [38;2;249;38;114m━━━━━━━━━━━━[0m[38;5;237m╺[0m[38;5;237m━━━━━━━━━━━━━━━━━━━[0m [35m 39%[0m [36m0:00:07[0m[2KCaching / undistorting eval images [38;2;249;38;114m━━━━━━━━━━━━[0m[38;5;237m╺[0m[38;5;237m━━━━━━━━━━━━━━━━━━━[0m [35m 39%[0m [36m0:00:07[0m[2KCaching / undistorting eval images [38;2;249;38;114m━━━━━━━━━━━━[0m[38;5;237m╺[0m[38;5;237m━━━━━━━━━━━━━━━━━━━[0m [35m 39%[0m [36m0:00:07[0m[2KCaching / undistorting eval images [38;2;249;38;114m━━━━━━━━━━━━[0m[38;5;237m╺[0m[38;5;237m━━━━━━━━━━━━━━━━━━━[0m [35m 39%[0m [36m0:00:07[0m[2KCaching / undistorting eval images [38;2;249;38;114m━━━━━━━━━━━━[0m[38;5;237m╺[0m[38;5;237m━━━━━━━━━━━━━━━━━━━[0m [35m 39%[0m [36m0:00:07[0m[2KCaching / undistorting eval images [38;2;249;38;114m━━━━━━━━━━━━━━[0m[38;5;237m╺[0m[38;5;237m━━━━━━━━━━━━━━━━━[0m [35m 44%[0m [36m0:00:06[0m[2KCaching / undistorting eval images [38;2;249;38;114m━━━━━━━━━━━━━━[0m[38;5;237m╺[0m[38;5;237m━━━━━━━━━━━━━━━━━[0m [35m 44%[0m [36m0:00:06[0m[2KCaching / undistorting eval images [38;2;249;38;114m━━━━━━━━━━━━━━[0m[38;5;237m╺[0m[38;5;237m━━━━━━━━━━━━━━━━━[0m [35m 44%[0m [36m0:00:06[0m[2KCaching / undistorting eval images [38;2;249;38;114m━━━━━━━━━━━━━━[0m[38;5;237m╺[0m[38;5;237m━━━━━━━━━━━━━━━━━[0m [35m 44%[0m [36m0:00:06[0m[2KCaching / undistorting eval images [38;2;249;38;114m━━━━━━━━━━━━━━[0m[38;5;237m╺[0m[38;5;237m━━━━━━━━━━━━━━━━━[0m [35m 44%[0m [36m0:00:06[0m[2KCaching / undistorting eval images [38;2;249;38;114m━━━━━━━━━━━━━━[0m[38;5;237m╺[0m[38;5;237m━━━━━━━━━━━━━━━━━[0m [35m 44%[0m [36m0:00:06[0m[2KCaching / undistorting eval images [38;2;249;38;114m━━━━━━━━━━━━━━━━[0m[38;5;237m╺[0m[38;5;237m━━━━━━━━━━━━━━━[0m [35m 50%[0m [36m0:00:06[0m[2KCaching / undistorting eval images [38;2;249;38;114m━━━━━━━━━━━━━━━━[0m[38;5;237m╺[0m[38;5;237m━━━━━━━━━━━━━━━[0m [35m 50%[0m [36m0:00:06[0m[2KCaching / undistorting eval images [38;2;249;38;114m━━━━━━━━━━━━━━━━[0m[38;5;237m╺[0m[38;5;237m━━━━━━━━━━━━━━━[0m [35m 50%[0m [36m0:00:06[0m[2KCaching / undistorting eval images [38;2;249;38;114m━━━━━━━━━━━━━━━━[0m[38;5;237m╺[0m[38;5;237m━━━━━━━━━━━━━━━[0m [35m 50%[0m [36m0:00:06[0m[2KCaching / undistorting eval images [38;2;249;38;114m━━━━━━━━━━━━━━━━[0m[38;5;237m╺[0m[38;5;237m━━━━━━━━━━━━━━━[0m [35m 50%[0m [36m0:00:06[0m[2KCaching / undistorting eval images [38;2;249;38;114m━━━━━━━━━━━━━━━━━[0m[38;2;249;38;114m╸[0m[38;5;237m━━━━━━━━━━━━━━[0m [35m 56%[0m [36m0:00:05[0m[2KCaching / undistorting eval images [38;2;249;38;114m━━━━━━━━━━━━━━━━━[0m[38;2;249;38;114m╸[0m[38;5;237m━━━━━━━━━━━━━━[0m [35m 56%[0m [36m0:00:05[0m[2KCaching / undistorting eval images [38;2;249;38;114m━━━━━━━━━━━━━━━━━[0m[38;2;249;38;114m╸[0m[38;5;237m━━━━━━━━━━━━━━[0m [35m 56%[0m [36m0:00:05[0m[2KCaching / undistorting eval images [38;2;249;38;114m━━━━━━━━━━━━━━━━━[0m[38;2;249;38;114m╸[0m[38;5;237m━━━━━━━━━━━━━━[0m [35m 56%[0m [36m0:00:05[0m[2KCaching / undistorting eval images [38;2;249;38;114m━━━━━━━━━━━━━━━━━━━[0m[38;2;249;38;114m╸[0m[38;5;237m━━━━━━━━━━━━[0m [35m 61%[0m [36m0:00:04[0m[2KCaching / undistorting eval images [38;2;249;38;114m━━━━━━━━━━━━━━━━━━━[0m[38;2;249;38;114m╸[0m[38;5;237m━━━━━━━━━━━━[0m [35m 61%[0m [36m0:00:04[0m[2KCaching / undistorting eval images [38;2;249;38;114m━━━━━━━━━━━━━━━━━━━[0m[38;2;249;38;114m╸[0m[38;5;237m━━━━━━━━━━━━[0m [35m 61%[0m [36m0:00:04[0m[2KCaching / undistorting eval images [38;2;249;38;114m━━━━━━━━━━━━━━━━━━━[0m[38;2;249;38;114m╸[0m[38;5;237m━━━━━━━━━━━━[0m [35m 61%[0m [36m0:00:04[0m[2KCaching / undistorting eval images [38;2;249;38;114m━━━━━━━━━━━━━━━━━━━[0m[38;2;249;38;114m╸[0m[38;5;237m━━━━━━━━━━━━[0m [35m 61%[0m [36m0:00:04[0m[2KCaching / undistorting eval images [38;2;249;38;114m━━━━━━━━━━━━━━━━━━━[0m[38;2;249;38;114m╸[0m[38;5;237m━━━━━━━━━━━━[0m [35m 61%[0m [36m0:00:04[0m[2KCaching / undistorting eval images [38;2;249;38;114m━━━━━━━━━━━━━━━━━━━[0m[38;2;249;38;114m╸[0m[38;5;237m━━━━━━━━━━━━[0m [35m 61%[0m [36m0:00:04[0m[2KCaching / undistorting eval images [38;2;249;38;114m━━━━━━━━━━━━━━━━━━━━━[0m[38;5;237m╺[0m[38;5;237m━━━━━━━━━━[0m [35m 67%[0m [36m0:00:04[0m[2KCaching / undistorting eval images [38;2;249;38;114m━━━━━━━━━━━━━━━━━━━━━[0m[38;5;237m╺[0m[38;5;237m━━━━━━━━━━[0m [35m 67%[0m [36m0:00:04[0m[2KCaching / undistorting eval images [38;2;249;38;114m━━━━━━━━━━━━━━━━━━━━━[0m[38;5;237m╺[0m[38;5;237m━━━━━━━━━━[0m [35m 67%[0m [36m0:00:04[0m[2KCaching / undistorting eval images [38;2;249;38;114m━━━━━━━━━━━━━━━━━━━━━[0m[38;5;237m╺[0m[38;5;237m━━━━━━━━━━[0m [35m 67%[0m [36m0:00:04[0m[2KCaching / undistorting eval images [38;2;249;38;114m━━━━━━━━━━━━━━━━━━━━━[0m[38;5;237m╺[0m[38;5;237m━━━━━━━━━━[0m [35m 67%[0m [36m0:00:04[0m[2KCaching / undistorting eval images [38;2;249;38;114m━━━━━━━━━━━━━━━━━━━━━━━[0m[38;5;237m╺[0m[38;5;237m━━━━━━━━[0m [35m 72%[0m [36m0:00:03[0m[2KCaching / undistorting eval images [38;2;249;38;114m━━━━━━━━━━━━━━━━━━━━━━━[0m[38;5;237m╺[0m[38;5;237m━━━━━━━━[0m [35m 72%[0m [36m0:00:03[0m[2KCaching / undistorting eval images [38;2;249;38;114m━━━━━━━━━━━━━━━━━━━━━━━[0m[38;5;237m╺[0m[38;5;237m━━━━━━━━[0m [35m 72%[0m [36m0:00:03[0m[2KCaching / undistorting eval images [38;2;249;38;114m━━━━━━━━━━━━━━━━━━━━━━━[0m[38;5;237m╺[0m[38;5;237m━━━━━━━━[0m [35m 72%[0m [36m0:00:03[0m[2KCaching / undistorting eval images [38;2;249;38;114m━━━━━━━━━━━━━━━━━━━━━━━[0m[38;5;237m╺[0m[38;5;237m━━━━━━━━[0m [35m 72%[0m [36m0:00:03[0m[2KCaching / undistorting eval images [38;2;249;38;114m━━━━━━━━━━━━━━━━━━━━━━━[0m[38;5;237m╺[0m[38;5;237m━━━━━━━━[0m [35m 72%[0m [36m0:00:03[0m[2KCaching / undistorting eval images [38;2;249;38;114m━━━━━━━━━━━━━━━━━━━━━━━━[0m[38;5;237m╺[0m[38;5;237m━━━━━━━[0m [35m 75%[0m [36m0:00:03[0m[2KCaching / undistorting eval images [38;2;249;38;114m━━━━━━━━━━━━━━━━━━━━━━━━[0m[38;2;249;38;114m╸[0m[38;5;237m━━━━━━━[0m [35m 78%[0m [36m0:00:03[0m[2KCaching / undistorting eval images [38;2;249;38;114m━━━━━━━━━━━━━━━━━━━━━━━━[0m[38;2;249;38;114m╸[0m[38;5;237m━━━━━━━[0m [35m 78%[0m [36m0:00:03[0m[2KCaching / undistorting eval images [38;2;249;38;114m━━━━━━━━━━━━━━━━━━━━━━━━[0m[38;2;249;38;114m╸[0m[38;5;237m━━━━━━━[0m [35m 78%[0m [36m0:00:03[0m[2KCaching / undistorting eval images [38;2;249;38;114m━━━━━━━━━━━━━━━━━━━━━━━━[0m[38;2;249;38;114m╸[0m[38;5;237m━━━━━━━[0m [35m 78%[0m [36m0:00:03[0m[2KCaching / undistorting eval images [38;2;249;38;114m━━━━━━━━━━━━━━━━━━━━━━━━━━[0m[38;2;249;38;114m╸[0m[38;5;237m━━━━━[0m [35m 83%[0m [36m0:00:02[0m[2KCaching / undistorting eval images [38;2;249;38;114m━━━━━━━━━━━━━━━━━━━━━━━━━━[0m[38;2;249;38;114m╸[0m[38;5;237m━━━━━[0m [35m 83%[0m [36m0:00:02[0m[2KCaching / undistorting eval images [38;2;249;38;114m━━━━━━━━━━━━━━━━━━━━━━━━━━[0m[38;2;249;38;114m╸[0m[38;5;237m━━━━━[0m [35m 83%[0m [36m0:00:02[0m[2KCaching / undistorting eval images [38;2;249;38;114m━━━━━━━━━━━━━━━━━━━━━━━━━━[0m[38;2;249;38;114m╸[0m[38;5;237m━━━━━[0m [35m 83%[0m [36m0:00:02[0m[2KCaching / undistorting eval images [38;2;249;38;114m━━━━━━━━━━━━━━━━━━━━━━━━━━[0m[38;2;249;38;114m╸[0m[38;5;237m━━━━━[0m [35m 83%[0m [36m0:00:02[0m[2KCaching / undistorting eval images [38;2;249;38;114m━━━━━━━━━━━━━━━━━━━━━━━━━━[0m[38;2;249;38;114m╸[0m[38;5;237m━━━━━[0m [35m 83%[0m [36m0:00:02[0m[2KCaching / undistorting eval images [38;2;249;38;114m━━━━━━━━━━━━━━━━━━━━━━━━━━[0m[38;2;249;38;114m╸[0m[38;5;237m━━━━━[0m [35m 83%[0m [36m0:00:02[0m[2KCaching / undistorting eval images [38;2;249;38;114m━━━━━━━━━━━━━━━━━━━━━━━━━━━━[0m[38;5;237m╺[0m[38;5;237m━━━[0m [35m 89%[0m [36m0:00:02[0m[2KCaching / undistorting eval images [38;2;249;38;114m━━━━━━━━━━━━━━━━━━━━━━━━━━━━[0m[38;5;237m╺[0m[38;5;237m━━━[0m [35m 89%[0m [36m0:00:02[0m[2KCaching / undistorting eval images [38;2;249;38;114m━━━━━━━━━━━━━━━━━━━━━━━━━━━━[0m[38;5;237m╺[0m[38;5;237m━━━[0m [35m 89%[0m [36m0:00:02[0m[2KCaching / undistorting eval images [38;2;249;38;114m━━━━━━━━━━━━━━━━━━━━━━━━━━━━[0m[38;5;237m╺[0m[38;5;237m━━━[0m [35m 89%[0m [36m0:00:02[0m[2KCaching / undistorting eval images [38;2;249;38;114m━━━━━━━━━━━━━━━━━━━━━━━━━━━━[0m[38;5;237m╺[0m[38;5;237m━━━[0m [35m 89%[0m [36m0:00:02[0m[2KCaching / undistorting eval images [38;2;249;38;114m━━━━━━━━━━━━━━━━━━━━━━━━━━━━[0m[38;5;237m╺[0m[38;5;237m━━━[0m [35m 89%[0m [36m0:00:02[0m[2KCaching / undistorting eval images [38;2;249;38;114m━━━━━━━━━━━━━━━━━━━━━━━━━━━━━━[0m[38;5;237m╺[0m[38;5;237m━[0m [35m 94%[0m [36m0:00:01[0m[2KCaching / undistorting eval images [38;2;249;38;114m━━━━━━━━━━━━━━━━━━━━━━━━━━━━━━[0m[38;5;237m╺[0m[38;5;237m━[0m [35m 94%[0m [36m0:00:01[0m[2KCaching / undistorting eval images [38;2;249;38;114m━━━━━━━━━━━━━━━━━━━━━━━━━━━━━━[0m[38;5;237m╺[0m[38;5;237m━[0m [35m 94%[0m [36m0:00:01[0m[2KCaching / undistorting eval images [38;2;249;38;114m━━━━━━━━━━━━━━━━━━━━━━━━━━━━━━[0m[38;5;237m╺[0m[38;5;237m━[0m [35m 94%[0m [36m0:00:01[0m[2KCaching / undistorting eval images [38;2;249;38;114m━━━━━━━━━━━━━━━━━━━━━━━━━━━━━━[0m[38;5;237m╺[0m[38;5;237m━[0m [35m 94%[0m [36m0:00:01[0m[2KCaching / undistorting eval images [38;2;249;38;114m━━━━━━━━━━━━━━━━━━━━━━━━━━━━━━[0m[38;5;237m╺[0m[38;5;237m━[0m [35m 94%[0m [36m0:00:01[0m[2KCaching / undistorting eval images [38;2;114;156;31m━━━━━━━━━━━━━━━━━━━━━━━━━━━━━━━━[0m [35m100%[0m [33m0:00:10[0m[2KCaching / undistorting eval images [38;2;114;156;31m━━━━━━━━━━━━━━━━━━━━━━━━━━━━━━━━[0m [35m100%[0m [33m0:00:10[0m
[?25h[1A[2K[12A[1KStep (% Done)       Train Iter (time)    ETA (time)           Train Rays / Sec     Test Rays / Sec       [0m
-------------------------------------------------------------------------------------------------------- [0m
10 (0.01%)          10 s, 458.116 ms     9 d, 16 h, 22 m, 24 s 7.21 M                                    [0m
20 (0.03%)          87.487 ms            1 h, 56 m, 37 s      7.32 M                                     [0m
30 (0.04%)          85.811 ms            1 h, 54 m, 22 s      7.46 M                                     [0m
40 (0.05%)          85.866 ms            1 h, 54 m, 25 s      7.46 M                                     [0m
50 (0.06%)          86.413 ms            1 h, 55 m, 8 s       7.41 M                                     [0m
60 (0.07%)          86.552 ms            1 h, 55 m, 18 s      7.40 M                                     [0m
70 (0.09%)          86.875 ms            1 h, 55 m, 43 s      7.37 M                                     [0m
80 (0.10%)          86.235 ms            1 h, 54 m, 51 s      7.43 M                                     [0m
90 (0.11%)          85.887 ms            1 h, 54 m, 23 s      7.46 M                                     [0m
100 (0.12%)         85.301 ms            1 h, 53 m, 35 s      7.51 M               26.48 K               [0m
Image after composite:  torch.Size([128, 160, 141])
Image after composite:  torch.Size([128, 160, 141])
Image after composite:  torch.Size([128, 160, 141])
Image after composite:  torch.Size([128, 160, 141])
Image after composite:  torch.Size([128, 160, 141])
Image after composite:  torch.Size([128, 160, 141])
Image after composite:  torch.Size([128, 160, 141])
Image after composite:  torch.Size([128, 160, 141])
Image after composite:  torch.Size([128, 160, 141])
Image after composite:  torch.Size([128, 160, 141])
[12A[1KStep (% Done)       Train Iter (time)    ETA (time)           Train Rays / Sec     Test Rays / Sec       [0m
-------------------------------------------------------------------------------------------------------- [0m
20 (0.03%)          87.487 ms            1 h, 56 m, 37 s      7.32 M                                     [0m
30 (0.04%)          85.811 ms            1 h, 54 m, 22 s      7.46 M                                     [0m
40 (0.05%)          85.866 ms            1 h, 54 m, 25 s      7.46 M                                     [0m
50 (0.06%)          86.413 ms            1 h, 55 m, 8 s       7.41 M                                     [0m
60 (0.07%)          86.552 ms            1 h, 55 m, 18 s      7.40 M                                     [0m
70 (0.09%)          86.875 ms            1 h, 55 m, 43 s      7.37 M                                     [0m
80 (0.10%)          86.235 ms            1 h, 54 m, 51 s      7.43 M                                     [0m
90 (0.11%)          85.887 ms            1 h, 54 m, 23 s      7.46 M                                     [0m
100 (0.12%)         85.301 ms            1 h, 53 m, 35 s      7.51 M               26.48 K               [0m
110 (0.14%)         84.982 ms            1 h, 53 m, 9 s       7.54 M                                     [0m
Image after composite:  torch.Size([128, 160, 141])
Image after composite:  torch.Size([128, 160, 141])
Image after composite:  torch.Size([128, 160, 141])
Image after composite:  torch.Size([128, 160, 141])
Image after composite:  torch.Size([128, 160, 141])
Image after composite:  torch.Size([128, 160, 141])
Image after composite:  torch.Size([128, 160, 141])
Image after composite:  torch.Size([128, 160, 141])
Image after composite:  torch.Size([128, 160, 141])
Image after composite:  torch.Size([128, 160, 141])
[12A[1KStep (% Done)       Train Iter (time)    ETA (time)           Train Rays / Sec     Test Rays / Sec       [0m
-------------------------------------------------------------------------------------------------------- [0m
30 (0.04%)          85.811 ms            1 h, 54 m, 22 s      7.46 M                                     [0m
40 (0.05%)          85.866 ms            1 h, 54 m, 25 s      7.46 M                                     [0m
50 (0.06%)          86.413 ms            1 h, 55 m, 8 s       7.41 M                                     [0m
60 (0.07%)          86.552 ms            1 h, 55 m, 18 s      7.40 M                                     [0m
70 (0.09%)          86.875 ms            1 h, 55 m, 43 s      7.37 M                                     [0m
80 (0.10%)          86.235 ms            1 h, 54 m, 51 s      7.43 M                                     [0m
90 (0.11%)          85.887 ms            1 h, 54 m, 23 s      7.46 M                                     [0m
100 (0.12%)         85.301 ms            1 h, 53 m, 35 s      7.51 M               26.48 K               [0m
110 (0.14%)         84.982 ms            1 h, 53 m, 9 s       7.54 M                                     [0m
120 (0.15%)         85.438 ms            1 h, 53 m, 44 s      7.50 M                                     [0m
Image after composite:  torch.Size([128, 160, 141])
Image after composite:  torch.Size([128, 160, 141])
Image after composite:  torch.Size([128, 160, 141])
Image after composite:  torch.Size([128, 160, 141])
Image after composite:  torch.Size([128, 160, 141])
Image after composite:  torch.Size([128, 160, 141])
Image after composite:  torch.Size([128, 160, 141])
Image after composite:  torch.Size([128, 160, 141])
Image after composite:  torch.Size([128, 160, 141])
Image after composite:  torch.Size([128, 160, 141])
[12A[1KStep (% Done)       Train Iter (time)    ETA (time)           Train Rays / Sec     Test Rays / Sec       [0m
-------------------------------------------------------------------------------------------------------- [0m
40 (0.05%)          85.866 ms            1 h, 54 m, 25 s      7.46 M                                     [0m
50 (0.06%)          86.413 ms            1 h, 55 m, 8 s       7.41 M                                     [0m
60 (0.07%)          86.552 ms            1 h, 55 m, 18 s      7.40 M                                     [0m
70 (0.09%)          86.875 ms            1 h, 55 m, 43 s      7.37 M                                     [0m
80 (0.10%)          86.235 ms            1 h, 54 m, 51 s      7.43 M                                     [0m
90 (0.11%)          85.887 ms            1 h, 54 m, 23 s      7.46 M                                     [0m
100 (0.12%)         85.301 ms            1 h, 53 m, 35 s      7.51 M               26.48 K               [0m
110 (0.14%)         84.982 ms            1 h, 53 m, 9 s       7.54 M                                     [0m
120 (0.15%)         85.438 ms            1 h, 53 m, 44 s      7.50 M                                     [0m
130 (0.16%)         85.348 ms            1 h, 53 m, 36 s      7.50 M                                     [0m
Image after composite:  torch.Size([128, 160, 141])
Image after composite:  torch.Size([128, 160, 141])
Image after composite:  torch.Size([128, 160, 141])
Image after composite:  torch.Size([128, 160, 141])
Image after composite:  torch.Size([128, 160, 141])
Image after composite:  torch.Size([128, 160, 141])
Image after composite:  torch.Size([128, 160, 141])
Image after composite:  torch.Size([128, 160, 141])
Image after composite:  torch.Size([128, 160, 141])
Image after composite:  torch.Size([128, 160, 141])
[12A[1KStep (% Done)       Train Iter (time)    ETA (time)           Train Rays / Sec     Test Rays / Sec       [0m
-------------------------------------------------------------------------------------------------------- [0m
50 (0.06%)          86.413 ms            1 h, 55 m, 8 s       7.41 M                                     [0m
60 (0.07%)          86.552 ms            1 h, 55 m, 18 s      7.40 M                                     [0m
70 (0.09%)          86.875 ms            1 h, 55 m, 43 s      7.37 M                                     [0m
80 (0.10%)          86.235 ms            1 h, 54 m, 51 s      7.43 M                                     [0m
90 (0.11%)          85.887 ms            1 h, 54 m, 23 s      7.46 M                                     [0m
100 (0.12%)         85.301 ms            1 h, 53 m, 35 s      7.51 M               26.48 K               [0m
110 (0.14%)         84.982 ms            1 h, 53 m, 9 s       7.54 M                                     [0m
120 (0.15%)         85.438 ms            1 h, 53 m, 44 s      7.50 M                                     [0m
130 (0.16%)         85.348 ms            1 h, 53 m, 36 s      7.50 M                                     [0m
140 (0.18%)         86.084 ms            1 h, 54 m, 34 s      7.44 M                                     [0m
Image after composite:  torch.Size([128, 160, 141])
Image after composite:  torch.Size([128, 160, 141])
Image after composite:  torch.Size([128, 160, 141])
Image after composite:  torch.Size([128, 160, 141])
Image after composite:  torch.Size([128, 160, 141])
Image after composite:  torch.Size([128, 160, 141])
Image after composite:  torch.Size([128, 160, 141])
Image after composite:  torch.Size([128, 160, 141])
Image after composite:  torch.Size([128, 160, 141])
Image after composite:  torch.Size([128, 160, 141])
[12A[1KStep (% Done)       Train Iter (time)    ETA (time)           Train Rays / Sec     Test Rays / Sec       [0m
-------------------------------------------------------------------------------------------------------- [0m
60 (0.07%)          86.552 ms            1 h, 55 m, 18 s      7.40 M                                     [0m
70 (0.09%)          86.875 ms            1 h, 55 m, 43 s      7.37 M                                     [0m
80 (0.10%)          86.235 ms            1 h, 54 m, 51 s      7.43 M                                     [0m
90 (0.11%)          85.887 ms            1 h, 54 m, 23 s      7.46 M                                     [0m
100 (0.12%)         85.301 ms            1 h, 53 m, 35 s      7.51 M               26.48 K               [0m
110 (0.14%)         84.982 ms            1 h, 53 m, 9 s       7.54 M                                     [0m
120 (0.15%)         85.438 ms            1 h, 53 m, 44 s      7.50 M                                     [0m
130 (0.16%)         85.348 ms            1 h, 53 m, 36 s      7.50 M                                     [0m
140 (0.18%)         86.084 ms            1 h, 54 m, 34 s      7.44 M                                     [0m
150 (0.19%)         86.546 ms            1 h, 55 m, 10 s      7.40 M                                     [0m
Image after composite:  torch.Size([128, 160, 141])
Image after composite:  torch.Size([128, 160, 141])
Image after composite:  torch.Size([128, 160, 141])
Image after composite:  torch.Size([128, 160, 141])
Image after composite:  torch.Size([128, 160, 141])
Image after composite:  torch.Size([128, 160, 141])
Image after composite:  torch.Size([128, 160, 141])
Image after composite:  torch.Size([128, 160, 141])
Image after composite:  torch.Size([128, 160, 141])
Image after composite:  torch.Size([128, 160, 141])
[12A[1KStep (% Done)       Train Iter (time)    ETA (time)           Train Rays / Sec     Test Rays / Sec       [0m
-------------------------------------------------------------------------------------------------------- [0m
70 (0.09%)          86.875 ms            1 h, 55 m, 43 s      7.37 M                                     [0m
80 (0.10%)          86.235 ms            1 h, 54 m, 51 s      7.43 M                                     [0m
90 (0.11%)          85.887 ms            1 h, 54 m, 23 s      7.46 M                                     [0m
100 (0.12%)         85.301 ms            1 h, 53 m, 35 s      7.51 M               26.48 K               [0m
110 (0.14%)         84.982 ms            1 h, 53 m, 9 s       7.54 M                                     [0m
120 (0.15%)         85.438 ms            1 h, 53 m, 44 s      7.50 M                                     [0m
130 (0.16%)         85.348 ms            1 h, 53 m, 36 s      7.50 M                                     [0m
140 (0.18%)         86.084 ms            1 h, 54 m, 34 s      7.44 M                                     [0m
150 (0.19%)         86.546 ms            1 h, 55 m, 10 s      7.40 M                                     [0m
160 (0.20%)         86.362 ms            1 h, 54 m, 55 s      7.42 M                                     [0m
Image after composite:  torch.Size([128, 160, 141])
Image after composite:  torch.Size([128, 160, 141])
Image after composite:  torch.Size([128, 160, 141])
Image after composite:  torch.Size([128, 160, 141])
Image after composite:  torch.Size([128, 160, 141])
Image after composite:  torch.Size([128, 160, 141])
Image after composite:  torch.Size([128, 160, 141])
Image after composite:  torch.Size([128, 160, 141])
Image after composite:  torch.Size([128, 160, 141])
Image after composite:  torch.Size([128, 160, 141])
[12A[1KStep (% Done)       Train Iter (time)    ETA (time)           Train Rays / Sec     Test Rays / Sec       [0m
-------------------------------------------------------------------------------------------------------- [0m
80 (0.10%)          86.235 ms            1 h, 54 m, 51 s      7.43 M                                     [0m
90 (0.11%)          85.887 ms            1 h, 54 m, 23 s      7.46 M                                     [0m
100 (0.12%)         85.301 ms            1 h, 53 m, 35 s      7.51 M               26.48 K               [0m
110 (0.14%)         84.982 ms            1 h, 53 m, 9 s       7.54 M                                     [0m
120 (0.15%)         85.438 ms            1 h, 53 m, 44 s      7.50 M                                     [0m
130 (0.16%)         85.348 ms            1 h, 53 m, 36 s      7.50 M                                     [0m
140 (0.18%)         86.084 ms            1 h, 54 m, 34 s      7.44 M                                     [0m
150 (0.19%)         86.546 ms            1 h, 55 m, 10 s      7.40 M                                     [0m
160 (0.20%)         86.362 ms            1 h, 54 m, 55 s      7.42 M                                     [0m
170 (0.21%)         85.885 ms            1 h, 54 m, 16 s      7.46 M                                     [0m
Image after composite:  torch.Size([128, 160, 141])
Image after composite:  torch.Size([128, 160, 141])
Image after composite:  torch.Size([128, 160, 141])
Image after composite:  torch.Size([128, 160, 141])
Image after composite:  torch.Size([128, 160, 141])
Image after composite:  torch.Size([128, 160, 141])
Image after composite:  torch.Size([128, 160, 141])
Image after composite:  torch.Size([128, 160, 141])
Image after composite:  torch.Size([128, 160, 141])
Image after composite:  torch.Size([128, 160, 141])
[12A[1KStep (% Done)       Train Iter (time)    ETA (time)           Train Rays / Sec     Test Rays / Sec       [0m
-------------------------------------------------------------------------------------------------------- [0m
90 (0.11%)          85.887 ms            1 h, 54 m, 23 s      7.46 M                                     [0m
100 (0.12%)         85.301 ms            1 h, 53 m, 35 s      7.51 M               26.48 K               [0m
110 (0.14%)         84.982 ms            1 h, 53 m, 9 s       7.54 M                                     [0m
120 (0.15%)         85.438 ms            1 h, 53 m, 44 s      7.50 M                                     [0m
130 (0.16%)         85.348 ms            1 h, 53 m, 36 s      7.50 M                                     [0m
140 (0.18%)         86.084 ms            1 h, 54 m, 34 s      7.44 M                                     [0m
150 (0.19%)         86.546 ms            1 h, 55 m, 10 s      7.40 M                                     [0m
160 (0.20%)         86.362 ms            1 h, 54 m, 55 s      7.42 M                                     [0m
170 (0.21%)         85.885 ms            1 h, 54 m, 16 s      7.46 M                                     [0m
180 (0.22%)         85.697 ms            1 h, 54 m, 0 s       7.47 M                                     [0m
Image after composite:  torch.Size([128, 160, 141])
Image after composite:  torch.Size([128, 160, 141])
Image after composite:  torch.Size([128, 160, 141])
Image after composite:  torch.Size([128, 160, 141])
Image after composite:  torch.Size([128, 160, 141])
Image after composite:  torch.Size([128, 160, 141])
Image after composite:  torch.Size([128, 160, 141])
Image after composite:  torch.Size([128, 160, 141])
Image after composite:  torch.Size([128, 160, 141])
Image after composite:  torch.Size([128, 160, 141])
[12A[1KStep (% Done)       Train Iter (time)    ETA (time)           Train Rays / Sec     Test Rays / Sec       [0m
-------------------------------------------------------------------------------------------------------- [0m
100 (0.12%)         85.301 ms            1 h, 53 m, 35 s      7.51 M               26.48 K               [0m
110 (0.14%)         84.982 ms            1 h, 53 m, 9 s       7.54 M                                     [0m
120 (0.15%)         85.438 ms            1 h, 53 m, 44 s      7.50 M                                     [0m
130 (0.16%)         85.348 ms            1 h, 53 m, 36 s      7.50 M                                     [0m
140 (0.18%)         86.084 ms            1 h, 54 m, 34 s      7.44 M                                     [0m
150 (0.19%)         86.546 ms            1 h, 55 m, 10 s      7.40 M                                     [0m
160 (0.20%)         86.362 ms            1 h, 54 m, 55 s      7.42 M                                     [0m
170 (0.21%)         85.885 ms            1 h, 54 m, 16 s      7.46 M                                     [0m
180 (0.22%)         85.697 ms            1 h, 54 m, 0 s       7.47 M                                     [0m
190 (0.24%)         86.327 ms            1 h, 54 m, 49 s      7.42 M                                     [0m
Image after composite:  torch.Size([128, 160, 141])
Image after composite:  torch.Size([128, 160, 141])
Image after composite:  torch.Size([128, 160, 141])
Image after composite:  torch.Size([128, 160, 141])
Image after composite:  torch.Size([128, 160, 141])
Image after composite:  torch.Size([128, 160, 141])
Image after composite:  torch.Size([128, 160, 141])
Image after composite:  torch.Size([128, 160, 141])
Image after composite:  torch.Size([128, 160, 141])
Image after composite:  torch.Size([128, 160, 141])
[12A[1KStep (% Done)       Train Iter (time)    ETA (time)           Train Rays / Sec     Test Rays / Sec       [0m
-------------------------------------------------------------------------------------------------------- [0m
110 (0.14%)         84.982 ms            1 h, 53 m, 9 s       7.54 M                                     [0m
120 (0.15%)         85.438 ms            1 h, 53 m, 44 s      7.50 M                                     [0m
130 (0.16%)         85.348 ms            1 h, 53 m, 36 s      7.50 M                                     [0m
140 (0.18%)         86.084 ms            1 h, 54 m, 34 s      7.44 M                                     [0m
150 (0.19%)         86.546 ms            1 h, 55 m, 10 s      7.40 M                                     [0m
160 (0.20%)         86.362 ms            1 h, 54 m, 55 s      7.42 M                                     [0m
170 (0.21%)         85.885 ms            1 h, 54 m, 16 s      7.46 M                                     [0m
180 (0.22%)         85.697 ms            1 h, 54 m, 0 s       7.47 M                                     [0m
190 (0.24%)         86.327 ms            1 h, 54 m, 49 s      7.42 M                                     [0m
200 (0.25%)         85.693 ms            1 h, 53 m, 58 s      7.47 M               2.16 M                [0m
Image after composite:  torch.Size([128, 160, 141])
Image after composite:  torch.Size([128, 160, 141])
Image after composite:  torch.Size([128, 160, 141])
Image after composite:  torch.Size([128, 160, 141])
Image after composite:  torch.Size([128, 160, 141])
Image after composite:  torch.Size([128, 160, 141])
Image after composite:  torch.Size([128, 160, 141])
Image after composite:  torch.Size([128, 160, 141])
Image after composite:  torch.Size([128, 160, 141])
Image after composite:  torch.Size([128, 160, 141])
[12A[1KStep (% Done)       Train Iter (time)    ETA (time)           Train Rays / Sec     Test Rays / Sec       [0m
-------------------------------------------------------------------------------------------------------- [0m
120 (0.15%)         85.438 ms            1 h, 53 m, 44 s      7.50 M                                     [0m
130 (0.16%)         85.348 ms            1 h, 53 m, 36 s      7.50 M                                     [0m
140 (0.18%)         86.084 ms            1 h, 54 m, 34 s      7.44 M                                     [0m
150 (0.19%)         86.546 ms            1 h, 55 m, 10 s      7.40 M                                     [0m
160 (0.20%)         86.362 ms            1 h, 54 m, 55 s      7.42 M                                     [0m
170 (0.21%)         85.885 ms            1 h, 54 m, 16 s      7.46 M                                     [0m
180 (0.22%)         85.697 ms            1 h, 54 m, 0 s       7.47 M                                     [0m
190 (0.24%)         86.327 ms            1 h, 54 m, 49 s      7.42 M                                     [0m
200 (0.25%)         85.693 ms            1 h, 53 m, 58 s      7.47 M               2.16 M                [0m
210 (0.26%)         85.097 ms            1 h, 53 m, 9 s       7.52 M                                     [0m
Image after composite:  torch.Size([128, 160, 141])
Image after composite:  torch.Size([128, 160, 141])
Image after composite:  torch.Size([128, 160, 141])
Image after composite:  torch.Size([128, 160, 141])
Image after composite:  torch.Size([128, 160, 141])
Image after composite:  torch.Size([128, 160, 141])
Image after composite:  torch.Size([128, 160, 141])
Image after composite:  torch.Size([128, 160, 141])
Image after composite:  torch.Size([128, 160, 141])
Image after composite:  torch.Size([128, 160, 141])
[12A[1KStep (% Done)       Train Iter (time)    ETA (time)           Train Rays / Sec     Test Rays / Sec       [0m
-------------------------------------------------------------------------------------------------------- [0m
130 (0.16%)         85.348 ms            1 h, 53 m, 36 s      7.50 M                                     [0m
140 (0.18%)         86.084 ms            1 h, 54 m, 34 s      7.44 M                                     [0m
150 (0.19%)         86.546 ms            1 h, 55 m, 10 s      7.40 M                                     [0m
160 (0.20%)         86.362 ms            1 h, 54 m, 55 s      7.42 M                                     [0m
170 (0.21%)         85.885 ms            1 h, 54 m, 16 s      7.46 M                                     [0m
180 (0.22%)         85.697 ms            1 h, 54 m, 0 s       7.47 M                                     [0m
190 (0.24%)         86.327 ms            1 h, 54 m, 49 s      7.42 M                                     [0m
200 (0.25%)         85.693 ms            1 h, 53 m, 58 s      7.47 M               2.16 M                [0m
210 (0.26%)         85.097 ms            1 h, 53 m, 9 s       7.52 M                                     [0m
220 (0.27%)         84.996 ms            1 h, 53 m, 0 s       7.53 M                                     [0m
Image after composite:  torch.Size([128, 160, 141])
Image after composite:  torch.Size([128, 160, 141])
Image after composite:  torch.Size([128, 160, 141])
Image after composite:  torch.Size([128, 160, 141])
Image after composite:  torch.Size([128, 160, 141])
Image after composite:  torch.Size([128, 160, 141])
Image after composite:  torch.Size([128, 160, 141])
Image after composite:  torch.Size([128, 160, 141])
Image after composite:  torch.Size([128, 160, 141])
Image after composite:  torch.Size([128, 160, 141])
[12A[1KStep (% Done)       Train Iter (time)    ETA (time)           Train Rays / Sec     Test Rays / Sec       [0m
-------------------------------------------------------------------------------------------------------- [0m
140 (0.18%)         86.084 ms            1 h, 54 m, 34 s      7.44 M                                     [0m
150 (0.19%)         86.546 ms            1 h, 55 m, 10 s      7.40 M                                     [0m
160 (0.20%)         86.362 ms            1 h, 54 m, 55 s      7.42 M                                     [0m
170 (0.21%)         85.885 ms            1 h, 54 m, 16 s      7.46 M                                     [0m
180 (0.22%)         85.697 ms            1 h, 54 m, 0 s       7.47 M                                     [0m
190 (0.24%)         86.327 ms            1 h, 54 m, 49 s      7.42 M                                     [0m
200 (0.25%)         85.693 ms            1 h, 53 m, 58 s      7.47 M               2.16 M                [0m
210 (0.26%)         85.097 ms            1 h, 53 m, 9 s       7.52 M                                     [0m
220 (0.27%)         84.996 ms            1 h, 53 m, 0 s       7.53 M                                     [0m
230 (0.29%)         84.061 ms            1 h, 51 m, 45 s      7.62 M                                     [0m
Image after composite:  torch.Size([128, 160, 141])
Image after composite:  torch.Size([128, 160, 141])
Image after composite:  torch.Size([128, 160, 141])
Image after composite:  torch.Size([128, 160, 141])
Image after composite:  torch.Size([128, 160, 141])
Image after composite:  torch.Size([128, 160, 141])
Image after composite:  torch.Size([128, 160, 141])
Image after composite:  torch.Size([128, 160, 141])
Image after composite:  torch.Size([128, 160, 141])
Image after composite:  torch.Size([128, 160, 141])
[12A[1KStep (% Done)       Train Iter (time)    ETA (time)           Train Rays / Sec     Test Rays / Sec       [0m
-------------------------------------------------------------------------------------------------------- [0m
150 (0.19%)         86.546 ms            1 h, 55 m, 10 s      7.40 M                                     [0m
160 (0.20%)         86.362 ms            1 h, 54 m, 55 s      7.42 M                                     [0m
170 (0.21%)         85.885 ms            1 h, 54 m, 16 s      7.46 M                                     [0m
180 (0.22%)         85.697 ms            1 h, 54 m, 0 s       7.47 M                                     [0m
190 (0.24%)         86.327 ms            1 h, 54 m, 49 s      7.42 M                                     [0m
200 (0.25%)         85.693 ms            1 h, 53 m, 58 s      7.47 M               2.16 M                [0m
210 (0.26%)         85.097 ms            1 h, 53 m, 9 s       7.52 M                                     [0m
220 (0.27%)         84.996 ms            1 h, 53 m, 0 s       7.53 M                                     [0m
230 (0.29%)         84.061 ms            1 h, 51 m, 45 s      7.62 M                                     [0m
240 (0.30%)         82.676 ms            1 h, 49 m, 54 s      7.75 M                                     [0m
Image after composite:  torch.Size([128, 160, 141])
Image after composite:  torch.Size([128, 160, 141])
Image after composite:  torch.Size([128, 160, 141])
Image after composite:  torch.Size([128, 160, 141])
Image after composite:  torch.Size([128, 160, 141])
Image after composite:  torch.Size([128, 160, 141])
Image after composite:  torch.Size([128, 160, 141])
Image after composite:  torch.Size([128, 160, 141])
Image after composite:  torch.Size([128, 160, 141])
Image after composite:  torch.Size([128, 160, 141])
[12A[1KStep (% Done)       Train Iter (time)    ETA (time)           Train Rays / Sec     Test Rays / Sec       [0m
-------------------------------------------------------------------------------------------------------- [0m
160 (0.20%)         86.362 ms            1 h, 54 m, 55 s      7.42 M                                     [0m
170 (0.21%)         85.885 ms            1 h, 54 m, 16 s      7.46 M                                     [0m
180 (0.22%)         85.697 ms            1 h, 54 m, 0 s       7.47 M                                     [0m
190 (0.24%)         86.327 ms            1 h, 54 m, 49 s      7.42 M                                     [0m
200 (0.25%)         85.693 ms            1 h, 53 m, 58 s      7.47 M               2.16 M                [0m
210 (0.26%)         85.097 ms            1 h, 53 m, 9 s       7.52 M                                     [0m
220 (0.27%)         84.996 ms            1 h, 53 m, 0 s       7.53 M                                     [0m
230 (0.29%)         84.061 ms            1 h, 51 m, 45 s      7.62 M                                     [0m
240 (0.30%)         82.676 ms            1 h, 49 m, 54 s      7.75 M                                     [0m
250 (0.31%)         81.301 ms            1 h, 48 m, 3 s       7.88 M                                     [0m
Image after composite:  torch.Size([128, 160, 141])
Image after composite:  torch.Size([128, 160, 141])
Image after composite:  torch.Size([128, 160, 141])
Image after composite:  torch.Size([128, 160, 141])
Image after composite:  torch.Size([128, 160, 141])
Image after composite:  torch.Size([128, 160, 141])
Image after composite:  torch.Size([128, 160, 141])
Image after composite:  torch.Size([128, 160, 141])
Image after composite:  torch.Size([128, 160, 141])
Image after composite:  torch.Size([128, 160, 141])
[12A[1KStep (% Done)       Train Iter (time)    ETA (time)           Train Rays / Sec     Test Rays / Sec       [0m
-------------------------------------------------------------------------------------------------------- [0m
170 (0.21%)         85.885 ms            1 h, 54 m, 16 s      7.46 M                                     [0m
180 (0.22%)         85.697 ms            1 h, 54 m, 0 s       7.47 M                                     [0m
190 (0.24%)         86.327 ms            1 h, 54 m, 49 s      7.42 M                                     [0m
200 (0.25%)         85.693 ms            1 h, 53 m, 58 s      7.47 M               2.16 M                [0m
210 (0.26%)         85.097 ms            1 h, 53 m, 9 s       7.52 M                                     [0m
220 (0.27%)         84.996 ms            1 h, 53 m, 0 s       7.53 M                                     [0m
230 (0.29%)         84.061 ms            1 h, 51 m, 45 s      7.62 M                                     [0m
240 (0.30%)         82.676 ms            1 h, 49 m, 54 s      7.75 M                                     [0m
250 (0.31%)         81.301 ms            1 h, 48 m, 3 s       7.88 M                                     [0m
260 (0.33%)         82.116 ms            1 h, 49 m, 7 s       7.80 M                                     [0m
Image after composite:  torch.Size([128, 160, 141])
Image after composite:  torch.Size([128, 160, 141])
Image after composite:  torch.Size([128, 160, 141])
Image after composite:  torch.Size([128, 160, 141])
Image after composite:  torch.Size([128, 160, 141])
Image after composite:  torch.Size([128, 160, 141])
Image after composite:  torch.Size([128, 160, 141])
Image after composite:  torch.Size([128, 160, 141])
Image after composite:  torch.Size([128, 160, 141])
Image after composite:  torch.Size([128, 160, 141])
[12A[1KStep (% Done)       Train Iter (time)    ETA (time)           Train Rays / Sec     Test Rays / Sec       [0m
-------------------------------------------------------------------------------------------------------- [0m
180 (0.22%)         85.697 ms            1 h, 54 m, 0 s       7.47 M                                     [0m
190 (0.24%)         86.327 ms            1 h, 54 m, 49 s      7.42 M                                     [0m
200 (0.25%)         85.693 ms            1 h, 53 m, 58 s      7.47 M               2.16 M                [0m
210 (0.26%)         85.097 ms            1 h, 53 m, 9 s       7.52 M                                     [0m
220 (0.27%)         84.996 ms            1 h, 53 m, 0 s       7.53 M                                     [0m
230 (0.29%)         84.061 ms            1 h, 51 m, 45 s      7.62 M                                     [0m
240 (0.30%)         82.676 ms            1 h, 49 m, 54 s      7.75 M                                     [0m
250 (0.31%)         81.301 ms            1 h, 48 m, 3 s       7.88 M                                     [0m
260 (0.33%)         82.116 ms            1 h, 49 m, 7 s       7.80 M                                     [0m
270 (0.34%)         83.292 ms            1 h, 50 m, 40 s      7.69 M                                     [0m
Image after composite:  torch.Size([128, 160, 141])
Image after composite:  torch.Size([128, 160, 141])
Image after composite:  torch.Size([128, 160, 141])
Image after composite:  torch.Size([128, 160, 141])
Image after composite:  torch.Size([128, 160, 141])
Image after composite:  torch.Size([128, 160, 141])
Image after composite:  torch.Size([128, 160, 141])
Image after composite:  torch.Size([128, 160, 141])
Image after composite:  torch.Size([128, 160, 141])
Image after composite:  torch.Size([128, 160, 141])
[12A[1KStep (% Done)       Train Iter (time)    ETA (time)           Train Rays / Sec     Test Rays / Sec       [0m
-------------------------------------------------------------------------------------------------------- [0m
190 (0.24%)         86.327 ms            1 h, 54 m, 49 s      7.42 M                                     [0m
200 (0.25%)         85.693 ms            1 h, 53 m, 58 s      7.47 M               2.16 M                [0m
210 (0.26%)         85.097 ms            1 h, 53 m, 9 s       7.52 M                                     [0m
220 (0.27%)         84.996 ms            1 h, 53 m, 0 s       7.53 M                                     [0m
230 (0.29%)         84.061 ms            1 h, 51 m, 45 s      7.62 M                                     [0m
240 (0.30%)         82.676 ms            1 h, 49 m, 54 s      7.75 M                                     [0m
250 (0.31%)         81.301 ms            1 h, 48 m, 3 s       7.88 M                                     [0m
260 (0.33%)         82.116 ms            1 h, 49 m, 7 s       7.80 M                                     [0m
270 (0.34%)         83.292 ms            1 h, 50 m, 40 s      7.69 M                                     [0m
280 (0.35%)         83.220 ms            1 h, 50 m, 34 s      7.70 M                                     [0m
Image after composite:  torch.Size([128, 160, 141])
Image after composite:  torch.Size([128, 160, 141])
Image after composite:  torch.Size([128, 160, 141])
Image after composite:  torch.Size([128, 160, 141])
Image after composite:  torch.Size([128, 160, 141])
Image after composite:  torch.Size([128, 160, 141])
Image after composite:  torch.Size([128, 160, 141])
Image after composite:  torch.Size([128, 160, 141])
Image after composite:  torch.Size([128, 160, 141])
Image after composite:  torch.Size([128, 160, 141])
[12A[1KStep (% Done)       Train Iter (time)    ETA (time)           Train Rays / Sec     Test Rays / Sec       [0m
-------------------------------------------------------------------------------------------------------- [0m
200 (0.25%)         85.693 ms            1 h, 53 m, 58 s      7.47 M               2.16 M                [0m
210 (0.26%)         85.097 ms            1 h, 53 m, 9 s       7.52 M                                     [0m
220 (0.27%)         84.996 ms            1 h, 53 m, 0 s       7.53 M                                     [0m
230 (0.29%)         84.061 ms            1 h, 51 m, 45 s      7.62 M                                     [0m
240 (0.30%)         82.676 ms            1 h, 49 m, 54 s      7.75 M                                     [0m
250 (0.31%)         81.301 ms            1 h, 48 m, 3 s       7.88 M                                     [0m
260 (0.33%)         82.116 ms            1 h, 49 m, 7 s       7.80 M                                     [0m
270 (0.34%)         83.292 ms            1 h, 50 m, 40 s      7.69 M                                     [0m
280 (0.35%)         83.220 ms            1 h, 50 m, 34 s      7.70 M                                     [0m
290 (0.36%)         82.254 ms            1 h, 49 m, 16 s      7.79 M                                     [0m
Image after composite:  torch.Size([128, 160, 141])
Image after composite:  torch.Size([128, 160, 141])
Image after composite:  torch.Size([128, 160, 141])
Image after composite:  torch.Size([128, 160, 141])
Image after composite:  torch.Size([128, 160, 141])
Image after composite:  torch.Size([128, 160, 141])
Image after composite:  torch.Size([128, 160, 141])
Image after composite:  torch.Size([128, 160, 141])
Image after composite:  torch.Size([128, 160, 141])
Image after composite:  torch.Size([128, 160, 141])
[12A[1KStep (% Done)       Train Iter (time)    ETA (time)           Train Rays / Sec     Test Rays / Sec       [0m
-------------------------------------------------------------------------------------------------------- [0m
210 (0.26%)         85.097 ms            1 h, 53 m, 9 s       7.52 M                                     [0m
220 (0.27%)         84.996 ms            1 h, 53 m, 0 s       7.53 M                                     [0m
230 (0.29%)         84.061 ms            1 h, 51 m, 45 s      7.62 M                                     [0m
240 (0.30%)         82.676 ms            1 h, 49 m, 54 s      7.75 M                                     [0m
250 (0.31%)         81.301 ms            1 h, 48 m, 3 s       7.88 M                                     [0m
260 (0.33%)         82.116 ms            1 h, 49 m, 7 s       7.80 M                                     [0m
270 (0.34%)         83.292 ms            1 h, 50 m, 40 s      7.69 M                                     [0m
280 (0.35%)         83.220 ms            1 h, 50 m, 34 s      7.70 M                                     [0m
290 (0.36%)         82.254 ms            1 h, 49 m, 16 s      7.79 M                                     [0m
300 (0.38%)         80.127 ms            1 h, 46 m, 26 s      8.00 M               2.97 M                [0m
Image after composite:  torch.Size([128, 160, 141])
Image after composite:  torch.Size([128, 160, 141])
Image after composite:  torch.Size([128, 160, 141])
Image after composite:  torch.Size([128, 160, 141])
Image after composite:  torch.Size([128, 160, 141])
Image after composite:  torch.Size([128, 160, 141])
Image after composite:  torch.Size([128, 160, 141])
Image after composite:  torch.Size([128, 160, 141])
Image after composite:  torch.Size([128, 160, 141])
Image after composite:  torch.Size([128, 160, 141])
[12A[1KStep (% Done)       Train Iter (time)    ETA (time)           Train Rays / Sec     Test Rays / Sec       [0m
-------------------------------------------------------------------------------------------------------- [0m
220 (0.27%)         84.996 ms            1 h, 53 m, 0 s       7.53 M                                     [0m
230 (0.29%)         84.061 ms            1 h, 51 m, 45 s      7.62 M                                     [0m
240 (0.30%)         82.676 ms            1 h, 49 m, 54 s      7.75 M                                     [0m
250 (0.31%)         81.301 ms            1 h, 48 m, 3 s       7.88 M                                     [0m
260 (0.33%)         82.116 ms            1 h, 49 m, 7 s       7.80 M                                     [0m
270 (0.34%)         83.292 ms            1 h, 50 m, 40 s      7.69 M                                     [0m
280 (0.35%)         83.220 ms            1 h, 50 m, 34 s      7.70 M                                     [0m
290 (0.36%)         82.254 ms            1 h, 49 m, 16 s      7.79 M                                     [0m
300 (0.38%)         80.127 ms            1 h, 46 m, 26 s      8.00 M               2.97 M                [0m
310 (0.39%)         80.295 ms            1 h, 46 m, 38 s      7.98 M                                     [0m
Image after composite:  torch.Size([128, 160, 141])
Image after composite:  torch.Size([128, 160, 141])
Image after composite:  torch.Size([128, 160, 141])
Image after composite:  torch.Size([128, 160, 141])
Image after composite:  torch.Size([128, 160, 141])
Image after composite:  torch.Size([128, 160, 141])
Image after composite:  torch.Size([128, 160, 141])
Image after composite:  torch.Size([128, 160, 141])
Image after composite:  torch.Size([128, 160, 141])
Image after composite:  torch.Size([128, 160, 141])
[12A[1KStep (% Done)       Train Iter (time)    ETA (time)           Train Rays / Sec     Test Rays / Sec       [0m
-------------------------------------------------------------------------------------------------------- [0m
230 (0.29%)         84.061 ms            1 h, 51 m, 45 s      7.62 M                                     [0m
240 (0.30%)         82.676 ms            1 h, 49 m, 54 s      7.75 M                                     [0m
250 (0.31%)         81.301 ms            1 h, 48 m, 3 s       7.88 M                                     [0m
260 (0.33%)         82.116 ms            1 h, 49 m, 7 s       7.80 M                                     [0m
270 (0.34%)         83.292 ms            1 h, 50 m, 40 s      7.69 M                                     [0m
280 (0.35%)         83.220 ms            1 h, 50 m, 34 s      7.70 M                                     [0m
290 (0.36%)         82.254 ms            1 h, 49 m, 16 s      7.79 M                                     [0m
300 (0.38%)         80.127 ms            1 h, 46 m, 26 s      8.00 M               2.97 M                [0m
310 (0.39%)         80.295 ms            1 h, 46 m, 38 s      7.98 M                                     [0m
320 (0.40%)         80.861 ms            1 h, 47 m, 22 s      7.93 M                                     [0m
Image after composite:  torch.Size([128, 160, 141])
Image after composite:  torch.Size([128, 160, 141])
Image after composite:  torch.Size([128, 160, 141])
Image after composite:  torch.Size([128, 160, 141])
Image after composite:  torch.Size([128, 160, 141])
Image after composite:  torch.Size([128, 160, 141])
Image after composite:  torch.Size([128, 160, 141])
Image after composite:  torch.Size([128, 160, 141])
Image after composite:  torch.Size([128, 160, 141])
Image after composite:  torch.Size([128, 160, 141])
[12A[1KStep (% Done)       Train Iter (time)    ETA (time)           Train Rays / Sec     Test Rays / Sec       [0m
-------------------------------------------------------------------------------------------------------- [0m
240 (0.30%)         82.676 ms            1 h, 49 m, 54 s      7.75 M                                     [0m
250 (0.31%)         81.301 ms            1 h, 48 m, 3 s       7.88 M                                     [0m
260 (0.33%)         82.116 ms            1 h, 49 m, 7 s       7.80 M                                     [0m
270 (0.34%)         83.292 ms            1 h, 50 m, 40 s      7.69 M                                     [0m
280 (0.35%)         83.220 ms            1 h, 50 m, 34 s      7.70 M                                     [0m
290 (0.36%)         82.254 ms            1 h, 49 m, 16 s      7.79 M                                     [0m
300 (0.38%)         80.127 ms            1 h, 46 m, 26 s      8.00 M               2.97 M                [0m
310 (0.39%)         80.295 ms            1 h, 46 m, 38 s      7.98 M                                     [0m
320 (0.40%)         80.861 ms            1 h, 47 m, 22 s      7.93 M                                     [0m
330 (0.41%)         78.509 ms            1 h, 44 m, 14 s      8.17 M                                     [0m
Image after composite:  torch.Size([128, 160, 141])
Image after composite:  torch.Size([128, 160, 141])
Image after composite:  torch.Size([128, 160, 141])
Image after composite:  torch.Size([128, 160, 141])
Image after composite:  torch.Size([128, 160, 141])
Image after composite:  torch.Size([128, 160, 141])
Image after composite:  torch.Size([128, 160, 141])
Image after composite:  torch.Size([128, 160, 141])
Image after composite:  torch.Size([128, 160, 141])
Image after composite:  torch.Size([128, 160, 141])
[12A[1KStep (% Done)       Train Iter (time)    ETA (time)           Train Rays / Sec     Test Rays / Sec       [0m
-------------------------------------------------------------------------------------------------------- [0m
250 (0.31%)         81.301 ms            1 h, 48 m, 3 s       7.88 M                                     [0m
260 (0.33%)         82.116 ms            1 h, 49 m, 7 s       7.80 M                                     [0m
270 (0.34%)         83.292 ms            1 h, 50 m, 40 s      7.69 M                                     [0m
280 (0.35%)         83.220 ms            1 h, 50 m, 34 s      7.70 M                                     [0m
290 (0.36%)         82.254 ms            1 h, 49 m, 16 s      7.79 M                                     [0m
300 (0.38%)         80.127 ms            1 h, 46 m, 26 s      8.00 M               2.97 M                [0m
310 (0.39%)         80.295 ms            1 h, 46 m, 38 s      7.98 M                                     [0m
320 (0.40%)         80.861 ms            1 h, 47 m, 22 s      7.93 M                                     [0m
330 (0.41%)         78.509 ms            1 h, 44 m, 14 s      8.17 M                                     [0m
340 (0.43%)         78.623 ms            1 h, 44 m, 23 s      8.15 M                                     [0m
Image after composite:  torch.Size([128, 160, 141])
Image after composite:  torch.Size([128, 160, 141])
Image after composite:  torch.Size([128, 160, 141])
Image after composite:  torch.Size([128, 160, 141])
Image after composite:  torch.Size([128, 160, 141])
Image after composite:  torch.Size([128, 160, 141])
Image after composite:  torch.Size([128, 160, 141])
Image after composite:  torch.Size([128, 160, 141])
Image after composite:  torch.Size([128, 160, 141])
Image after composite:  torch.Size([128, 160, 141])
[12A[1KStep (% Done)       Train Iter (time)    ETA (time)           Train Rays / Sec     Test Rays / Sec       [0m
-------------------------------------------------------------------------------------------------------- [0m
260 (0.33%)         82.116 ms            1 h, 49 m, 7 s       7.80 M                                     [0m
270 (0.34%)         83.292 ms            1 h, 50 m, 40 s      7.69 M                                     [0m
280 (0.35%)         83.220 ms            1 h, 50 m, 34 s      7.70 M                                     [0m
290 (0.36%)         82.254 ms            1 h, 49 m, 16 s      7.79 M                                     [0m
300 (0.38%)         80.127 ms            1 h, 46 m, 26 s      8.00 M               2.97 M                [0m
310 (0.39%)         80.295 ms            1 h, 46 m, 38 s      7.98 M                                     [0m
320 (0.40%)         80.861 ms            1 h, 47 m, 22 s      7.93 M                                     [0m
330 (0.41%)         78.509 ms            1 h, 44 m, 14 s      8.17 M                                     [0m
340 (0.43%)         78.623 ms            1 h, 44 m, 23 s      8.15 M                                     [0m
350 (0.44%)         80.007 ms            1 h, 46 m, 12 s      8.01 M                                     [0m
Image after composite:  torch.Size([128, 160, 141])
Image after composite:  torch.Size([128, 160, 141])
Image after composite:  torch.Size([128, 160, 141])
Image after composite:  torch.Size([128, 160, 141])
Image after composite:  torch.Size([128, 160, 141])
Image after composite:  torch.Size([128, 160, 141])
Image after composite:  torch.Size([128, 160, 141])
Image after composite:  torch.Size([128, 160, 141])
Image after composite:  torch.Size([128, 160, 141])
Image after composite:  torch.Size([128, 160, 141])
[12A[1KStep (% Done)       Train Iter (time)    ETA (time)           Train Rays / Sec     Test Rays / Sec       [0m
-------------------------------------------------------------------------------------------------------- [0m
270 (0.34%)         83.292 ms            1 h, 50 m, 40 s      7.69 M                                     [0m
280 (0.35%)         83.220 ms            1 h, 50 m, 34 s      7.70 M                                     [0m
290 (0.36%)         82.254 ms            1 h, 49 m, 16 s      7.79 M                                     [0m
300 (0.38%)         80.127 ms            1 h, 46 m, 26 s      8.00 M               2.97 M                [0m
310 (0.39%)         80.295 ms            1 h, 46 m, 38 s      7.98 M                                     [0m
320 (0.40%)         80.861 ms            1 h, 47 m, 22 s      7.93 M                                     [0m
330 (0.41%)         78.509 ms            1 h, 44 m, 14 s      8.17 M                                     [0m
340 (0.43%)         78.623 ms            1 h, 44 m, 23 s      8.15 M                                     [0m
350 (0.44%)         80.007 ms            1 h, 46 m, 12 s      8.01 M                                     [0m
360 (0.45%)         79.336 ms            1 h, 45 m, 18 s      8.08 M                                     [0m
Image after composite:  torch.Size([128, 160, 141])
Image after composite:  torch.Size([128, 160, 141])
Image after composite:  torch.Size([128, 160, 141])
Image after composite:  torch.Size([128, 160, 141])
Image after composite:  torch.Size([128, 160, 141])
Image after composite:  torch.Size([128, 160, 141])
Image after composite:  torch.Size([128, 160, 141])
Image after composite:  torch.Size([128, 160, 141])
Image after composite:  torch.Size([128, 160, 141])
Image after composite:  torch.Size([128, 160, 141])
[12A[1KStep (% Done)       Train Iter (time)    ETA (time)           Train Rays / Sec     Test Rays / Sec       [0m
-------------------------------------------------------------------------------------------------------- [0m
280 (0.35%)         83.220 ms            1 h, 50 m, 34 s      7.70 M                                     [0m
290 (0.36%)         82.254 ms            1 h, 49 m, 16 s      7.79 M                                     [0m
300 (0.38%)         80.127 ms            1 h, 46 m, 26 s      8.00 M               2.97 M                [0m
310 (0.39%)         80.295 ms            1 h, 46 m, 38 s      7.98 M                                     [0m
320 (0.40%)         80.861 ms            1 h, 47 m, 22 s      7.93 M                                     [0m
330 (0.41%)         78.509 ms            1 h, 44 m, 14 s      8.17 M                                     [0m
340 (0.43%)         78.623 ms            1 h, 44 m, 23 s      8.15 M                                     [0m
350 (0.44%)         80.007 ms            1 h, 46 m, 12 s      8.01 M                                     [0m
360 (0.45%)         79.336 ms            1 h, 45 m, 18 s      8.08 M                                     [0m
370 (0.46%)         79.109 ms            1 h, 44 m, 59 s      8.10 M                                     [0m
Image after composite:  torch.Size([128, 160, 141])
Image after composite:  torch.Size([128, 160, 141])
Image after composite:  torch.Size([128, 160, 141])
Image after composite:  torch.Size([128, 160, 141])
Image after composite:  torch.Size([128, 160, 141])
Image after composite:  torch.Size([128, 160, 141])
Image after composite:  torch.Size([128, 160, 141])
Image after composite:  torch.Size([128, 160, 141])
Image after composite:  torch.Size([128, 160, 141])
Image after composite:  torch.Size([128, 160, 141])
[12A[1KStep (% Done)       Train Iter (time)    ETA (time)           Train Rays / Sec     Test Rays / Sec       [0m
-------------------------------------------------------------------------------------------------------- [0m
290 (0.36%)         82.254 ms            1 h, 49 m, 16 s      7.79 M                                     [0m
300 (0.38%)         80.127 ms            1 h, 46 m, 26 s      8.00 M               2.97 M                [0m
310 (0.39%)         80.295 ms            1 h, 46 m, 38 s      7.98 M                                     [0m
320 (0.40%)         80.861 ms            1 h, 47 m, 22 s      7.93 M                                     [0m
330 (0.41%)         78.509 ms            1 h, 44 m, 14 s      8.17 M                                     [0m
340 (0.43%)         78.623 ms            1 h, 44 m, 23 s      8.15 M                                     [0m
350 (0.44%)         80.007 ms            1 h, 46 m, 12 s      8.01 M                                     [0m
360 (0.45%)         79.336 ms            1 h, 45 m, 18 s      8.08 M                                     [0m
370 (0.46%)         79.109 ms            1 h, 44 m, 59 s      8.10 M                                     [0m
380 (0.47%)         78.845 ms            1 h, 44 m, 37 s      8.13 M                                     [0m
Image after composite:  torch.Size([128, 160, 141])
Image after composite:  torch.Size([128, 160, 141])
Image after composite:  torch.Size([128, 160, 141])
Image after composite:  torch.Size([128, 160, 141])
Image after composite:  torch.Size([128, 160, 141])
Image after composite:  torch.Size([128, 160, 141])
Image after composite:  torch.Size([128, 160, 141])
Image after composite:  torch.Size([128, 160, 141])
Image after composite:  torch.Size([128, 160, 141])
Image after composite:  torch.Size([128, 160, 141])
[12A[1KStep (% Done)       Train Iter (time)    ETA (time)           Train Rays / Sec     Test Rays / Sec       [0m
-------------------------------------------------------------------------------------------------------- [0m
300 (0.38%)         80.127 ms            1 h, 46 m, 26 s      8.00 M               2.97 M                [0m
310 (0.39%)         80.295 ms            1 h, 46 m, 38 s      7.98 M                                     [0m
320 (0.40%)         80.861 ms            1 h, 47 m, 22 s      7.93 M                                     [0m
330 (0.41%)         78.509 ms            1 h, 44 m, 14 s      8.17 M                                     [0m
340 (0.43%)         78.623 ms            1 h, 44 m, 23 s      8.15 M                                     [0m
350 (0.44%)         80.007 ms            1 h, 46 m, 12 s      8.01 M                                     [0m
360 (0.45%)         79.336 ms            1 h, 45 m, 18 s      8.08 M                                     [0m
370 (0.46%)         79.109 ms            1 h, 44 m, 59 s      8.10 M                                     [0m
380 (0.47%)         78.845 ms            1 h, 44 m, 37 s      8.13 M                                     [0m
390 (0.49%)         77.360 ms            1 h, 42 m, 38 s      8.29 M                                     [0m
Image after composite:  torch.Size([128, 160, 141])
Image after composite:  torch.Size([128, 160, 141])
Image after composite:  torch.Size([128, 160, 141])
Image after composite:  torch.Size([128, 160, 141])
Image after composite:  torch.Size([128, 160, 141])
Image after composite:  torch.Size([128, 160, 141])
Image after composite:  torch.Size([128, 160, 141])
Image after composite:  torch.Size([128, 160, 141])
Image after composite:  torch.Size([128, 160, 141])
Image after composite:  torch.Size([128, 160, 141])
[12A[1KStep (% Done)       Train Iter (time)    ETA (time)           Train Rays / Sec     Test Rays / Sec       [0m
-------------------------------------------------------------------------------------------------------- [0m
310 (0.39%)         80.295 ms            1 h, 46 m, 38 s      7.98 M                                     [0m
320 (0.40%)         80.861 ms            1 h, 47 m, 22 s      7.93 M                                     [0m
330 (0.41%)         78.509 ms            1 h, 44 m, 14 s      8.17 M                                     [0m
340 (0.43%)         78.623 ms            1 h, 44 m, 23 s      8.15 M                                     [0m
350 (0.44%)         80.007 ms            1 h, 46 m, 12 s      8.01 M                                     [0m
360 (0.45%)         79.336 ms            1 h, 45 m, 18 s      8.08 M                                     [0m
370 (0.46%)         79.109 ms            1 h, 44 m, 59 s      8.10 M                                     [0m
380 (0.47%)         78.845 ms            1 h, 44 m, 37 s      8.13 M                                     [0m
390 (0.49%)         77.360 ms            1 h, 42 m, 38 s      8.29 M                                     [0m
400 (0.50%)         73.967 ms            1 h, 38 m, 7 s       8.67 M               3.53 M                [0m
Image after composite:  torch.Size([128, 160, 141])
Image after composite:  torch.Size([128, 160, 141])
Image after composite:  torch.Size([128, 160, 141])
Image after composite:  torch.Size([128, 160, 141])
Image after composite:  torch.Size([128, 160, 141])
Image after composite:  torch.Size([128, 160, 141])
Image after composite:  torch.Size([128, 160, 141])
Image after composite:  torch.Size([128, 160, 141])
Image after composite:  torch.Size([128, 160, 141])
Image after composite:  torch.Size([128, 160, 141])
[12A[1KStep (% Done)       Train Iter (time)    ETA (time)           Train Rays / Sec     Test Rays / Sec       [0m
-------------------------------------------------------------------------------------------------------- [0m
320 (0.40%)         80.861 ms            1 h, 47 m, 22 s      7.93 M                                     [0m
330 (0.41%)         78.509 ms            1 h, 44 m, 14 s      8.17 M                                     [0m
340 (0.43%)         78.623 ms            1 h, 44 m, 23 s      8.15 M                                     [0m
350 (0.44%)         80.007 ms            1 h, 46 m, 12 s      8.01 M                                     [0m
360 (0.45%)         79.336 ms            1 h, 45 m, 18 s      8.08 M                                     [0m
370 (0.46%)         79.109 ms            1 h, 44 m, 59 s      8.10 M                                     [0m
380 (0.47%)         78.845 ms            1 h, 44 m, 37 s      8.13 M                                     [0m
390 (0.49%)         77.360 ms            1 h, 42 m, 38 s      8.29 M                                     [0m
400 (0.50%)         73.967 ms            1 h, 38 m, 7 s       8.67 M               3.53 M                [0m
410 (0.51%)         72.885 ms            1 h, 36 m, 40 s      8.80 M                                     [0m
Image after composite:  torch.Size([128, 160, 141])
Image after composite:  torch.Size([128, 160, 141])
Image after composite:  torch.Size([128, 160, 141])
Image after composite:  torch.Size([128, 160, 141])
Image after composite:  torch.Size([128, 160, 141])
Image after composite:  torch.Size([128, 160, 141])
Image after composite:  torch.Size([128, 160, 141])
Image after composite:  torch.Size([128, 160, 141])
Image after composite:  torch.Size([128, 160, 141])
Image after composite:  torch.Size([128, 160, 141])
[12A[1KStep (% Done)       Train Iter (time)    ETA (time)           Train Rays / Sec     Test Rays / Sec       [0m
-------------------------------------------------------------------------------------------------------- [0m
330 (0.41%)         78.509 ms            1 h, 44 m, 14 s      8.17 M                                     [0m
340 (0.43%)         78.623 ms            1 h, 44 m, 23 s      8.15 M                                     [0m
350 (0.44%)         80.007 ms            1 h, 46 m, 12 s      8.01 M                                     [0m
360 (0.45%)         79.336 ms            1 h, 45 m, 18 s      8.08 M                                     [0m
370 (0.46%)         79.109 ms            1 h, 44 m, 59 s      8.10 M                                     [0m
380 (0.47%)         78.845 ms            1 h, 44 m, 37 s      8.13 M                                     [0m
390 (0.49%)         77.360 ms            1 h, 42 m, 38 s      8.29 M                                     [0m
400 (0.50%)         73.967 ms            1 h, 38 m, 7 s       8.67 M               3.53 M                [0m
410 (0.51%)         72.885 ms            1 h, 36 m, 40 s      8.80 M                                     [0m
420 (0.53%)         73.625 ms            1 h, 37 m, 39 s      8.71 M                                     [0m
Image after composite:  torch.Size([128, 160, 141])
Image after composite:  torch.Size([128, 160, 141])
Image after composite:  torch.Size([128, 160, 141])
Image after composite:  torch.Size([128, 160, 141])
Image after composite:  torch.Size([128, 160, 141])
Image after composite:  torch.Size([128, 160, 141])
Image after composite:  torch.Size([128, 160, 141])
Image after composite:  torch.Size([128, 160, 141])
Image after composite:  torch.Size([128, 160, 141])
Image after composite:  torch.Size([128, 160, 141])
[12A[1KStep (% Done)       Train Iter (time)    ETA (time)           Train Rays / Sec     Test Rays / Sec       [0m
-------------------------------------------------------------------------------------------------------- [0m
340 (0.43%)         78.623 ms            1 h, 44 m, 23 s      8.15 M                                     [0m
350 (0.44%)         80.007 ms            1 h, 46 m, 12 s      8.01 M                                     [0m
360 (0.45%)         79.336 ms            1 h, 45 m, 18 s      8.08 M                                     [0m
370 (0.46%)         79.109 ms            1 h, 44 m, 59 s      8.10 M                                     [0m
380 (0.47%)         78.845 ms            1 h, 44 m, 37 s      8.13 M                                     [0m
390 (0.49%)         77.360 ms            1 h, 42 m, 38 s      8.29 M                                     [0m
400 (0.50%)         73.967 ms            1 h, 38 m, 7 s       8.67 M               3.53 M                [0m
410 (0.51%)         72.885 ms            1 h, 36 m, 40 s      8.80 M                                     [0m
420 (0.53%)         73.625 ms            1 h, 37 m, 39 s      8.71 M                                     [0m
430 (0.54%)         72.757 ms            1 h, 36 m, 29 s      8.80 M                                     [0m
Image after composite:  torch.Size([128, 160, 141])
Image after composite:  torch.Size([128, 160, 141])
Image after composite:  torch.Size([128, 160, 141])
Image after composite:  torch.Size([128, 160, 141])
Image after composite:  torch.Size([128, 160, 141])
Image after composite:  torch.Size([128, 160, 141])
Image after composite:  torch.Size([128, 160, 141])
Image after composite:  torch.Size([128, 160, 141])
Image after composite:  torch.Size([128, 160, 141])
Image after composite:  torch.Size([128, 160, 141])
[12A[1KStep (% Done)       Train Iter (time)    ETA (time)           Train Rays / Sec     Test Rays / Sec       [0m
-------------------------------------------------------------------------------------------------------- [0m
350 (0.44%)         80.007 ms            1 h, 46 m, 12 s      8.01 M                                     [0m
360 (0.45%)         79.336 ms            1 h, 45 m, 18 s      8.08 M                                     [0m
370 (0.46%)         79.109 ms            1 h, 44 m, 59 s      8.10 M                                     [0m
380 (0.47%)         78.845 ms            1 h, 44 m, 37 s      8.13 M                                     [0m
390 (0.49%)         77.360 ms            1 h, 42 m, 38 s      8.29 M                                     [0m
400 (0.50%)         73.967 ms            1 h, 38 m, 7 s       8.67 M               3.53 M                [0m
410 (0.51%)         72.885 ms            1 h, 36 m, 40 s      8.80 M                                     [0m
420 (0.53%)         73.625 ms            1 h, 37 m, 39 s      8.71 M                                     [0m
430 (0.54%)         72.757 ms            1 h, 36 m, 29 s      8.80 M                                     [0m
440 (0.55%)         73.585 ms            1 h, 37 m, 34 s      8.71 M                                     [0m
Image after composite:  torch.Size([128, 160, 141])
Image after composite:  torch.Size([128, 160, 141])
Image after composite:  torch.Size([128, 160, 141])
Image after composite:  torch.Size([128, 160, 141])
Image after composite:  torch.Size([128, 160, 141])
Image after composite:  torch.Size([128, 160, 141])
Image after composite:  torch.Size([128, 160, 141])
Image after composite:  torch.Size([128, 160, 141])
Image after composite:  torch.Size([128, 160, 141])
Image after composite:  torch.Size([128, 160, 141])
[12A[1KStep (% Done)       Train Iter (time)    ETA (time)           Train Rays / Sec     Test Rays / Sec       [0m
-------------------------------------------------------------------------------------------------------- [0m
360 (0.45%)         79.336 ms            1 h, 45 m, 18 s      8.08 M                                     [0m
370 (0.46%)         79.109 ms            1 h, 44 m, 59 s      8.10 M                                     [0m
380 (0.47%)         78.845 ms            1 h, 44 m, 37 s      8.13 M                                     [0m
390 (0.49%)         77.360 ms            1 h, 42 m, 38 s      8.29 M                                     [0m
400 (0.50%)         73.967 ms            1 h, 38 m, 7 s       8.67 M               3.53 M                [0m
410 (0.51%)         72.885 ms            1 h, 36 m, 40 s      8.80 M                                     [0m
420 (0.53%)         73.625 ms            1 h, 37 m, 39 s      8.71 M                                     [0m
430 (0.54%)         72.757 ms            1 h, 36 m, 29 s      8.80 M                                     [0m
440 (0.55%)         73.585 ms            1 h, 37 m, 34 s      8.71 M                                     [0m
450 (0.56%)         73.820 ms            1 h, 37 m, 52 s      8.68 M                                     [0m
Image after composite:  torch.Size([128, 160, 141])
Image after composite:  torch.Size([128, 160, 141])
Image after composite:  torch.Size([128, 160, 141])
Image after composite:  torch.Size([128, 160, 141])
Image after composite:  torch.Size([128, 160, 141])
Image after composite:  torch.Size([128, 160, 141])
Image after composite:  torch.Size([128, 160, 141])
Image after composite:  torch.Size([128, 160, 141])
Image after composite:  torch.Size([128, 160, 141])
Image after composite:  torch.Size([128, 160, 141])
[12A[1KStep (% Done)       Train Iter (time)    ETA (time)           Train Rays / Sec     Test Rays / Sec       [0m
-------------------------------------------------------------------------------------------------------- [0m
370 (0.46%)         79.109 ms            1 h, 44 m, 59 s      8.10 M                                     [0m
380 (0.47%)         78.845 ms            1 h, 44 m, 37 s      8.13 M                                     [0m
390 (0.49%)         77.360 ms            1 h, 42 m, 38 s      8.29 M                                     [0m
400 (0.50%)         73.967 ms            1 h, 38 m, 7 s       8.67 M               3.53 M                [0m
410 (0.51%)         72.885 ms            1 h, 36 m, 40 s      8.80 M                                     [0m
420 (0.53%)         73.625 ms            1 h, 37 m, 39 s      8.71 M                                     [0m
430 (0.54%)         72.757 ms            1 h, 36 m, 29 s      8.80 M                                     [0m
440 (0.55%)         73.585 ms            1 h, 37 m, 34 s      8.71 M                                     [0m
450 (0.56%)         73.820 ms            1 h, 37 m, 52 s      8.68 M                                     [0m
460 (0.57%)         73.106 ms            1 h, 36 m, 54 s      8.77 M                                     [0m
Image after composite:  torch.Size([128, 160, 141])
Image after composite:  torch.Size([128, 160, 141])
Image after composite:  torch.Size([128, 160, 141])
Image after composite:  torch.Size([128, 160, 141])
Image after composite:  torch.Size([128, 160, 141])
Image after composite:  torch.Size([128, 160, 141])
Image after composite:  torch.Size([128, 160, 141])
Image after composite:  torch.Size([128, 160, 141])
Image after composite:  torch.Size([128, 160, 141])
Image after composite:  torch.Size([128, 160, 141])
[12A[1KStep (% Done)       Train Iter (time)    ETA (time)           Train Rays / Sec     Test Rays / Sec       [0m
-------------------------------------------------------------------------------------------------------- [0m
380 (0.47%)         78.845 ms            1 h, 44 m, 37 s      8.13 M                                     [0m
390 (0.49%)         77.360 ms            1 h, 42 m, 38 s      8.29 M                                     [0m
400 (0.50%)         73.967 ms            1 h, 38 m, 7 s       8.67 M               3.53 M                [0m
410 (0.51%)         72.885 ms            1 h, 36 m, 40 s      8.80 M                                     [0m
420 (0.53%)         73.625 ms            1 h, 37 m, 39 s      8.71 M                                     [0m
430 (0.54%)         72.757 ms            1 h, 36 m, 29 s      8.80 M                                     [0m
440 (0.55%)         73.585 ms            1 h, 37 m, 34 s      8.71 M                                     [0m
450 (0.56%)         73.820 ms            1 h, 37 m, 52 s      8.68 M                                     [0m
460 (0.57%)         73.106 ms            1 h, 36 m, 54 s      8.77 M                                     [0m
470 (0.59%)         72.262 ms            1 h, 35 m, 46 s      8.88 M                                     [0m
Image after composite:  torch.Size([128, 160, 141])
Image after composite:  torch.Size([128, 160, 141])
Image after composite:  torch.Size([128, 160, 141])
Image after composite:  torch.Size([128, 160, 141])
Image after composite:  torch.Size([128, 160, 141])
Image after composite:  torch.Size([128, 160, 141])
Image after composite:  torch.Size([128, 160, 141])
Image after composite:  torch.Size([128, 160, 141])
Image after composite:  torch.Size([128, 160, 141])
Image after composite:  torch.Size([128, 160, 141])
[12A[1KStep (% Done)       Train Iter (time)    ETA (time)           Train Rays / Sec     Test Rays / Sec       [0m
-------------------------------------------------------------------------------------------------------- [0m
390 (0.49%)         77.360 ms            1 h, 42 m, 38 s      8.29 M                                     [0m
400 (0.50%)         73.967 ms            1 h, 38 m, 7 s       8.67 M               3.53 M                [0m
410 (0.51%)         72.885 ms            1 h, 36 m, 40 s      8.80 M                                     [0m
420 (0.53%)         73.625 ms            1 h, 37 m, 39 s      8.71 M                                     [0m
430 (0.54%)         72.757 ms            1 h, 36 m, 29 s      8.80 M                                     [0m
440 (0.55%)         73.585 ms            1 h, 37 m, 34 s      8.71 M                                     [0m
450 (0.56%)         73.820 ms            1 h, 37 m, 52 s      8.68 M                                     [0m
460 (0.57%)         73.106 ms            1 h, 36 m, 54 s      8.77 M                                     [0m
470 (0.59%)         72.262 ms            1 h, 35 m, 46 s      8.88 M                                     [0m
480 (0.60%)         70.119 ms            1 h, 32 m, 55 s      9.15 M                                     [0m
Image after composite:  torch.Size([128, 160, 141])
Image after composite:  torch.Size([128, 160, 141])
Image after composite:  torch.Size([128, 160, 141])
Image after composite:  torch.Size([128, 160, 141])
Image after composite:  torch.Size([128, 160, 141])
Image after composite:  torch.Size([128, 160, 141])
Image after composite:  torch.Size([128, 160, 141])
Image after composite:  torch.Size([128, 160, 141])
Image after composite:  torch.Size([128, 160, 141])
Image after composite:  torch.Size([128, 160, 141])
[12A[1KStep (% Done)       Train Iter (time)    ETA (time)           Train Rays / Sec     Test Rays / Sec       [0m
-------------------------------------------------------------------------------------------------------- [0m
400 (0.50%)         73.967 ms            1 h, 38 m, 7 s       8.67 M               3.53 M                [0m
410 (0.51%)         72.885 ms            1 h, 36 m, 40 s      8.80 M                                     [0m
420 (0.53%)         73.625 ms            1 h, 37 m, 39 s      8.71 M                                     [0m
430 (0.54%)         72.757 ms            1 h, 36 m, 29 s      8.80 M                                     [0m
440 (0.55%)         73.585 ms            1 h, 37 m, 34 s      8.71 M                                     [0m
450 (0.56%)         73.820 ms            1 h, 37 m, 52 s      8.68 M                                     [0m
460 (0.57%)         73.106 ms            1 h, 36 m, 54 s      8.77 M                                     [0m
470 (0.59%)         72.262 ms            1 h, 35 m, 46 s      8.88 M                                     [0m
480 (0.60%)         70.119 ms            1 h, 32 m, 55 s      9.15 M                                     [0m
490 (0.61%)         69.118 ms            1 h, 31 m, 35 s      9.27 M                                     [0m
Image after composite:  torch.Size([128, 160, 141])
Image after composite:  torch.Size([128, 160, 141])
Image after composite:  torch.Size([128, 160, 141])
Image after composite:  torch.Size([128, 160, 141])
Image after composite:  torch.Size([128, 160, 141])
Image after composite:  torch.Size([128, 160, 141])
Image after composite:  torch.Size([128, 160, 141])
Image after composite:  torch.Size([128, 160, 141])
Image after composite:  torch.Size([128, 160, 141])
Image after composite:  torch.Size([128, 160, 141])
[12A[1KStep (% Done)       Train Iter (time)    ETA (time)           Train Rays / Sec     Test Rays / Sec       [0m
-------------------------------------------------------------------------------------------------------- [0m
410 (0.51%)         72.885 ms            1 h, 36 m, 40 s      8.80 M                                     [0m
420 (0.53%)         73.625 ms            1 h, 37 m, 39 s      8.71 M                                     [0m
430 (0.54%)         72.757 ms            1 h, 36 m, 29 s      8.80 M                                     [0m
440 (0.55%)         73.585 ms            1 h, 37 m, 34 s      8.71 M                                     [0m
450 (0.56%)         73.820 ms            1 h, 37 m, 52 s      8.68 M                                     [0m
460 (0.57%)         73.106 ms            1 h, 36 m, 54 s      8.77 M                                     [0m
470 (0.59%)         72.262 ms            1 h, 35 m, 46 s      8.88 M                                     [0m
480 (0.60%)         70.119 ms            1 h, 32 m, 55 s      9.15 M                                     [0m
490 (0.61%)         69.118 ms            1 h, 31 m, 35 s      9.27 M                                     [0m
500 (0.62%)         68.993 ms            1 h, 31 m, 24 s      9.28 M               3.92 M                [0m
Image after composite:  torch.Size([128, 160, 141])
Image after composite:  torch.Size([128, 160, 141])
Image after composite:  torch.Size([128, 160, 141])
Image after composite:  torch.Size([128, 160, 141])
Image after composite:  torch.Size([128, 160, 141])
Image after composite:  torch.Size([128, 160, 141])
Image after composite:  torch.Size([128, 160, 141])
Image after composite:  torch.Size([128, 160, 141])
Image after composite:  torch.Size([128, 160, 141])
Image after composite:  torch.Size([128, 160, 141])
[12A[1KStep (% Done)       Train Iter (time)    ETA (time)           Train Rays / Sec     Test Rays / Sec       [0m
-------------------------------------------------------------------------------------------------------- [0m
420 (0.53%)         73.625 ms            1 h, 37 m, 39 s      8.71 M                                     [0m
430 (0.54%)         72.757 ms            1 h, 36 m, 29 s      8.80 M                                     [0m
440 (0.55%)         73.585 ms            1 h, 37 m, 34 s      8.71 M                                     [0m
450 (0.56%)         73.820 ms            1 h, 37 m, 52 s      8.68 M                                     [0m
460 (0.57%)         73.106 ms            1 h, 36 m, 54 s      8.77 M                                     [0m
470 (0.59%)         72.262 ms            1 h, 35 m, 46 s      8.88 M                                     [0m
480 (0.60%)         70.119 ms            1 h, 32 m, 55 s      9.15 M                                     [0m
490 (0.61%)         69.118 ms            1 h, 31 m, 35 s      9.27 M                                     [0m
500 (0.62%)         68.993 ms            1 h, 31 m, 24 s      9.28 M               3.92 M                [0m
510 (0.64%)         70.527 ms            1 h, 33 m, 26 s      9.10 M                                     [0m
Image after composite:  torch.Size([128, 160, 141])
Image after composite:  torch.Size([128, 160, 141])
Image after composite:  torch.Size([128, 160, 141])
Image after composite:  torch.Size([128, 160, 141])
Image after composite:  torch.Size([128, 160, 141])
Image after composite:  torch.Size([128, 160, 141])
Image after composite:  torch.Size([128, 160, 141])
Image after composite:  torch.Size([128, 160, 141])
Image after composite:  torch.Size([128, 160, 141])
Image after composite:  torch.Size([128, 160, 141])
[12A[1KStep (% Done)       Train Iter (time)    ETA (time)           Train Rays / Sec     Test Rays / Sec       [0m
-------------------------------------------------------------------------------------------------------- [0m
430 (0.54%)         72.757 ms            1 h, 36 m, 29 s      8.80 M                                     [0m
440 (0.55%)         73.585 ms            1 h, 37 m, 34 s      8.71 M                                     [0m
450 (0.56%)         73.820 ms            1 h, 37 m, 52 s      8.68 M                                     [0m
460 (0.57%)         73.106 ms            1 h, 36 m, 54 s      8.77 M                                     [0m
470 (0.59%)         72.262 ms            1 h, 35 m, 46 s      8.88 M                                     [0m
480 (0.60%)         70.119 ms            1 h, 32 m, 55 s      9.15 M                                     [0m
490 (0.61%)         69.118 ms            1 h, 31 m, 35 s      9.27 M                                     [0m
500 (0.62%)         68.993 ms            1 h, 31 m, 24 s      9.28 M               3.92 M                [0m
510 (0.64%)         70.527 ms            1 h, 33 m, 26 s      9.10 M                                     [0m
520 (0.65%)         71.882 ms            1 h, 35 m, 13 s      8.93 M                                     [0m
Image after composite:  torch.Size([128, 160, 141])
Image after composite:  torch.Size([128, 160, 141])
Image after composite:  torch.Size([128, 160, 141])
Image after composite:  torch.Size([128, 160, 141])
Image after composite:  torch.Size([128, 160, 141])
Image after composite:  torch.Size([128, 160, 141])
Image after composite:  torch.Size([128, 160, 141])
Image after composite:  torch.Size([128, 160, 141])
Image after composite:  torch.Size([128, 160, 141])
Image after composite:  torch.Size([128, 160, 141])
[12A[1KStep (% Done)       Train Iter (time)    ETA (time)           Train Rays / Sec     Test Rays / Sec       [0m
-------------------------------------------------------------------------------------------------------- [0m
440 (0.55%)         73.585 ms            1 h, 37 m, 34 s      8.71 M                                     [0m
450 (0.56%)         73.820 ms            1 h, 37 m, 52 s      8.68 M                                     [0m
460 (0.57%)         73.106 ms            1 h, 36 m, 54 s      8.77 M                                     [0m
470 (0.59%)         72.262 ms            1 h, 35 m, 46 s      8.88 M                                     [0m
480 (0.60%)         70.119 ms            1 h, 32 m, 55 s      9.15 M                                     [0m
490 (0.61%)         69.118 ms            1 h, 31 m, 35 s      9.27 M                                     [0m
500 (0.62%)         68.993 ms            1 h, 31 m, 24 s      9.28 M               3.92 M                [0m
510 (0.64%)         70.527 ms            1 h, 33 m, 26 s      9.10 M                                     [0m
520 (0.65%)         71.882 ms            1 h, 35 m, 13 s      8.93 M                                     [0m
530 (0.66%)         69.682 ms            1 h, 32 m, 17 s      9.22 M                                     [0m
Image after composite:  torch.Size([128, 160, 141])
Image after composite:  torch.Size([128, 160, 141])
Image after composite:  torch.Size([128, 160, 141])
Image after composite:  torch.Size([128, 160, 141])
Image after composite:  torch.Size([128, 160, 141])
Image after composite:  torch.Size([128, 160, 141])
Image after composite:  torch.Size([128, 160, 141])
Image after composite:  torch.Size([128, 160, 141])
Image after composite:  torch.Size([128, 160, 141])
Image after composite:  torch.Size([128, 160, 141])
[12A[1KStep (% Done)       Train Iter (time)    ETA (time)           Train Rays / Sec     Test Rays / Sec       [0m
-------------------------------------------------------------------------------------------------------- [0m
450 (0.56%)         73.820 ms            1 h, 37 m, 52 s      8.68 M                                     [0m
460 (0.57%)         73.106 ms            1 h, 36 m, 54 s      8.77 M                                     [0m
470 (0.59%)         72.262 ms            1 h, 35 m, 46 s      8.88 M                                     [0m
480 (0.60%)         70.119 ms            1 h, 32 m, 55 s      9.15 M                                     [0m
490 (0.61%)         69.118 ms            1 h, 31 m, 35 s      9.27 M                                     [0m
500 (0.62%)         68.993 ms            1 h, 31 m, 24 s      9.28 M               3.92 M                [0m
510 (0.64%)         70.527 ms            1 h, 33 m, 26 s      9.10 M                                     [0m
520 (0.65%)         71.882 ms            1 h, 35 m, 13 s      8.93 M                                     [0m
530 (0.66%)         69.682 ms            1 h, 32 m, 17 s      9.22 M                                     [0m
540 (0.68%)         68.635 ms            1 h, 30 m, 53 s      9.34 M                                     [0m
Image after composite:  torch.Size([128, 160, 141])
Image after composite:  torch.Size([128, 160, 141])
Image after composite:  torch.Size([128, 160, 141])
Image after composite:  torch.Size([128, 160, 141])
Image after composite:  torch.Size([128, 160, 141])
Image after composite:  torch.Size([128, 160, 141])
Image after composite:  torch.Size([128, 160, 141])
Image after composite:  torch.Size([128, 160, 141])
Image after composite:  torch.Size([128, 160, 141])
Image after composite:  torch.Size([128, 160, 141])
[12A[1KStep (% Done)       Train Iter (time)    ETA (time)           Train Rays / Sec     Test Rays / Sec       [0m
-------------------------------------------------------------------------------------------------------- [0m
460 (0.57%)         73.106 ms            1 h, 36 m, 54 s      8.77 M                                     [0m
470 (0.59%)         72.262 ms            1 h, 35 m, 46 s      8.88 M                                     [0m
480 (0.60%)         70.119 ms            1 h, 32 m, 55 s      9.15 M                                     [0m
490 (0.61%)         69.118 ms            1 h, 31 m, 35 s      9.27 M                                     [0m
500 (0.62%)         68.993 ms            1 h, 31 m, 24 s      9.28 M               3.92 M                [0m
510 (0.64%)         70.527 ms            1 h, 33 m, 26 s      9.10 M                                     [0m
520 (0.65%)         71.882 ms            1 h, 35 m, 13 s      8.93 M                                     [0m
530 (0.66%)         69.682 ms            1 h, 32 m, 17 s      9.22 M                                     [0m
540 (0.68%)         68.635 ms            1 h, 30 m, 53 s      9.34 M                                     [0m
550 (0.69%)         68.338 ms            1 h, 30 m, 29 s      9.39 M                                     [0m
Image after composite:  torch.Size([128, 160, 141])
Image after composite:  torch.Size([128, 160, 141])
Image after composite:  torch.Size([128, 160, 141])
Image after composite:  torch.Size([128, 160, 141])
Image after composite:  torch.Size([128, 160, 141])
Image after composite:  torch.Size([128, 160, 141])
Image after composite:  torch.Size([128, 160, 141])
Image after composite:  torch.Size([128, 160, 141])
Image after composite:  torch.Size([128, 160, 141])
Image after composite:  torch.Size([128, 160, 141])
[12A[1KStep (% Done)       Train Iter (time)    ETA (time)           Train Rays / Sec     Test Rays / Sec       [0m
-------------------------------------------------------------------------------------------------------- [0m
470 (0.59%)         72.262 ms            1 h, 35 m, 46 s      8.88 M                                     [0m
480 (0.60%)         70.119 ms            1 h, 32 m, 55 s      9.15 M                                     [0m
490 (0.61%)         69.118 ms            1 h, 31 m, 35 s      9.27 M                                     [0m
500 (0.62%)         68.993 ms            1 h, 31 m, 24 s      9.28 M               3.92 M                [0m
510 (0.64%)         70.527 ms            1 h, 33 m, 26 s      9.10 M                                     [0m
520 (0.65%)         71.882 ms            1 h, 35 m, 13 s      8.93 M                                     [0m
530 (0.66%)         69.682 ms            1 h, 32 m, 17 s      9.22 M                                     [0m
540 (0.68%)         68.635 ms            1 h, 30 m, 53 s      9.34 M                                     [0m
550 (0.69%)         68.338 ms            1 h, 30 m, 29 s      9.39 M                                     [0m
560 (0.70%)         65.951 ms            1 h, 27 m, 19 s      9.74 M                                     [0m
Image after composite:  torch.Size([128, 160, 141])
Image after composite:  torch.Size([128, 160, 141])
Image after composite:  torch.Size([128, 160, 141])
Image after composite:  torch.Size([128, 160, 141])
Image after composite:  torch.Size([128, 160, 141])
Image after composite:  torch.Size([128, 160, 141])
Image after composite:  torch.Size([128, 160, 141])
Image after composite:  torch.Size([128, 160, 141])
Image after composite:  torch.Size([128, 160, 141])
Image after composite:  torch.Size([128, 160, 141])
[12A[1KStep (% Done)       Train Iter (time)    ETA (time)           Train Rays / Sec     Test Rays / Sec       [0m
-------------------------------------------------------------------------------------------------------- [0m
480 (0.60%)         70.119 ms            1 h, 32 m, 55 s      9.15 M                                     [0m
490 (0.61%)         69.118 ms            1 h, 31 m, 35 s      9.27 M                                     [0m
500 (0.62%)         68.993 ms            1 h, 31 m, 24 s      9.28 M               3.92 M                [0m
510 (0.64%)         70.527 ms            1 h, 33 m, 26 s      9.10 M                                     [0m
520 (0.65%)         71.882 ms            1 h, 35 m, 13 s      8.93 M                                     [0m
530 (0.66%)         69.682 ms            1 h, 32 m, 17 s      9.22 M                                     [0m
540 (0.68%)         68.635 ms            1 h, 30 m, 53 s      9.34 M                                     [0m
550 (0.69%)         68.338 ms            1 h, 30 m, 29 s      9.39 M                                     [0m
560 (0.70%)         65.951 ms            1 h, 27 m, 19 s      9.74 M                                     [0m
570 (0.71%)         65.819 ms            1 h, 27 m, 8 s       9.74 M                                     [0m
Image after composite:  torch.Size([128, 160, 141])
Image after composite:  torch.Size([128, 160, 141])
Image after composite:  torch.Size([128, 160, 141])
Image after composite:  torch.Size([128, 160, 141])
Image after composite:  torch.Size([128, 160, 141])
Image after composite:  torch.Size([128, 160, 141])
Image after composite:  torch.Size([128, 160, 141])
Image after composite:  torch.Size([128, 160, 141])
Image after composite:  torch.Size([128, 160, 141])
Image after composite:  torch.Size([128, 160, 141])
[12A[1KStep (% Done)       Train Iter (time)    ETA (time)           Train Rays / Sec     Test Rays / Sec       [0m
-------------------------------------------------------------------------------------------------------- [0m
490 (0.61%)         69.118 ms            1 h, 31 m, 35 s      9.27 M                                     [0m
500 (0.62%)         68.993 ms            1 h, 31 m, 24 s      9.28 M               3.92 M                [0m
510 (0.64%)         70.527 ms            1 h, 33 m, 26 s      9.10 M                                     [0m
520 (0.65%)         71.882 ms            1 h, 35 m, 13 s      8.93 M                                     [0m
530 (0.66%)         69.682 ms            1 h, 32 m, 17 s      9.22 M                                     [0m
540 (0.68%)         68.635 ms            1 h, 30 m, 53 s      9.34 M                                     [0m
550 (0.69%)         68.338 ms            1 h, 30 m, 29 s      9.39 M                                     [0m
560 (0.70%)         65.951 ms            1 h, 27 m, 19 s      9.74 M                                     [0m
570 (0.71%)         65.819 ms            1 h, 27 m, 8 s       9.74 M                                     [0m
580 (0.73%)         67.230 ms            1 h, 28 m, 59 s      9.54 M                                     [0m
Image after composite:  torch.Size([128, 160, 141])
Image after composite:  torch.Size([128, 160, 141])
Image after composite:  torch.Size([128, 160, 141])
Image after composite:  torch.Size([128, 160, 141])
Image after composite:  torch.Size([128, 160, 141])
Image after composite:  torch.Size([128, 160, 141])
Image after composite:  torch.Size([128, 160, 141])
Image after composite:  torch.Size([128, 160, 141])
Image after composite:  torch.Size([128, 160, 141])
Image after composite:  torch.Size([128, 160, 141])
[12A[1KStep (% Done)       Train Iter (time)    ETA (time)           Train Rays / Sec     Test Rays / Sec       [0m
-------------------------------------------------------------------------------------------------------- [0m
500 (0.62%)         68.993 ms            1 h, 31 m, 24 s      9.28 M               3.92 M                [0m
510 (0.64%)         70.527 ms            1 h, 33 m, 26 s      9.10 M                                     [0m
520 (0.65%)         71.882 ms            1 h, 35 m, 13 s      8.93 M                                     [0m
530 (0.66%)         69.682 ms            1 h, 32 m, 17 s      9.22 M                                     [0m
540 (0.68%)         68.635 ms            1 h, 30 m, 53 s      9.34 M                                     [0m
550 (0.69%)         68.338 ms            1 h, 30 m, 29 s      9.39 M                                     [0m
560 (0.70%)         65.951 ms            1 h, 27 m, 19 s      9.74 M                                     [0m
570 (0.71%)         65.819 ms            1 h, 27 m, 8 s       9.74 M                                     [0m
580 (0.73%)         67.230 ms            1 h, 28 m, 59 s      9.54 M                                     [0m
590 (0.74%)         67.490 ms            1 h, 29 m, 19 s      9.51 M                                     [0m
Image after composite:  torch.Size([128, 160, 141])
Image after composite:  torch.Size([128, 160, 141])
Image after composite:  torch.Size([128, 160, 141])
Image after composite:  torch.Size([128, 160, 141])
Image after composite:  torch.Size([128, 160, 141])
Image after composite:  torch.Size([128, 160, 141])
Image after composite:  torch.Size([128, 160, 141])
Image after composite:  torch.Size([128, 160, 141])
Image after composite:  torch.Size([128, 160, 141])
Image after composite:  torch.Size([128, 160, 141])
[2;36m[16:12:04][0m[2;36m [0mSplitting [1;36m6e-05[0m gaussians: [1;36m3[0m/[1;36m50000[0m                                            ]8;id=500149;file:///coc/flash5/skumar704/hyperspectral_3d/nerfstudio/nerfstudio/models/hyperspectral_splatfacto.py\[2mhyperspectral_splatfacto.py[0m]8;;\[2m:[0m]8;id=6182;file:///coc/flash5/skumar704/hyperspectral_3d/nerfstudio/nerfstudio/models/hyperspectral_splatfacto.py#602\[2m602[0m]8;;\
[2;36m          [0m[2;36m [0mDuplicating [1;36m0.0[0m gaussians: [1;36m0[0m/[1;36m50000[0m                                            ]8;id=894905;file:///coc/flash5/skumar704/hyperspectral_3d/nerfstudio/nerfstudio/models/hyperspectral_splatfacto.py\[2mhyperspectral_splatfacto.py[0m]8;;\[2m:[0m]8;id=934953;file:///coc/flash5/skumar704/hyperspectral_3d/nerfstudio/nerfstudio/models/hyperspectral_splatfacto.py#640\[2m640[0m]8;;\
[2;36m          [0m[2;36m [0mCulled [1;36m9263[0m gaussians [1m([0m[1;36m9260[0m below alpha thresh, [1;36m0[0m too bigs, [1;36m40743[0m remaining[1m)[0m  ]8;id=770319;file:///coc/flash5/skumar704/hyperspectral_3d/nerfstudio/nerfstudio/models/hyperspectral_splatfacto.py\[2mhyperspectral_splatfacto.py[0m]8;;\[2m:[0m]8;id=572661;file:///coc/flash5/skumar704/hyperspectral_3d/nerfstudio/nerfstudio/models/hyperspectral_splatfacto.py#590\[2m590[0m]8;;\
[12A[1KStep (% Done)       Train Iter (time)    ETA (time)           Train Rays / Sec     Test Rays / Sec       [0m
-------------------------------------------------------------------------------------------------------- [0m
510 (0.64%)         70.527 ms            1 h, 33 m, 26 s      9.10 M                                     [0m
520 (0.65%)         71.882 ms            1 h, 35 m, 13 s      8.93 M                                     [0m
530 (0.66%)         69.682 ms            1 h, 32 m, 17 s      9.22 M                                     [0m
540 (0.68%)         68.635 ms            1 h, 30 m, 53 s      9.34 M                                     [0m
550 (0.69%)         68.338 ms            1 h, 30 m, 29 s      9.39 M                                     [0m
560 (0.70%)         65.951 ms            1 h, 27 m, 19 s      9.74 M                                     [0m
570 (0.71%)         65.819 ms            1 h, 27 m, 8 s       9.74 M                                     [0m
580 (0.73%)         67.230 ms            1 h, 28 m, 59 s      9.54 M                                     [0m
590 (0.74%)         67.490 ms            1 h, 29 m, 19 s      9.51 M                                     [0m
600 (0.75%)         69.622 ms            1 h, 32 m, 7 s       9.42 M               4.23 M                [0m
Image after composite:  torch.Size([128, 160, 141])
Image after composite:  torch.Size([128, 160, 141])
Image after composite:  torch.Size([128, 160, 141])
Image after composite:  torch.Size([128, 160, 141])
Image after composite:  torch.Size([128, 160, 141])
Image after composite:  torch.Size([128, 160, 141])
Image after composite:  torch.Size([128, 160, 141])
Image after composite:  torch.Size([128, 160, 141])
Image after composite:  torch.Size([128, 160, 141])
Image after composite:  torch.Size([128, 160, 141])
[12A[1KStep (% Done)       Train Iter (time)    ETA (time)           Train Rays / Sec     Test Rays / Sec       [0m
-------------------------------------------------------------------------------------------------------- [0m
520 (0.65%)         71.882 ms            1 h, 35 m, 13 s      8.93 M                                     [0m
530 (0.66%)         69.682 ms            1 h, 32 m, 17 s      9.22 M                                     [0m
540 (0.68%)         68.635 ms            1 h, 30 m, 53 s      9.34 M                                     [0m
550 (0.69%)         68.338 ms            1 h, 30 m, 29 s      9.39 M                                     [0m
560 (0.70%)         65.951 ms            1 h, 27 m, 19 s      9.74 M                                     [0m
570 (0.71%)         65.819 ms            1 h, 27 m, 8 s       9.74 M                                     [0m
580 (0.73%)         67.230 ms            1 h, 28 m, 59 s      9.54 M                                     [0m
590 (0.74%)         67.490 ms            1 h, 29 m, 19 s      9.51 M                                     [0m
600 (0.75%)         69.622 ms            1 h, 32 m, 7 s       9.42 M               4.23 M                [0m
610 (0.76%)         67.171 ms            1 h, 28 m, 52 s      9.78 M                                     [0m
Image after composite:  torch.Size([128, 160, 141])
Image after composite:  torch.Size([128, 160, 141])
Image after composite:  torch.Size([128, 160, 141])
Image after composite:  torch.Size([128, 160, 141])
Image after composite:  torch.Size([128, 160, 141])
Image after composite:  torch.Size([128, 160, 141])
Image after composite:  torch.Size([128, 160, 141])
Image after composite:  torch.Size([128, 160, 141])
Image after composite:  torch.Size([128, 160, 141])
Image after composite:  torch.Size([128, 160, 141])
[12A[1KStep (% Done)       Train Iter (time)    ETA (time)           Train Rays / Sec     Test Rays / Sec       [0m
-------------------------------------------------------------------------------------------------------- [0m
530 (0.66%)         69.682 ms            1 h, 32 m, 17 s      9.22 M                                     [0m
540 (0.68%)         68.635 ms            1 h, 30 m, 53 s      9.34 M                                     [0m
550 (0.69%)         68.338 ms            1 h, 30 m, 29 s      9.39 M                                     [0m
560 (0.70%)         65.951 ms            1 h, 27 m, 19 s      9.74 M                                     [0m
570 (0.71%)         65.819 ms            1 h, 27 m, 8 s       9.74 M                                     [0m
580 (0.73%)         67.230 ms            1 h, 28 m, 59 s      9.54 M                                     [0m
590 (0.74%)         67.490 ms            1 h, 29 m, 19 s      9.51 M                                     [0m
600 (0.75%)         69.622 ms            1 h, 32 m, 7 s       9.42 M               4.23 M                [0m
610 (0.76%)         67.171 ms            1 h, 28 m, 52 s      9.78 M                                     [0m
620 (0.78%)         63.008 ms            1 h, 23 m, 21 s      10.18 M                                    [0m
Image after composite:  torch.Size([128, 160, 141])
Image after composite:  torch.Size([128, 160, 141])
Image after composite:  torch.Size([128, 160, 141])
Image after composite:  torch.Size([128, 160, 141])
Image after composite:  torch.Size([128, 160, 141])
Image after composite:  torch.Size([128, 160, 141])
Image after composite:  torch.Size([128, 160, 141])
Image after composite:  torch.Size([128, 160, 141])
Image after composite:  torch.Size([128, 160, 141])
Image after composite:  torch.Size([128, 160, 141])
[12A[1KStep (% Done)       Train Iter (time)    ETA (time)           Train Rays / Sec     Test Rays / Sec       [0m
-------------------------------------------------------------------------------------------------------- [0m
540 (0.68%)         68.635 ms            1 h, 30 m, 53 s      9.34 M                                     [0m
550 (0.69%)         68.338 ms            1 h, 30 m, 29 s      9.39 M                                     [0m
560 (0.70%)         65.951 ms            1 h, 27 m, 19 s      9.74 M                                     [0m
570 (0.71%)         65.819 ms            1 h, 27 m, 8 s       9.74 M                                     [0m
580 (0.73%)         67.230 ms            1 h, 28 m, 59 s      9.54 M                                     [0m
590 (0.74%)         67.490 ms            1 h, 29 m, 19 s      9.51 M                                     [0m
600 (0.75%)         69.622 ms            1 h, 32 m, 7 s       9.42 M               4.23 M                [0m
610 (0.76%)         67.171 ms            1 h, 28 m, 52 s      9.78 M                                     [0m
620 (0.78%)         63.008 ms            1 h, 23 m, 21 s      10.18 M                                    [0m
630 (0.79%)         63.953 ms            1 h, 24 m, 35 s      10.03 M                                    [0m
Image after composite:  torch.Size([128, 160, 141])
Image after composite:  torch.Size([128, 160, 141])
Image after composite:  torch.Size([128, 160, 141])
Image after composite:  torch.Size([128, 160, 141])
Image after composite:  torch.Size([128, 160, 141])
Image after composite:  torch.Size([128, 160, 141])
Image after composite:  torch.Size([128, 160, 141])
Image after composite:  torch.Size([128, 160, 141])
Image after composite:  torch.Size([128, 160, 141])
Image after composite:  torch.Size([128, 160, 141])
[12A[1KStep (% Done)       Train Iter (time)    ETA (time)           Train Rays / Sec     Test Rays / Sec       [0m
-------------------------------------------------------------------------------------------------------- [0m
550 (0.69%)         68.338 ms            1 h, 30 m, 29 s      9.39 M                                     [0m
560 (0.70%)         65.951 ms            1 h, 27 m, 19 s      9.74 M                                     [0m
570 (0.71%)         65.819 ms            1 h, 27 m, 8 s       9.74 M                                     [0m
580 (0.73%)         67.230 ms            1 h, 28 m, 59 s      9.54 M                                     [0m
590 (0.74%)         67.490 ms            1 h, 29 m, 19 s      9.51 M                                     [0m
600 (0.75%)         69.622 ms            1 h, 32 m, 7 s       9.42 M               4.23 M                [0m
610 (0.76%)         67.171 ms            1 h, 28 m, 52 s      9.78 M                                     [0m
620 (0.78%)         63.008 ms            1 h, 23 m, 21 s      10.18 M                                    [0m
630 (0.79%)         63.953 ms            1 h, 24 m, 35 s      10.03 M                                    [0m
640 (0.80%)         64.146 ms            1 h, 24 m, 50 s      9.99 M                                     [0m
Image after composite:  torch.Size([128, 160, 141])
Image after composite:  torch.Size([128, 160, 141])
Image after composite:  torch.Size([128, 160, 141])
Image after composite:  torch.Size([128, 160, 141])
Image after composite:  torch.Size([128, 160, 141])
Image after composite:  torch.Size([128, 160, 141])
Image after composite:  torch.Size([128, 160, 141])
Image after composite:  torch.Size([128, 160, 141])
Image after composite:  torch.Size([128, 160, 141])
Image after composite:  torch.Size([128, 160, 141])
[12A[1KStep (% Done)       Train Iter (time)    ETA (time)           Train Rays / Sec     Test Rays / Sec       [0m
-------------------------------------------------------------------------------------------------------- [0m
560 (0.70%)         65.951 ms            1 h, 27 m, 19 s      9.74 M                                     [0m
570 (0.71%)         65.819 ms            1 h, 27 m, 8 s       9.74 M                                     [0m
580 (0.73%)         67.230 ms            1 h, 28 m, 59 s      9.54 M                                     [0m
590 (0.74%)         67.490 ms            1 h, 29 m, 19 s      9.51 M                                     [0m
600 (0.75%)         69.622 ms            1 h, 32 m, 7 s       9.42 M               4.23 M                [0m
610 (0.76%)         67.171 ms            1 h, 28 m, 52 s      9.78 M                                     [0m
620 (0.78%)         63.008 ms            1 h, 23 m, 21 s      10.18 M                                    [0m
630 (0.79%)         63.953 ms            1 h, 24 m, 35 s      10.03 M                                    [0m
640 (0.80%)         64.146 ms            1 h, 24 m, 50 s      9.99 M                                     [0m
650 (0.81%)         64.904 ms            1 h, 25 m, 50 s      9.89 M                                     [0m
Image after composite:  torch.Size([128, 160, 141])
Image after composite:  torch.Size([128, 160, 141])
Image after composite:  torch.Size([128, 160, 141])
Image after composite:  torch.Size([128, 160, 141])
Image after composite:  torch.Size([128, 160, 141])
Image after composite:  torch.Size([128, 160, 141])
Image after composite:  torch.Size([128, 160, 141])
Image after composite:  torch.Size([128, 160, 141])
Image after composite:  torch.Size([128, 160, 141])
Image after composite:  torch.Size([128, 160, 141])
[12A[1KStep (% Done)       Train Iter (time)    ETA (time)           Train Rays / Sec     Test Rays / Sec       [0m
-------------------------------------------------------------------------------------------------------- [0m
570 (0.71%)         65.819 ms            1 h, 27 m, 8 s       9.74 M                                     [0m
580 (0.73%)         67.230 ms            1 h, 28 m, 59 s      9.54 M                                     [0m
590 (0.74%)         67.490 ms            1 h, 29 m, 19 s      9.51 M                                     [0m
600 (0.75%)         69.622 ms            1 h, 32 m, 7 s       9.42 M               4.23 M                [0m
610 (0.76%)         67.171 ms            1 h, 28 m, 52 s      9.78 M                                     [0m
620 (0.78%)         63.008 ms            1 h, 23 m, 21 s      10.18 M                                    [0m
630 (0.79%)         63.953 ms            1 h, 24 m, 35 s      10.03 M                                    [0m
640 (0.80%)         64.146 ms            1 h, 24 m, 50 s      9.99 M                                     [0m
650 (0.81%)         64.904 ms            1 h, 25 m, 50 s      9.89 M                                     [0m
660 (0.83%)         64.946 ms            1 h, 25 m, 52 s      9.89 M                                     [0m
Image after composite:  torch.Size([128, 160, 141])
Image after composite:  torch.Size([128, 160, 141])
Image after composite:  torch.Size([128, 160, 141])
Image after composite:  torch.Size([128, 160, 141])
Image after composite:  torch.Size([128, 160, 141])
Image after composite:  torch.Size([128, 160, 141])
Image after composite:  torch.Size([128, 160, 141])
Image after composite:  torch.Size([128, 160, 141])
Image after composite:  torch.Size([128, 160, 141])
Image after composite:  torch.Size([128, 160, 141])
[12A[1KStep (% Done)       Train Iter (time)    ETA (time)           Train Rays / Sec     Test Rays / Sec       [0m
-------------------------------------------------------------------------------------------------------- [0m
580 (0.73%)         67.230 ms            1 h, 28 m, 59 s      9.54 M                                     [0m
590 (0.74%)         67.490 ms            1 h, 29 m, 19 s      9.51 M                                     [0m
600 (0.75%)         69.622 ms            1 h, 32 m, 7 s       9.42 M               4.23 M                [0m
610 (0.76%)         67.171 ms            1 h, 28 m, 52 s      9.78 M                                     [0m
620 (0.78%)         63.008 ms            1 h, 23 m, 21 s      10.18 M                                    [0m
630 (0.79%)         63.953 ms            1 h, 24 m, 35 s      10.03 M                                    [0m
640 (0.80%)         64.146 ms            1 h, 24 m, 50 s      9.99 M                                     [0m
650 (0.81%)         64.904 ms            1 h, 25 m, 50 s      9.89 M                                     [0m
660 (0.83%)         64.946 ms            1 h, 25 m, 52 s      9.89 M                                     [0m
670 (0.84%)         63.519 ms            1 h, 23 m, 59 s      10.09 M                                    [0m
Image after composite:  torch.Size([128, 160, 141])
Image after composite:  torch.Size([128, 160, 141])
Image after composite:  torch.Size([128, 160, 141])
Image after composite:  torch.Size([128, 160, 141])
Image after composite:  torch.Size([128, 160, 141])
Image after composite:  torch.Size([128, 160, 141])
Image after composite:  torch.Size([128, 160, 141])
Image after composite:  torch.Size([128, 160, 141])
Image after composite:  torch.Size([128, 160, 141])
Image after composite:  torch.Size([128, 160, 141])
[12A[1KStep (% Done)       Train Iter (time)    ETA (time)           Train Rays / Sec     Test Rays / Sec       [0m
-------------------------------------------------------------------------------------------------------- [0m
590 (0.74%)         67.490 ms            1 h, 29 m, 19 s      9.51 M                                     [0m
600 (0.75%)         69.622 ms            1 h, 32 m, 7 s       9.42 M               4.23 M                [0m
610 (0.76%)         67.171 ms            1 h, 28 m, 52 s      9.78 M                                     [0m
620 (0.78%)         63.008 ms            1 h, 23 m, 21 s      10.18 M                                    [0m
630 (0.79%)         63.953 ms            1 h, 24 m, 35 s      10.03 M                                    [0m
640 (0.80%)         64.146 ms            1 h, 24 m, 50 s      9.99 M                                     [0m
650 (0.81%)         64.904 ms            1 h, 25 m, 50 s      9.89 M                                     [0m
660 (0.83%)         64.946 ms            1 h, 25 m, 52 s      9.89 M                                     [0m
670 (0.84%)         63.519 ms            1 h, 23 m, 59 s      10.09 M                                    [0m
680 (0.85%)         62.361 ms            1 h, 22 m, 26 s      10.28 M                                    [0m
Image after composite:  torch.Size([128, 160, 141])
Image after composite:  torch.Size([128, 160, 141])
Image after composite:  torch.Size([128, 160, 141])
Image after composite:  torch.Size([128, 160, 141])
Image after composite:  torch.Size([128, 160, 141])
Image after composite:  torch.Size([128, 160, 141])
Image after composite:  torch.Size([128, 160, 141])
Image after composite:  torch.Size([128, 160, 141])
Image after composite:  torch.Size([128, 160, 141])
Image after composite:  torch.Size([128, 160, 141])
[12A[1KStep (% Done)       Train Iter (time)    ETA (time)           Train Rays / Sec     Test Rays / Sec       [0m
-------------------------------------------------------------------------------------------------------- [0m
600 (0.75%)         69.622 ms            1 h, 32 m, 7 s       9.42 M               4.23 M                [0m
610 (0.76%)         67.171 ms            1 h, 28 m, 52 s      9.78 M                                     [0m
620 (0.78%)         63.008 ms            1 h, 23 m, 21 s      10.18 M                                    [0m
630 (0.79%)         63.953 ms            1 h, 24 m, 35 s      10.03 M                                    [0m
640 (0.80%)         64.146 ms            1 h, 24 m, 50 s      9.99 M                                     [0m
650 (0.81%)         64.904 ms            1 h, 25 m, 50 s      9.89 M                                     [0m
660 (0.83%)         64.946 ms            1 h, 25 m, 52 s      9.89 M                                     [0m
670 (0.84%)         63.519 ms            1 h, 23 m, 59 s      10.09 M                                    [0m
680 (0.85%)         62.361 ms            1 h, 22 m, 26 s      10.28 M                                    [0m
690 (0.86%)         60.210 ms            1 h, 19 m, 35 s      10.65 M                                    [0m
Image after composite:  torch.Size([128, 160, 141])
Image after composite:  torch.Size([128, 160, 141])
Image after composite:  torch.Size([128, 160, 141])
Image after composite:  torch.Size([128, 160, 141])
Image after composite:  torch.Size([128, 160, 141])
Image after composite:  torch.Size([128, 160, 141])
Image after composite:  torch.Size([128, 160, 141])
Image after composite:  torch.Size([128, 160, 141])
Image after composite:  torch.Size([128, 160, 141])
Image after composite:  torch.Size([128, 160, 141])
[2;36m[16:12:11][0m[2;36m [0mSplitting [1;36m0.00031907321503080286[0m gaussians: [1;36m13[0m/[1;36m40743[0m                          ]8;id=964289;file:///coc/flash5/skumar704/hyperspectral_3d/nerfstudio/nerfstudio/models/hyperspectral_splatfacto.py\[2mhyperspectral_splatfacto.py[0m]8;;\[2m:[0m]8;id=564315;file:///coc/flash5/skumar704/hyperspectral_3d/nerfstudio/nerfstudio/models/hyperspectral_splatfacto.py#602\[2m602[0m]8;;\
[2;36m          [0m[2;36m [0mDuplicating [1;36m0.0[0m gaussians: [1;36m0[0m/[1;36m40743[0m                                            ]8;id=865845;file:///coc/flash5/skumar704/hyperspectral_3d/nerfstudio/nerfstudio/models/hyperspectral_splatfacto.py\[2mhyperspectral_splatfacto.py[0m]8;;\[2m:[0m]8;id=766536;file:///coc/flash5/skumar704/hyperspectral_3d/nerfstudio/nerfstudio/models/hyperspectral_splatfacto.py#640\[2m640[0m]8;;\
[2;36m          [0m[2;36m [0mCulled [1;36m640[0m gaussians [1m([0m[1;36m627[0m below alpha thresh, [1;36m0[0m too bigs, [1;36m40129[0m remaining[1m)[0m    ]8;id=257420;file:///coc/flash5/skumar704/hyperspectral_3d/nerfstudio/nerfstudio/models/hyperspectral_splatfacto.py\[2mhyperspectral_splatfacto.py[0m]8;;\[2m:[0m]8;id=871084;file:///coc/flash5/skumar704/hyperspectral_3d/nerfstudio/nerfstudio/models/hyperspectral_splatfacto.py#590\[2m590[0m]8;;\
[12A[1KStep (% Done)       Train Iter (time)    ETA (time)           Train Rays / Sec     Test Rays / Sec       [0m
-------------------------------------------------------------------------------------------------------- [0m
610 (0.76%)         67.171 ms            1 h, 28 m, 52 s      9.78 M                                     [0m
620 (0.78%)         63.008 ms            1 h, 23 m, 21 s      10.18 M                                    [0m
630 (0.79%)         63.953 ms            1 h, 24 m, 35 s      10.03 M                                    [0m
640 (0.80%)         64.146 ms            1 h, 24 m, 50 s      9.99 M                                     [0m
650 (0.81%)         64.904 ms            1 h, 25 m, 50 s      9.89 M                                     [0m
660 (0.83%)         64.946 ms            1 h, 25 m, 52 s      9.89 M                                     [0m
670 (0.84%)         63.519 ms            1 h, 23 m, 59 s      10.09 M                                    [0m
680 (0.85%)         62.361 ms            1 h, 22 m, 26 s      10.28 M                                    [0m
690 (0.86%)         60.210 ms            1 h, 19 m, 35 s      10.65 M                                    [0m
700 (0.88%)         60.492 ms            1 h, 19 m, 57 s      10.67 M              4.20 M                [0m
Image after composite:  torch.Size([128, 160, 141])
Image after composite:  torch.Size([128, 160, 141])
Image after composite:  torch.Size([128, 160, 141])
Image after composite:  torch.Size([128, 160, 141])
Image after composite:  torch.Size([128, 160, 141])
Image after composite:  torch.Size([128, 160, 141])
Image after composite:  torch.Size([128, 160, 141])
Image after composite:  torch.Size([128, 160, 141])
Image after composite:  torch.Size([128, 160, 141])
Image after composite:  torch.Size([128, 160, 141])
[12A[1KStep (% Done)       Train Iter (time)    ETA (time)           Train Rays / Sec     Test Rays / Sec       [0m
-------------------------------------------------------------------------------------------------------- [0m
620 (0.78%)         63.008 ms            1 h, 23 m, 21 s      10.18 M                                    [0m
630 (0.79%)         63.953 ms            1 h, 24 m, 35 s      10.03 M                                    [0m
640 (0.80%)         64.146 ms            1 h, 24 m, 50 s      9.99 M                                     [0m
650 (0.81%)         64.904 ms            1 h, 25 m, 50 s      9.89 M                                     [0m
660 (0.83%)         64.946 ms            1 h, 25 m, 52 s      9.89 M                                     [0m
670 (0.84%)         63.519 ms            1 h, 23 m, 59 s      10.09 M                                    [0m
680 (0.85%)         62.361 ms            1 h, 22 m, 26 s      10.28 M                                    [0m
690 (0.86%)         60.210 ms            1 h, 19 m, 35 s      10.65 M                                    [0m
700 (0.88%)         60.492 ms            1 h, 19 m, 57 s      10.67 M              4.20 M                [0m
710 (0.89%)         62.467 ms            1 h, 22 m, 33 s      10.33 M                                    [0m
Image after composite:  torch.Size([128, 160, 141])
Image after composite:  torch.Size([128, 160, 141])
Image after composite:  torch.Size([128, 160, 141])
Image after composite:  torch.Size([128, 160, 141])
Image after composite:  torch.Size([128, 160, 141])
Image after composite:  torch.Size([128, 160, 141])
Image after composite:  torch.Size([128, 160, 141])
Image after composite:  torch.Size([128, 160, 141])
Image after composite:  torch.Size([128, 160, 141])
Image after composite:  torch.Size([128, 160, 141])
[12A[1KStep (% Done)       Train Iter (time)    ETA (time)           Train Rays / Sec     Test Rays / Sec       [0m
-------------------------------------------------------------------------------------------------------- [0m
630 (0.79%)         63.953 ms            1 h, 24 m, 35 s      10.03 M                                    [0m
640 (0.80%)         64.146 ms            1 h, 24 m, 50 s      9.99 M                                     [0m
650 (0.81%)         64.904 ms            1 h, 25 m, 50 s      9.89 M                                     [0m
660 (0.83%)         64.946 ms            1 h, 25 m, 52 s      9.89 M                                     [0m
670 (0.84%)         63.519 ms            1 h, 23 m, 59 s      10.09 M                                    [0m
680 (0.85%)         62.361 ms            1 h, 22 m, 26 s      10.28 M                                    [0m
690 (0.86%)         60.210 ms            1 h, 19 m, 35 s      10.65 M                                    [0m
700 (0.88%)         60.492 ms            1 h, 19 m, 57 s      10.67 M              4.20 M                [0m
710 (0.89%)         62.467 ms            1 h, 22 m, 33 s      10.33 M                                    [0m
720 (0.90%)         62.879 ms            1 h, 23 m, 5 s       10.19 M                                    [0m
Image after composite:  torch.Size([128, 160, 141])
Image after composite:  torch.Size([128, 160, 141])
Image after composite:  torch.Size([128, 160, 141])
Image after composite:  torch.Size([128, 160, 141])
Image after composite:  torch.Size([128, 160, 141])
Image after composite:  torch.Size([128, 160, 141])
Image after composite:  torch.Size([128, 160, 141])
Image after composite:  torch.Size([128, 160, 141])
Image after composite:  torch.Size([128, 160, 141])
Image after composite:  torch.Size([128, 160, 141])
[12A[1KStep (% Done)       Train Iter (time)    ETA (time)           Train Rays / Sec     Test Rays / Sec       [0m
-------------------------------------------------------------------------------------------------------- [0m
640 (0.80%)         64.146 ms            1 h, 24 m, 50 s      9.99 M                                     [0m
650 (0.81%)         64.904 ms            1 h, 25 m, 50 s      9.89 M                                     [0m
660 (0.83%)         64.946 ms            1 h, 25 m, 52 s      9.89 M                                     [0m
670 (0.84%)         63.519 ms            1 h, 23 m, 59 s      10.09 M                                    [0m
680 (0.85%)         62.361 ms            1 h, 22 m, 26 s      10.28 M                                    [0m
690 (0.86%)         60.210 ms            1 h, 19 m, 35 s      10.65 M                                    [0m
700 (0.88%)         60.492 ms            1 h, 19 m, 57 s      10.67 M              4.20 M                [0m
710 (0.89%)         62.467 ms            1 h, 22 m, 33 s      10.33 M                                    [0m
720 (0.90%)         62.879 ms            1 h, 23 m, 5 s       10.19 M                                    [0m
730 (0.91%)         63.514 ms            1 h, 23 m, 54 s      10.09 M                                    [0m
Image after composite:  torch.Size([128, 160, 141])
Image after composite:  torch.Size([128, 160, 141])
Image after composite:  torch.Size([128, 160, 141])
Image after composite:  torch.Size([128, 160, 141])
Image after composite:  torch.Size([128, 160, 141])
Image after composite:  torch.Size([128, 160, 141])
Image after composite:  torch.Size([128, 160, 141])
Image after composite:  torch.Size([128, 160, 141])
Image after composite:  torch.Size([128, 160, 141])
Image after composite:  torch.Size([128, 160, 141])
[12A[1KStep (% Done)       Train Iter (time)    ETA (time)           Train Rays / Sec     Test Rays / Sec       [0m
-------------------------------------------------------------------------------------------------------- [0m
650 (0.81%)         64.904 ms            1 h, 25 m, 50 s      9.89 M                                     [0m
660 (0.83%)         64.946 ms            1 h, 25 m, 52 s      9.89 M                                     [0m
670 (0.84%)         63.519 ms            1 h, 23 m, 59 s      10.09 M                                    [0m
680 (0.85%)         62.361 ms            1 h, 22 m, 26 s      10.28 M                                    [0m
690 (0.86%)         60.210 ms            1 h, 19 m, 35 s      10.65 M                                    [0m
700 (0.88%)         60.492 ms            1 h, 19 m, 57 s      10.67 M              4.20 M                [0m
710 (0.89%)         62.467 ms            1 h, 22 m, 33 s      10.33 M                                    [0m
720 (0.90%)         62.879 ms            1 h, 23 m, 5 s       10.19 M                                    [0m
730 (0.91%)         63.514 ms            1 h, 23 m, 54 s      10.09 M                                    [0m
740 (0.92%)         63.693 ms            1 h, 24 m, 8 s       10.08 M                                    [0m
Image after composite:  torch.Size([128, 160, 141])
Image after composite:  torch.Size([128, 160, 141])
Image after composite:  torch.Size([128, 160, 141])
Image after composite:  torch.Size([128, 160, 141])
Image after composite:  torch.Size([128, 160, 141])
Image after composite:  torch.Size([128, 160, 141])
Image after composite:  torch.Size([128, 160, 141])
Image after composite:  torch.Size([128, 160, 141])
Image after composite:  torch.Size([128, 160, 141])
Image after composite:  torch.Size([128, 160, 141])
[12A[1KStep (% Done)       Train Iter (time)    ETA (time)           Train Rays / Sec     Test Rays / Sec       [0m
-------------------------------------------------------------------------------------------------------- [0m
660 (0.83%)         64.946 ms            1 h, 25 m, 52 s      9.89 M                                     [0m
670 (0.84%)         63.519 ms            1 h, 23 m, 59 s      10.09 M                                    [0m
680 (0.85%)         62.361 ms            1 h, 22 m, 26 s      10.28 M                                    [0m
690 (0.86%)         60.210 ms            1 h, 19 m, 35 s      10.65 M                                    [0m
700 (0.88%)         60.492 ms            1 h, 19 m, 57 s      10.67 M              4.20 M                [0m
710 (0.89%)         62.467 ms            1 h, 22 m, 33 s      10.33 M                                    [0m
720 (0.90%)         62.879 ms            1 h, 23 m, 5 s       10.19 M                                    [0m
730 (0.91%)         63.514 ms            1 h, 23 m, 54 s      10.09 M                                    [0m
740 (0.92%)         63.693 ms            1 h, 24 m, 8 s       10.08 M                                    [0m
750 (0.94%)         63.656 ms            1 h, 24 m, 4 s       10.09 M                                    [0m
Image after composite:  torch.Size([128, 160, 141])
Image after composite:  torch.Size([128, 160, 141])
Image after composite:  torch.Size([128, 160, 141])
Image after composite:  torch.Size([128, 160, 141])
Image after composite:  torch.Size([128, 160, 141])
Image after composite:  torch.Size([128, 160, 141])
Image after composite:  torch.Size([128, 160, 141])
Image after composite:  torch.Size([128, 160, 141])
Image after composite:  torch.Size([128, 160, 141])
Image after composite:  torch.Size([128, 160, 141])
[12A[1KStep (% Done)       Train Iter (time)    ETA (time)           Train Rays / Sec     Test Rays / Sec       [0m
-------------------------------------------------------------------------------------------------------- [0m
670 (0.84%)         63.519 ms            1 h, 23 m, 59 s      10.09 M                                    [0m
680 (0.85%)         62.361 ms            1 h, 22 m, 26 s      10.28 M                                    [0m
690 (0.86%)         60.210 ms            1 h, 19 m, 35 s      10.65 M                                    [0m
700 (0.88%)         60.492 ms            1 h, 19 m, 57 s      10.67 M              4.20 M                [0m
710 (0.89%)         62.467 ms            1 h, 22 m, 33 s      10.33 M                                    [0m
720 (0.90%)         62.879 ms            1 h, 23 m, 5 s       10.19 M                                    [0m
730 (0.91%)         63.514 ms            1 h, 23 m, 54 s      10.09 M                                    [0m
740 (0.92%)         63.693 ms            1 h, 24 m, 8 s       10.08 M                                    [0m
750 (0.94%)         63.656 ms            1 h, 24 m, 4 s       10.09 M                                    [0m
760 (0.95%)         62.827 ms            1 h, 22 m, 58 s      10.21 M                                    [0m
Image after composite:  torch.Size([128, 160, 141])
Image after composite:  torch.Size([128, 160, 141])
Image after composite:  torch.Size([128, 160, 141])
Image after composite:  torch.Size([128, 160, 141])
Image after composite:  torch.Size([128, 160, 141])
Image after composite:  torch.Size([128, 160, 141])
Image after composite:  torch.Size([128, 160, 141])
Image after composite:  torch.Size([128, 160, 141])
Image after composite:  torch.Size([128, 160, 141])
Image after composite:  torch.Size([128, 160, 141])
[12A[1KStep (% Done)       Train Iter (time)    ETA (time)           Train Rays / Sec     Test Rays / Sec       [0m
-------------------------------------------------------------------------------------------------------- [0m
680 (0.85%)         62.361 ms            1 h, 22 m, 26 s      10.28 M                                    [0m
690 (0.86%)         60.210 ms            1 h, 19 m, 35 s      10.65 M                                    [0m
700 (0.88%)         60.492 ms            1 h, 19 m, 57 s      10.67 M              4.20 M                [0m
710 (0.89%)         62.467 ms            1 h, 22 m, 33 s      10.33 M                                    [0m
720 (0.90%)         62.879 ms            1 h, 23 m, 5 s       10.19 M                                    [0m
730 (0.91%)         63.514 ms            1 h, 23 m, 54 s      10.09 M                                    [0m
740 (0.92%)         63.693 ms            1 h, 24 m, 8 s       10.08 M                                    [0m
750 (0.94%)         63.656 ms            1 h, 24 m, 4 s       10.09 M                                    [0m
760 (0.95%)         62.827 ms            1 h, 22 m, 58 s      10.21 M                                    [0m
770 (0.96%)         62.274 ms            1 h, 22 m, 13 s      10.30 M                                    [0m
Image after composite:  torch.Size([128, 160, 141])
Image after composite:  torch.Size([128, 160, 141])
Image after composite:  torch.Size([128, 160, 141])
Image after composite:  torch.Size([128, 160, 141])
Image after composite:  torch.Size([128, 160, 141])
Image after composite:  torch.Size([128, 160, 141])
Image after composite:  torch.Size([128, 160, 141])
Image after composite:  torch.Size([128, 160, 141])
Image after composite:  torch.Size([128, 160, 141])
Image after composite:  torch.Size([128, 160, 141])
[12A[1KStep (% Done)       Train Iter (time)    ETA (time)           Train Rays / Sec     Test Rays / Sec       [0m
-------------------------------------------------------------------------------------------------------- [0m
690 (0.86%)         60.210 ms            1 h, 19 m, 35 s      10.65 M                                    [0m
700 (0.88%)         60.492 ms            1 h, 19 m, 57 s      10.67 M              4.20 M                [0m
710 (0.89%)         62.467 ms            1 h, 22 m, 33 s      10.33 M                                    [0m
720 (0.90%)         62.879 ms            1 h, 23 m, 5 s       10.19 M                                    [0m
730 (0.91%)         63.514 ms            1 h, 23 m, 54 s      10.09 M                                    [0m
740 (0.92%)         63.693 ms            1 h, 24 m, 8 s       10.08 M                                    [0m
750 (0.94%)         63.656 ms            1 h, 24 m, 4 s       10.09 M                                    [0m
760 (0.95%)         62.827 ms            1 h, 22 m, 58 s      10.21 M                                    [0m
770 (0.96%)         62.274 ms            1 h, 22 m, 13 s      10.30 M                                    [0m
780 (0.97%)         62.301 ms            1 h, 22 m, 15 s      10.30 M                                    [0m
Image after composite:  torch.Size([128, 160, 141])
Image after composite:  torch.Size([128, 160, 141])
Image after composite:  torch.Size([128, 160, 141])
Image after composite:  torch.Size([128, 160, 141])
Image after composite:  torch.Size([128, 160, 141])
Image after composite:  torch.Size([128, 160, 141])
Image after composite:  torch.Size([128, 160, 141])
Image after composite:  torch.Size([128, 160, 141])
Image after composite:  torch.Size([128, 160, 141])
Image after composite:  torch.Size([128, 160, 141])
[12A[1KStep (% Done)       Train Iter (time)    ETA (time)           Train Rays / Sec     Test Rays / Sec       [0m
-------------------------------------------------------------------------------------------------------- [0m
700 (0.88%)         60.492 ms            1 h, 19 m, 57 s      10.67 M              4.20 M                [0m
710 (0.89%)         62.467 ms            1 h, 22 m, 33 s      10.33 M                                    [0m
720 (0.90%)         62.879 ms            1 h, 23 m, 5 s       10.19 M                                    [0m
730 (0.91%)         63.514 ms            1 h, 23 m, 54 s      10.09 M                                    [0m
740 (0.92%)         63.693 ms            1 h, 24 m, 8 s       10.08 M                                    [0m
750 (0.94%)         63.656 ms            1 h, 24 m, 4 s       10.09 M                                    [0m
760 (0.95%)         62.827 ms            1 h, 22 m, 58 s      10.21 M                                    [0m
770 (0.96%)         62.274 ms            1 h, 22 m, 13 s      10.30 M                                    [0m
780 (0.97%)         62.301 ms            1 h, 22 m, 15 s      10.30 M                                    [0m
790 (0.99%)         61.283 ms            1 h, 20 m, 54 s      10.47 M                                    [0m
Image after composite:  torch.Size([128, 160, 141])
Image after composite:  torch.Size([128, 160, 141])
Image after composite:  torch.Size([128, 160, 141])
Image after composite:  torch.Size([128, 160, 141])
Image after composite:  torch.Size([128, 160, 141])
Image after composite:  torch.Size([128, 160, 141])
Image after composite:  torch.Size([128, 160, 141])
Image after composite:  torch.Size([128, 160, 141])
Image after composite:  torch.Size([128, 160, 141])
Image after composite:  torch.Size([128, 160, 141])
[2;36m[16:12:18][0m[2;36m [0mSplitting [1;36m0.000622990854494256[0m gaussians: [1;36m25[0m/[1;36m40129[0m                            ]8;id=989949;file:///coc/flash5/skumar704/hyperspectral_3d/nerfstudio/nerfstudio/models/hyperspectral_splatfacto.py\[2mhyperspectral_splatfacto.py[0m]8;;\[2m:[0m]8;id=132413;file:///coc/flash5/skumar704/hyperspectral_3d/nerfstudio/nerfstudio/models/hyperspectral_splatfacto.py#602\[2m602[0m]8;;\
[2;36m          [0m[2;36m [0mDuplicating [1;36m0.0[0m gaussians: [1;36m0[0m/[1;36m40129[0m                                            ]8;id=107570;file:///coc/flash5/skumar704/hyperspectral_3d/nerfstudio/nerfstudio/models/hyperspectral_splatfacto.py\[2mhyperspectral_splatfacto.py[0m]8;;\[2m:[0m]8;id=915112;file:///coc/flash5/skumar704/hyperspectral_3d/nerfstudio/nerfstudio/models/hyperspectral_splatfacto.py#640\[2m640[0m]8;;\
[2;36m          [0m[2;36m [0mCulled [1;36m616[0m gaussians [1m([0m[1;36m591[0m below alpha thresh, [1;36m0[0m too bigs, [1;36m39563[0m remaining[1m)[0m    ]8;id=501968;file:///coc/flash5/skumar704/hyperspectral_3d/nerfstudio/nerfstudio/models/hyperspectral_splatfacto.py\[2mhyperspectral_splatfacto.py[0m]8;;\[2m:[0m]8;id=461865;file:///coc/flash5/skumar704/hyperspectral_3d/nerfstudio/nerfstudio/models/hyperspectral_splatfacto.py#590\[2m590[0m]8;;\
[12A[1KStep (% Done)       Train Iter (time)    ETA (time)           Train Rays / Sec     Test Rays / Sec       [0m
-------------------------------------------------------------------------------------------------------- [0m
710 (0.89%)         62.467 ms            1 h, 22 m, 33 s      10.33 M                                    [0m
720 (0.90%)         62.879 ms            1 h, 23 m, 5 s       10.19 M                                    [0m
730 (0.91%)         63.514 ms            1 h, 23 m, 54 s      10.09 M                                    [0m
740 (0.92%)         63.693 ms            1 h, 24 m, 8 s       10.08 M                                    [0m
750 (0.94%)         63.656 ms            1 h, 24 m, 4 s       10.09 M                                    [0m
760 (0.95%)         62.827 ms            1 h, 22 m, 58 s      10.21 M                                    [0m
770 (0.96%)         62.274 ms            1 h, 22 m, 13 s      10.30 M                                    [0m
780 (0.97%)         62.301 ms            1 h, 22 m, 15 s      10.30 M                                    [0m
790 (0.99%)         61.283 ms            1 h, 20 m, 54 s      10.47 M                                    [0m
800 (1.00%)         62.941 ms            1 h, 23 m, 4 s       10.26 M              4.23 M                [0m
Image after composite:  torch.Size([128, 160, 141])
Image after composite:  torch.Size([128, 160, 141])
Image after composite:  torch.Size([128, 160, 141])
Image after composite:  torch.Size([128, 160, 141])
Image after composite:  torch.Size([128, 160, 141])
Image after composite:  torch.Size([128, 160, 141])
Image after composite:  torch.Size([128, 160, 141])
Image after composite:  torch.Size([128, 160, 141])
Image after composite:  torch.Size([128, 160, 141])
Image after composite:  torch.Size([128, 160, 141])
[12A[1KStep (% Done)       Train Iter (time)    ETA (time)           Train Rays / Sec     Test Rays / Sec       [0m
-------------------------------------------------------------------------------------------------------- [0m
720 (0.90%)         62.879 ms            1 h, 23 m, 5 s       10.19 M                                    [0m
730 (0.91%)         63.514 ms            1 h, 23 m, 54 s      10.09 M                                    [0m
740 (0.92%)         63.693 ms            1 h, 24 m, 8 s       10.08 M                                    [0m
750 (0.94%)         63.656 ms            1 h, 24 m, 4 s       10.09 M                                    [0m
760 (0.95%)         62.827 ms            1 h, 22 m, 58 s      10.21 M                                    [0m
770 (0.96%)         62.274 ms            1 h, 22 m, 13 s      10.30 M                                    [0m
780 (0.97%)         62.301 ms            1 h, 22 m, 15 s      10.30 M                                    [0m
790 (0.99%)         61.283 ms            1 h, 20 m, 54 s      10.47 M                                    [0m
800 (1.00%)         62.941 ms            1 h, 23 m, 4 s       10.26 M              4.23 M                [0m
810 (1.01%)         64.580 ms            1 h, 25 m, 14 s      9.98 M                                     [0m
Image after composite:  torch.Size([128, 160, 141])
Image after composite:  torch.Size([128, 160, 141])
Image after composite:  torch.Size([128, 160, 141])
Image after composite:  torch.Size([128, 160, 141])
Image after composite:  torch.Size([128, 160, 141])
Image after composite:  torch.Size([128, 160, 141])
Image after composite:  torch.Size([128, 160, 141])
Image after composite:  torch.Size([128, 160, 141])
Image after composite:  torch.Size([128, 160, 141])
Image after composite:  torch.Size([128, 160, 141])
[12A[1KStep (% Done)       Train Iter (time)    ETA (time)           Train Rays / Sec     Test Rays / Sec       [0m
-------------------------------------------------------------------------------------------------------- [0m
730 (0.91%)         63.514 ms            1 h, 23 m, 54 s      10.09 M                                    [0m
740 (0.92%)         63.693 ms            1 h, 24 m, 8 s       10.08 M                                    [0m
750 (0.94%)         63.656 ms            1 h, 24 m, 4 s       10.09 M                                    [0m
760 (0.95%)         62.827 ms            1 h, 22 m, 58 s      10.21 M                                    [0m
770 (0.96%)         62.274 ms            1 h, 22 m, 13 s      10.30 M                                    [0m
780 (0.97%)         62.301 ms            1 h, 22 m, 15 s      10.30 M                                    [0m
790 (0.99%)         61.283 ms            1 h, 20 m, 54 s      10.47 M                                    [0m
800 (1.00%)         62.941 ms            1 h, 23 m, 4 s       10.26 M              4.23 M                [0m
810 (1.01%)         64.580 ms            1 h, 25 m, 14 s      9.98 M                                     [0m
820 (1.03%)         63.577 ms            1 h, 23 m, 54 s      10.09 M                                    [0m
Image after composite:  torch.Size([128, 160, 141])
Image after composite:  torch.Size([128, 160, 141])
Image after composite:  torch.Size([128, 160, 141])
Image after composite:  torch.Size([128, 160, 141])
Image after composite:  torch.Size([128, 160, 141])
Image after composite:  torch.Size([128, 160, 141])
Image after composite:  torch.Size([128, 160, 141])
Image after composite:  torch.Size([128, 160, 141])
Image after composite:  torch.Size([128, 160, 141])
Image after composite:  torch.Size([128, 160, 141])
[12A[1KStep (% Done)       Train Iter (time)    ETA (time)           Train Rays / Sec     Test Rays / Sec       [0m
-------------------------------------------------------------------------------------------------------- [0m
740 (0.92%)         63.693 ms            1 h, 24 m, 8 s       10.08 M                                    [0m
750 (0.94%)         63.656 ms            1 h, 24 m, 4 s       10.09 M                                    [0m
760 (0.95%)         62.827 ms            1 h, 22 m, 58 s      10.21 M                                    [0m
770 (0.96%)         62.274 ms            1 h, 22 m, 13 s      10.30 M                                    [0m
780 (0.97%)         62.301 ms            1 h, 22 m, 15 s      10.30 M                                    [0m
790 (0.99%)         61.283 ms            1 h, 20 m, 54 s      10.47 M                                    [0m
800 (1.00%)         62.941 ms            1 h, 23 m, 4 s       10.26 M              4.23 M                [0m
810 (1.01%)         64.580 ms            1 h, 25 m, 14 s      9.98 M                                     [0m
820 (1.03%)         63.577 ms            1 h, 23 m, 54 s      10.09 M                                    [0m
830 (1.04%)         62.444 ms            1 h, 22 m, 23 s      10.27 M                                    [0m
Image after composite:  torch.Size([128, 160, 141])
Image after composite:  torch.Size([128, 160, 141])
Image after composite:  torch.Size([128, 160, 141])
Image after composite:  torch.Size([128, 160, 141])
Image after composite:  torch.Size([128, 160, 141])
Image after composite:  torch.Size([128, 160, 141])
Image after composite:  torch.Size([128, 160, 141])
Image after composite:  torch.Size([128, 160, 141])
Image after composite:  torch.Size([128, 160, 141])
Image after composite:  torch.Size([128, 160, 141])
[12A[1KStep (% Done)       Train Iter (time)    ETA (time)           Train Rays / Sec     Test Rays / Sec       [0m
-------------------------------------------------------------------------------------------------------- [0m
750 (0.94%)         63.656 ms            1 h, 24 m, 4 s       10.09 M                                    [0m
760 (0.95%)         62.827 ms            1 h, 22 m, 58 s      10.21 M                                    [0m
770 (0.96%)         62.274 ms            1 h, 22 m, 13 s      10.30 M                                    [0m
780 (0.97%)         62.301 ms            1 h, 22 m, 15 s      10.30 M                                    [0m
790 (0.99%)         61.283 ms            1 h, 20 m, 54 s      10.47 M                                    [0m
800 (1.00%)         62.941 ms            1 h, 23 m, 4 s       10.26 M              4.23 M                [0m
810 (1.01%)         64.580 ms            1 h, 25 m, 14 s      9.98 M                                     [0m
820 (1.03%)         63.577 ms            1 h, 23 m, 54 s      10.09 M                                    [0m
830 (1.04%)         62.444 ms            1 h, 22 m, 23 s      10.27 M                                    [0m
840 (1.05%)         62.713 ms            1 h, 22 m, 44 s      10.22 M                                    [0m
Image after composite:  torch.Size([128, 160, 141])
Image after composite:  torch.Size([128, 160, 141])
Image after composite:  torch.Size([128, 160, 141])
Image after composite:  torch.Size([128, 160, 141])
Image after composite:  torch.Size([128, 160, 141])
Image after composite:  torch.Size([128, 160, 141])
Image after composite:  torch.Size([128, 160, 141])
Image after composite:  torch.Size([128, 160, 141])
Image after composite:  torch.Size([128, 160, 141])
Image after composite:  torch.Size([128, 160, 141])
[12A[1KStep (% Done)       Train Iter (time)    ETA (time)           Train Rays / Sec     Test Rays / Sec       [0m
-------------------------------------------------------------------------------------------------------- [0m
760 (0.95%)         62.827 ms            1 h, 22 m, 58 s      10.21 M                                    [0m
770 (0.96%)         62.274 ms            1 h, 22 m, 13 s      10.30 M                                    [0m
780 (0.97%)         62.301 ms            1 h, 22 m, 15 s      10.30 M                                    [0m
790 (0.99%)         61.283 ms            1 h, 20 m, 54 s      10.47 M                                    [0m
800 (1.00%)         62.941 ms            1 h, 23 m, 4 s       10.26 M              4.23 M                [0m
810 (1.01%)         64.580 ms            1 h, 25 m, 14 s      9.98 M                                     [0m
820 (1.03%)         63.577 ms            1 h, 23 m, 54 s      10.09 M                                    [0m
830 (1.04%)         62.444 ms            1 h, 22 m, 23 s      10.27 M                                    [0m
840 (1.05%)         62.713 ms            1 h, 22 m, 44 s      10.22 M                                    [0m
850 (1.06%)         61.280 ms            1 h, 20 m, 50 s      10.48 M                                    [0m
Image after composite:  torch.Size([128, 160, 141])
Image after composite:  torch.Size([128, 160, 141])
Image after composite:  torch.Size([128, 160, 141])
Image after composite:  torch.Size([128, 160, 141])
Image after composite:  torch.Size([128, 160, 141])
Image after composite:  torch.Size([128, 160, 141])
Image after composite:  torch.Size([128, 160, 141])
Image after composite:  torch.Size([128, 160, 141])
Image after composite:  torch.Size([128, 160, 141])
Image after composite:  torch.Size([128, 160, 141])
[12A[1KStep (% Done)       Train Iter (time)    ETA (time)           Train Rays / Sec     Test Rays / Sec       [0m
-------------------------------------------------------------------------------------------------------- [0m
770 (0.96%)         62.274 ms            1 h, 22 m, 13 s      10.30 M                                    [0m
780 (0.97%)         62.301 ms            1 h, 22 m, 15 s      10.30 M                                    [0m
790 (0.99%)         61.283 ms            1 h, 20 m, 54 s      10.47 M                                    [0m
800 (1.00%)         62.941 ms            1 h, 23 m, 4 s       10.26 M              4.23 M                [0m
810 (1.01%)         64.580 ms            1 h, 25 m, 14 s      9.98 M                                     [0m
820 (1.03%)         63.577 ms            1 h, 23 m, 54 s      10.09 M                                    [0m
830 (1.04%)         62.444 ms            1 h, 22 m, 23 s      10.27 M                                    [0m
840 (1.05%)         62.713 ms            1 h, 22 m, 44 s      10.22 M                                    [0m
850 (1.06%)         61.280 ms            1 h, 20 m, 50 s      10.48 M                                    [0m
860 (1.07%)         60.290 ms            1 h, 19 m, 31 s      10.65 M                                    [0m
Image after composite:  torch.Size([128, 160, 141])
Image after composite:  torch.Size([128, 160, 141])
Image after composite:  torch.Size([128, 160, 141])
Image after composite:  torch.Size([128, 160, 141])
Image after composite:  torch.Size([128, 160, 141])
Image after composite:  torch.Size([128, 160, 141])
Image after composite:  torch.Size([128, 160, 141])
Image after composite:  torch.Size([128, 160, 141])
Image after composite:  torch.Size([128, 160, 141])
Image after composite:  torch.Size([128, 160, 141])
[12A[1KStep (% Done)       Train Iter (time)    ETA (time)           Train Rays / Sec     Test Rays / Sec       [0m
-------------------------------------------------------------------------------------------------------- [0m
780 (0.97%)         62.301 ms            1 h, 22 m, 15 s      10.30 M                                    [0m
790 (0.99%)         61.283 ms            1 h, 20 m, 54 s      10.47 M                                    [0m
800 (1.00%)         62.941 ms            1 h, 23 m, 4 s       10.26 M              4.23 M                [0m
810 (1.01%)         64.580 ms            1 h, 25 m, 14 s      9.98 M                                     [0m
820 (1.03%)         63.577 ms            1 h, 23 m, 54 s      10.09 M                                    [0m
830 (1.04%)         62.444 ms            1 h, 22 m, 23 s      10.27 M                                    [0m
840 (1.05%)         62.713 ms            1 h, 22 m, 44 s      10.22 M                                    [0m
850 (1.06%)         61.280 ms            1 h, 20 m, 50 s      10.48 M                                    [0m
860 (1.07%)         60.290 ms            1 h, 19 m, 31 s      10.65 M                                    [0m
870 (1.09%)         61.795 ms            1 h, 21 m, 29 s      10.37 M                                    [0m
Image after composite:  torch.Size([128, 160, 141])
Image after composite:  torch.Size([128, 160, 141])
Image after composite:  torch.Size([128, 160, 141])
Image after composite:  torch.Size([128, 160, 141])
Image after composite:  torch.Size([128, 160, 141])
Image after composite:  torch.Size([128, 160, 141])
Image after composite:  torch.Size([128, 160, 141])
Image after composite:  torch.Size([128, 160, 141])
Image after composite:  torch.Size([128, 160, 141])
Image after composite:  torch.Size([128, 160, 141])
[12A[1KStep (% Done)       Train Iter (time)    ETA (time)           Train Rays / Sec     Test Rays / Sec       [0m
-------------------------------------------------------------------------------------------------------- [0m
790 (0.99%)         61.283 ms            1 h, 20 m, 54 s      10.47 M                                    [0m
800 (1.00%)         62.941 ms            1 h, 23 m, 4 s       10.26 M              4.23 M                [0m
810 (1.01%)         64.580 ms            1 h, 25 m, 14 s      9.98 M                                     [0m
820 (1.03%)         63.577 ms            1 h, 23 m, 54 s      10.09 M                                    [0m
830 (1.04%)         62.444 ms            1 h, 22 m, 23 s      10.27 M                                    [0m
840 (1.05%)         62.713 ms            1 h, 22 m, 44 s      10.22 M                                    [0m
850 (1.06%)         61.280 ms            1 h, 20 m, 50 s      10.48 M                                    [0m
860 (1.07%)         60.290 ms            1 h, 19 m, 31 s      10.65 M                                    [0m
870 (1.09%)         61.795 ms            1 h, 21 m, 29 s      10.37 M                                    [0m
880 (1.10%)         62.344 ms            1 h, 22 m, 12 s      10.28 M                                    [0m
Image after composite:  torch.Size([128, 160, 141])
Image after composite:  torch.Size([128, 160, 141])
Image after composite:  torch.Size([128, 160, 141])
Image after composite:  torch.Size([128, 160, 141])
Image after composite:  torch.Size([128, 160, 141])
Image after composite:  torch.Size([128, 160, 141])
Image after composite:  torch.Size([128, 160, 141])
Image after composite:  torch.Size([128, 160, 141])
Image after composite:  torch.Size([128, 160, 141])
Image after composite:  torch.Size([128, 160, 141])
[12A[1KStep (% Done)       Train Iter (time)    ETA (time)           Train Rays / Sec     Test Rays / Sec       [0m
-------------------------------------------------------------------------------------------------------- [0m
800 (1.00%)         62.941 ms            1 h, 23 m, 4 s       10.26 M              4.23 M                [0m
810 (1.01%)         64.580 ms            1 h, 25 m, 14 s      9.98 M                                     [0m
820 (1.03%)         63.577 ms            1 h, 23 m, 54 s      10.09 M                                    [0m
830 (1.04%)         62.444 ms            1 h, 22 m, 23 s      10.27 M                                    [0m
840 (1.05%)         62.713 ms            1 h, 22 m, 44 s      10.22 M                                    [0m
850 (1.06%)         61.280 ms            1 h, 20 m, 50 s      10.48 M                                    [0m
860 (1.07%)         60.290 ms            1 h, 19 m, 31 s      10.65 M                                    [0m
870 (1.09%)         61.795 ms            1 h, 21 m, 29 s      10.37 M                                    [0m
880 (1.10%)         62.344 ms            1 h, 22 m, 12 s      10.28 M                                    [0m
890 (1.11%)         61.603 ms            1 h, 21 m, 13 s      10.41 M                                    [0m
Image after composite:  torch.Size([128, 160, 141])
Image after composite:  torch.Size([128, 160, 141])
Image after composite:  torch.Size([128, 160, 141])
Image after composite:  torch.Size([128, 160, 141])
Image after composite:  torch.Size([128, 160, 141])
Image after composite:  torch.Size([128, 160, 141])
Image after composite:  torch.Size([128, 160, 141])
Image after composite:  torch.Size([128, 160, 141])
Image after composite:  torch.Size([128, 160, 141])
Image after composite:  torch.Size([128, 160, 141])
[2;36m[16:12:24][0m[2;36m [0mSplitting [1;36m0.0008846649647397822[0m gaussians: [1;36m35[0m/[1;36m39563[0m                           ]8;id=183700;file:///coc/flash5/skumar704/hyperspectral_3d/nerfstudio/nerfstudio/models/hyperspectral_splatfacto.py\[2mhyperspectral_splatfacto.py[0m]8;;\[2m:[0m]8;id=493355;file:///coc/flash5/skumar704/hyperspectral_3d/nerfstudio/nerfstudio/models/hyperspectral_splatfacto.py#602\[2m602[0m]8;;\
[2;36m          [0m[2;36m [0mDuplicating [1;36m0.0[0m gaussians: [1;36m0[0m/[1;36m39563[0m                                            ]8;id=291668;file:///coc/flash5/skumar704/hyperspectral_3d/nerfstudio/nerfstudio/models/hyperspectral_splatfacto.py\[2mhyperspectral_splatfacto.py[0m]8;;\[2m:[0m]8;id=190305;file:///coc/flash5/skumar704/hyperspectral_3d/nerfstudio/nerfstudio/models/hyperspectral_splatfacto.py#640\[2m640[0m]8;;\
[2;36m          [0m[2;36m [0mCulled [1;36m556[0m gaussians [1m([0m[1;36m521[0m below alpha thresh, [1;36m0[0m too bigs, [1;36m39077[0m remaining[1m)[0m    ]8;id=515611;file:///coc/flash5/skumar704/hyperspectral_3d/nerfstudio/nerfstudio/models/hyperspectral_splatfacto.py\[2mhyperspectral_splatfacto.py[0m]8;;\[2m:[0m]8;id=95674;file:///coc/flash5/skumar704/hyperspectral_3d/nerfstudio/nerfstudio/models/hyperspectral_splatfacto.py#590\[2m590[0m]8;;\
[12A[1KStep (% Done)       Train Iter (time)    ETA (time)           Train Rays / Sec     Test Rays / Sec       [0m
-------------------------------------------------------------------------------------------------------- [0m
810 (1.01%)         64.580 ms            1 h, 25 m, 14 s      9.98 M                                     [0m
820 (1.03%)         63.577 ms            1 h, 23 m, 54 s      10.09 M                                    [0m
830 (1.04%)         62.444 ms            1 h, 22 m, 23 s      10.27 M                                    [0m
840 (1.05%)         62.713 ms            1 h, 22 m, 44 s      10.22 M                                    [0m
850 (1.06%)         61.280 ms            1 h, 20 m, 50 s      10.48 M                                    [0m
860 (1.07%)         60.290 ms            1 h, 19 m, 31 s      10.65 M                                    [0m
870 (1.09%)         61.795 ms            1 h, 21 m, 29 s      10.37 M                                    [0m
880 (1.10%)         62.344 ms            1 h, 22 m, 12 s      10.28 M                                    [0m
890 (1.11%)         61.603 ms            1 h, 21 m, 13 s      10.41 M                                    [0m
900 (1.12%)         62.077 ms            1 h, 21 m, 50 s      10.39 M              4.21 M                [0m
Image after composite:  torch.Size([128, 160, 141])
Image after composite:  torch.Size([128, 160, 141])
Image after composite:  torch.Size([128, 160, 141])
Image after composite:  torch.Size([128, 160, 141])
Image after composite:  torch.Size([128, 160, 141])
Image after composite:  torch.Size([128, 160, 141])
Image after composite:  torch.Size([128, 160, 141])
Image after composite:  torch.Size([128, 160, 141])
Image after composite:  torch.Size([128, 160, 141])
Image after composite:  torch.Size([128, 160, 141])
[12A[1KStep (% Done)       Train Iter (time)    ETA (time)           Train Rays / Sec     Test Rays / Sec       [0m
-------------------------------------------------------------------------------------------------------- [0m
820 (1.03%)         63.577 ms            1 h, 23 m, 54 s      10.09 M                                    [0m
830 (1.04%)         62.444 ms            1 h, 22 m, 23 s      10.27 M                                    [0m
840 (1.05%)         62.713 ms            1 h, 22 m, 44 s      10.22 M                                    [0m
850 (1.06%)         61.280 ms            1 h, 20 m, 50 s      10.48 M                                    [0m
860 (1.07%)         60.290 ms            1 h, 19 m, 31 s      10.65 M                                    [0m
870 (1.09%)         61.795 ms            1 h, 21 m, 29 s      10.37 M                                    [0m
880 (1.10%)         62.344 ms            1 h, 22 m, 12 s      10.28 M                                    [0m
890 (1.11%)         61.603 ms            1 h, 21 m, 13 s      10.41 M                                    [0m
900 (1.12%)         62.077 ms            1 h, 21 m, 50 s      10.39 M              4.21 M                [0m
910 (1.14%)         62.677 ms            1 h, 22 m, 37 s      10.29 M                                    [0m
Image after composite:  torch.Size([128, 160, 141])
Image after composite:  torch.Size([128, 160, 141])
Image after composite:  torch.Size([128, 160, 141])
Image after composite:  torch.Size([128, 160, 141])
Image after composite:  torch.Size([128, 160, 141])
Image after composite:  torch.Size([128, 160, 141])
Image after composite:  torch.Size([128, 160, 141])
Image after composite:  torch.Size([128, 160, 141])
Image after composite:  torch.Size([128, 160, 141])
Image after composite:  torch.Size([128, 160, 141])
[12A[1KStep (% Done)       Train Iter (time)    ETA (time)           Train Rays / Sec     Test Rays / Sec       [0m
-------------------------------------------------------------------------------------------------------- [0m
830 (1.04%)         62.444 ms            1 h, 22 m, 23 s      10.27 M                                    [0m
840 (1.05%)         62.713 ms            1 h, 22 m, 44 s      10.22 M                                    [0m
850 (1.06%)         61.280 ms            1 h, 20 m, 50 s      10.48 M                                    [0m
860 (1.07%)         60.290 ms            1 h, 19 m, 31 s      10.65 M                                    [0m
870 (1.09%)         61.795 ms            1 h, 21 m, 29 s      10.37 M                                    [0m
880 (1.10%)         62.344 ms            1 h, 22 m, 12 s      10.28 M                                    [0m
890 (1.11%)         61.603 ms            1 h, 21 m, 13 s      10.41 M                                    [0m
900 (1.12%)         62.077 ms            1 h, 21 m, 50 s      10.39 M              4.21 M                [0m
910 (1.14%)         62.677 ms            1 h, 22 m, 37 s      10.29 M                                    [0m
920 (1.15%)         62.219 ms            1 h, 22 m, 0 s       10.32 M                                    [0m
Image after composite:  torch.Size([128, 160, 141])
Image after composite:  torch.Size([128, 160, 141])
Image after composite:  torch.Size([128, 160, 141])
Image after composite:  torch.Size([128, 160, 141])
Image after composite:  torch.Size([128, 160, 141])
Image after composite:  torch.Size([128, 160, 141])
Image after composite:  torch.Size([128, 160, 141])
Image after composite:  torch.Size([128, 160, 141])
Image after composite:  torch.Size([128, 160, 141])
Image after composite:  torch.Size([128, 160, 141])
[12A[1KStep (% Done)       Train Iter (time)    ETA (time)           Train Rays / Sec     Test Rays / Sec       [0m
-------------------------------------------------------------------------------------------------------- [0m
840 (1.05%)         62.713 ms            1 h, 22 m, 44 s      10.22 M                                    [0m
850 (1.06%)         61.280 ms            1 h, 20 m, 50 s      10.48 M                                    [0m
860 (1.07%)         60.290 ms            1 h, 19 m, 31 s      10.65 M                                    [0m
870 (1.09%)         61.795 ms            1 h, 21 m, 29 s      10.37 M                                    [0m
880 (1.10%)         62.344 ms            1 h, 22 m, 12 s      10.28 M                                    [0m
890 (1.11%)         61.603 ms            1 h, 21 m, 13 s      10.41 M                                    [0m
900 (1.12%)         62.077 ms            1 h, 21 m, 50 s      10.39 M              4.21 M                [0m
910 (1.14%)         62.677 ms            1 h, 22 m, 37 s      10.29 M                                    [0m
920 (1.15%)         62.219 ms            1 h, 22 m, 0 s       10.32 M                                    [0m
930 (1.16%)         61.607 ms            1 h, 21 m, 11 s      10.42 M                                    [0m
Image after composite:  torch.Size([128, 160, 141])
Image after composite:  torch.Size([128, 160, 141])
Image after composite:  torch.Size([128, 160, 141])
Image after composite:  torch.Size([128, 160, 141])
Image after composite:  torch.Size([128, 160, 141])
Image after composite:  torch.Size([128, 160, 141])
Image after composite:  torch.Size([128, 160, 141])
Image after composite:  torch.Size([128, 160, 141])
Image after composite:  torch.Size([128, 160, 141])
Image after composite:  torch.Size([128, 160, 141])
[12A[1KStep (% Done)       Train Iter (time)    ETA (time)           Train Rays / Sec     Test Rays / Sec       [0m
-------------------------------------------------------------------------------------------------------- [0m
850 (1.06%)         61.280 ms            1 h, 20 m, 50 s      10.48 M                                    [0m
860 (1.07%)         60.290 ms            1 h, 19 m, 31 s      10.65 M                                    [0m
870 (1.09%)         61.795 ms            1 h, 21 m, 29 s      10.37 M                                    [0m
880 (1.10%)         62.344 ms            1 h, 22 m, 12 s      10.28 M                                    [0m
890 (1.11%)         61.603 ms            1 h, 21 m, 13 s      10.41 M                                    [0m
900 (1.12%)         62.077 ms            1 h, 21 m, 50 s      10.39 M              4.21 M                [0m
910 (1.14%)         62.677 ms            1 h, 22 m, 37 s      10.29 M                                    [0m
920 (1.15%)         62.219 ms            1 h, 22 m, 0 s       10.32 M                                    [0m
930 (1.16%)         61.607 ms            1 h, 21 m, 11 s      10.42 M                                    [0m
940 (1.18%)         61.739 ms            1 h, 21 m, 21 s      10.39 M                                    [0m
Image after composite:  torch.Size([128, 160, 141])
Image after composite:  torch.Size([128, 160, 141])
Image after composite:  torch.Size([128, 160, 141])
Image after composite:  torch.Size([128, 160, 141])
Image after composite:  torch.Size([128, 160, 141])
Image after composite:  torch.Size([128, 160, 141])
Image after composite:  torch.Size([128, 160, 141])
Image after composite:  torch.Size([128, 160, 141])
Image after composite:  torch.Size([128, 160, 141])
Image after composite:  torch.Size([128, 160, 141])
[12A[1KStep (% Done)       Train Iter (time)    ETA (time)           Train Rays / Sec     Test Rays / Sec       [0m
-------------------------------------------------------------------------------------------------------- [0m
860 (1.07%)         60.290 ms            1 h, 19 m, 31 s      10.65 M                                    [0m
870 (1.09%)         61.795 ms            1 h, 21 m, 29 s      10.37 M                                    [0m
880 (1.10%)         62.344 ms            1 h, 22 m, 12 s      10.28 M                                    [0m
890 (1.11%)         61.603 ms            1 h, 21 m, 13 s      10.41 M                                    [0m
900 (1.12%)         62.077 ms            1 h, 21 m, 50 s      10.39 M              4.21 M                [0m
910 (1.14%)         62.677 ms            1 h, 22 m, 37 s      10.29 M                                    [0m
920 (1.15%)         62.219 ms            1 h, 22 m, 0 s       10.32 M                                    [0m
930 (1.16%)         61.607 ms            1 h, 21 m, 11 s      10.42 M                                    [0m
940 (1.18%)         61.739 ms            1 h, 21 m, 21 s      10.39 M                                    [0m
950 (1.19%)         62.505 ms            1 h, 22 m, 21 s      10.27 M                                    [0m
Image after composite:  torch.Size([128, 160, 141])
Image after composite:  torch.Size([128, 160, 141])
Image after composite:  torch.Size([128, 160, 141])
Image after composite:  torch.Size([128, 160, 141])
Image after composite:  torch.Size([128, 160, 141])
Image after composite:  torch.Size([128, 160, 141])
Image after composite:  torch.Size([128, 160, 141])
Image after composite:  torch.Size([128, 160, 141])
Image after composite:  torch.Size([128, 160, 141])
Image after composite:  torch.Size([128, 160, 141])
[12A[1KStep (% Done)       Train Iter (time)    ETA (time)           Train Rays / Sec     Test Rays / Sec       [0m
-------------------------------------------------------------------------------------------------------- [0m
870 (1.09%)         61.795 ms            1 h, 21 m, 29 s      10.37 M                                    [0m
880 (1.10%)         62.344 ms            1 h, 22 m, 12 s      10.28 M                                    [0m
890 (1.11%)         61.603 ms            1 h, 21 m, 13 s      10.41 M                                    [0m
900 (1.12%)         62.077 ms            1 h, 21 m, 50 s      10.39 M              4.21 M                [0m
910 (1.14%)         62.677 ms            1 h, 22 m, 37 s      10.29 M                                    [0m
920 (1.15%)         62.219 ms            1 h, 22 m, 0 s       10.32 M                                    [0m
930 (1.16%)         61.607 ms            1 h, 21 m, 11 s      10.42 M                                    [0m
940 (1.18%)         61.739 ms            1 h, 21 m, 21 s      10.39 M                                    [0m
950 (1.19%)         62.505 ms            1 h, 22 m, 21 s      10.27 M                                    [0m
960 (1.20%)         61.841 ms            1 h, 21 m, 27 s      10.39 M                                    [0m
Image after composite:  torch.Size([128, 160, 141])
Image after composite:  torch.Size([128, 160, 141])
Image after composite:  torch.Size([128, 160, 141])
Image after composite:  torch.Size([128, 160, 141])
Image after composite:  torch.Size([128, 160, 141])
Image after composite:  torch.Size([128, 160, 141])
Image after composite:  torch.Size([128, 160, 141])
Image after composite:  torch.Size([128, 160, 141])
Image after composite:  torch.Size([128, 160, 141])
Image after composite:  torch.Size([128, 160, 141])
[12A[1KStep (% Done)       Train Iter (time)    ETA (time)           Train Rays / Sec     Test Rays / Sec       [0m
-------------------------------------------------------------------------------------------------------- [0m
880 (1.10%)         62.344 ms            1 h, 22 m, 12 s      10.28 M                                    [0m
890 (1.11%)         61.603 ms            1 h, 21 m, 13 s      10.41 M                                    [0m
900 (1.12%)         62.077 ms            1 h, 21 m, 50 s      10.39 M              4.21 M                [0m
910 (1.14%)         62.677 ms            1 h, 22 m, 37 s      10.29 M                                    [0m
920 (1.15%)         62.219 ms            1 h, 22 m, 0 s       10.32 M                                    [0m
930 (1.16%)         61.607 ms            1 h, 21 m, 11 s      10.42 M                                    [0m
940 (1.18%)         61.739 ms            1 h, 21 m, 21 s      10.39 M                                    [0m
950 (1.19%)         62.505 ms            1 h, 22 m, 21 s      10.27 M                                    [0m
960 (1.20%)         61.841 ms            1 h, 21 m, 27 s      10.39 M                                    [0m
970 (1.21%)         60.951 ms            1 h, 20 m, 16 s      10.53 M                                    [0m
Image after composite:  torch.Size([128, 160, 141])
Image after composite:  torch.Size([128, 160, 141])
Image after composite:  torch.Size([128, 160, 141])
Image after composite:  torch.Size([128, 160, 141])
Image after composite:  torch.Size([128, 160, 141])
Image after composite:  torch.Size([128, 160, 141])
Image after composite:  torch.Size([128, 160, 141])
Image after composite:  torch.Size([128, 160, 141])
Image after composite:  torch.Size([128, 160, 141])
Image after composite:  torch.Size([128, 160, 141])
[12A[1KStep (% Done)       Train Iter (time)    ETA (time)           Train Rays / Sec     Test Rays / Sec       [0m
-------------------------------------------------------------------------------------------------------- [0m
890 (1.11%)         61.603 ms            1 h, 21 m, 13 s      10.41 M                                    [0m
900 (1.12%)         62.077 ms            1 h, 21 m, 50 s      10.39 M              4.21 M                [0m
910 (1.14%)         62.677 ms            1 h, 22 m, 37 s      10.29 M                                    [0m
920 (1.15%)         62.219 ms            1 h, 22 m, 0 s       10.32 M                                    [0m
930 (1.16%)         61.607 ms            1 h, 21 m, 11 s      10.42 M                                    [0m
940 (1.18%)         61.739 ms            1 h, 21 m, 21 s      10.39 M                                    [0m
950 (1.19%)         62.505 ms            1 h, 22 m, 21 s      10.27 M                                    [0m
960 (1.20%)         61.841 ms            1 h, 21 m, 27 s      10.39 M                                    [0m
970 (1.21%)         60.951 ms            1 h, 20 m, 16 s      10.53 M                                    [0m
980 (1.23%)         60.857 ms            1 h, 20 m, 8 s       10.54 M                                    [0m
Image after composite:  torch.Size([128, 160, 141])
Image after composite:  torch.Size([128, 160, 141])
Image after composite:  torch.Size([128, 160, 141])
Image after composite:  torch.Size([128, 160, 141])
Image after composite:  torch.Size([128, 160, 141])
Image after composite:  torch.Size([128, 160, 141])
Image after composite:  torch.Size([128, 160, 141])
Image after composite:  torch.Size([128, 160, 141])
Image after composite:  torch.Size([128, 160, 141])
Image after composite:  torch.Size([128, 160, 141])
[12A[1KStep (% Done)       Train Iter (time)    ETA (time)           Train Rays / Sec     Test Rays / Sec       [0m
-------------------------------------------------------------------------------------------------------- [0m
900 (1.12%)         62.077 ms            1 h, 21 m, 50 s      10.39 M              4.21 M                [0m
910 (1.14%)         62.677 ms            1 h, 22 m, 37 s      10.29 M                                    [0m
920 (1.15%)         62.219 ms            1 h, 22 m, 0 s       10.32 M                                    [0m
930 (1.16%)         61.607 ms            1 h, 21 m, 11 s      10.42 M                                    [0m
940 (1.18%)         61.739 ms            1 h, 21 m, 21 s      10.39 M                                    [0m
950 (1.19%)         62.505 ms            1 h, 22 m, 21 s      10.27 M                                    [0m
960 (1.20%)         61.841 ms            1 h, 21 m, 27 s      10.39 M                                    [0m
970 (1.21%)         60.951 ms            1 h, 20 m, 16 s      10.53 M                                    [0m
980 (1.23%)         60.857 ms            1 h, 20 m, 8 s       10.54 M                                    [0m
990 (1.24%)         61.073 ms            1 h, 20 m, 25 s      10.50 M                                    [0m
Image after composite:  torch.Size([128, 160, 141])
Image after composite:  torch.Size([128, 160, 141])
Image after composite:  torch.Size([128, 160, 141])
Image after composite:  torch.Size([128, 160, 141])
Image after composite:  torch.Size([128, 160, 141])
Image after composite:  torch.Size([128, 160, 141])
Image after composite:  torch.Size([128, 160, 141])
Image after composite:  torch.Size([128, 160, 141])
Image after composite:  torch.Size([128, 160, 141])
Image after composite:  torch.Size([128, 160, 141])
[2;36m[16:12:31][0m[2;36m [0mSplitting [1;36m0.0016122015507843489[0m gaussians: [1;36m63[0m/[1;36m39077[0m                           ]8;id=197816;file:///coc/flash5/skumar704/hyperspectral_3d/nerfstudio/nerfstudio/models/hyperspectral_splatfacto.py\[2mhyperspectral_splatfacto.py[0m]8;;\[2m:[0m]8;id=731380;file:///coc/flash5/skumar704/hyperspectral_3d/nerfstudio/nerfstudio/models/hyperspectral_splatfacto.py#602\[2m602[0m]8;;\
[2;36m          [0m[2;36m [0mDuplicating [1;36m0.0[0m gaussians: [1;36m0[0m/[1;36m39077[0m                                            ]8;id=897594;file:///coc/flash5/skumar704/hyperspectral_3d/nerfstudio/nerfstudio/models/hyperspectral_splatfacto.py\[2mhyperspectral_splatfacto.py[0m]8;;\[2m:[0m]8;id=813217;file:///coc/flash5/skumar704/hyperspectral_3d/nerfstudio/nerfstudio/models/hyperspectral_splatfacto.py#640\[2m640[0m]8;;\
[2;36m          [0m[2;36m [0mCulled [1;36m602[0m gaussians [1m([0m[1;36m539[0m below alpha thresh, [1;36m0[0m too bigs, [1;36m38601[0m remaining[1m)[0m    ]8;id=495951;file:///coc/flash5/skumar704/hyperspectral_3d/nerfstudio/nerfstudio/models/hyperspectral_splatfacto.py\[2mhyperspectral_splatfacto.py[0m]8;;\[2m:[0m]8;id=739485;file:///coc/flash5/skumar704/hyperspectral_3d/nerfstudio/nerfstudio/models/hyperspectral_splatfacto.py#590\[2m590[0m]8;;\
[?25l[2K[32mEvaluating all eval images...[0m [38;5;237m━━━━━━━━━━━━━━━━━━━━━━━━━━━━━━━━━━━━[0m [33m0:00:00[0m [32m 0/36[0m[2K[32mEvaluating all eval images...[0m [38;5;237m━━━━━━━━━━━━━━━━━━━━━━━━━━━━━━━━━━━━[0m [33m0:00:00[0m [32m 0/36[0m[2K[32mEvaluating all eval images...[0m [38;5;237m━━━━━━━━━━━━━━━━━━━━━━━━━━━━━━━━━━━━[0m [33m0:00:00[0m [32m 0/36[0m[2K[32mEvaluating all eval images...[0m [38;5;237m━━━━━━━━━━━━━━━━━━━━━━━━━━━━━━━━━━━━[0m [33m0:00:00[0m [32m 0/36[0m[2K[32mEvaluating all eval images...[0m [38;5;237m━━━━━━━━━━━━━━━━━━━━━━━━━━━━━━━━━━━━[0m [33m0:00:00[0m [32m 0/36[0m[2K[32mEvaluating all eval images...[0m [38;2;249;38;114m━[0m[38;5;237m╺[0m[38;5;237m━━━━━━━━━━━━━━━━━━━━━━━━━━━━━━━━━━[0m [33m0:00:00[0m [32m 1/36[0m[2K[32mEvaluating all eval images...[0m [38;2;249;38;114m━━━[0m[38;5;237m╺[0m[38;5;237m━━━━━━━━━━━━━━━━━━━━━━━━━━━━━━━━[0m [33m0:00:00[0m [32m 3/36[0m[2K[32mEvaluating all eval images...[0m [38;2;249;38;114m━━━━━[0m[38;5;237m╺[0m[38;5;237m━━━━━━━━━━━━━━━━━━━━━━━━━━━━━━[0m [33m0:00:00[0m [32m 5/36[0m[2K[32mEvaluating all eval images...[0m [38;2;249;38;114m━━━━━━━[0m[38;5;237m╺[0m[38;5;237m━━━━━━━━━━━━━━━━━━━━━━━━━━━━[0m [33m0:00:00[0m [32m 7/36[0m[2K[32mEvaluating all eval images...[0m [38;2;249;38;114m━━━━━━━━━[0m[38;5;237m╺[0m[38;5;237m━━━━━━━━━━━━━━━━━━━━━━━━━━[0m [33m0:00:00[0m [32m 9/36[0m[2K[32mEvaluating all eval images...[0m [38;2;249;38;114m━━━━━━━━━━━━[0m[38;5;237m╺[0m[38;5;237m━━━━━━━━━━━━━━━━━━━━━━━[0m [33m0:00:01[0m [32m12/36[0m[2K[32mEvaluating all eval images...[0m [38;2;249;38;114m━━━━━━━━━━━━━━[0m[38;5;237m╺[0m[38;5;237m━━━━━━━━━━━━━━━━━━━━━[0m [33m0:00:01[0m [32m14/36[0m[2K[32mEvaluating all eval images...[0m [38;2;249;38;114m━━━━━━━━━━━━━━━━[0m[38;5;237m╺[0m[38;5;237m━━━━━━━━━━━━━━━━━━━[0m [33m0:00:01[0m [32m16/36[0m[2K[32mEvaluating all eval images...[0m [38;2;249;38;114m━━━━━━━━━━━━━━━━━━[0m[38;5;237m╺[0m[38;5;237m━━━━━━━━━━━━━━━━━[0m [33m0:00:01[0m [32m18/36[0m[2K[32mEvaluating all eval images...[0m [38;2;249;38;114m━━━━━━━━━━━━━━━━━━━━━[0m[38;5;237m╺[0m[38;5;237m━━━━━━━━━━━━━━[0m [33m0:00:01[0m [32m21/36[0m[2K[32mEvaluating all eval images...[0m [38;2;249;38;114m━━━━━━━━━━━━━━━━━━━━━━━[0m[38;5;237m╺[0m[38;5;237m━━━━━━━━━━━━[0m [33m0:00:01[0m [32m23/36[0m[2K[32mEvaluating all eval images...[0m [38;2;249;38;114m━━━━━━━━━━━━━━━━━━━━━━━━━[0m[38;5;237m╺[0m[38;5;237m━━━━━━━━━━[0m [33m0:00:01[0m [32m25/36[0m[2K[32mEvaluating all eval images...[0m [38;2;249;38;114m━━━━━━━━━━━━━━━━━━━━━━━━━━━━[0m[38;5;237m╺[0m[38;5;237m━━━━━━━[0m [33m0:00:01[0m [32m28/36[0m[2K[32mEvaluating all eval images...[0m [38;2;249;38;114m━━━━━━━━━━━━━━━━━━━━━━━━━━━━━━[0m[38;5;237m╺[0m[38;5;237m━━━━━[0m [33m0:00:01[0m [32m30/36[0m[2K[32mEvaluating all eval images...[0m [38;2;249;38;114m━━━━━━━━━━━━━━━━━━━━━━━━━━━━━━━━[0m[38;5;237m╺[0m[38;5;237m━━━[0m [33m0:00:01[0m [32m32/36[0m[2K[32mEvaluating all eval images...[0m [38;2;249;38;114m━━━━━━━━━━━━━━━━━━━━━━━━━━━━━━━━━━━[0m[38;5;237m╺[0m [33m0:00:02[0m [32m35/36[0m[2K[32mEvaluating all eval images...[0m [38;2;114;156;31m━━━━━━━━━━━━━━━━━━━━━━━━━━━━━━━━━━━━[0m [33m0:00:02[0m [32m36/36[0m
[?25h[1A[2K[12A[1KStep (% Done)       Train Iter (time)    ETA (time)           Train Rays / Sec     Test Rays / Sec       [0m
-------------------------------------------------------------------------------------------------------- [0m
910 (1.14%)         62.677 ms            1 h, 22 m, 37 s      10.29 M                                    [0m
920 (1.15%)         62.219 ms            1 h, 22 m, 0 s       10.32 M                                    [0m
930 (1.16%)         61.607 ms            1 h, 21 m, 11 s      10.42 M                                    [0m
940 (1.18%)         61.739 ms            1 h, 21 m, 21 s      10.39 M                                    [0m
950 (1.19%)         62.505 ms            1 h, 22 m, 21 s      10.27 M                                    [0m
960 (1.20%)         61.841 ms            1 h, 21 m, 27 s      10.39 M                                    [0m
970 (1.21%)         60.951 ms            1 h, 20 m, 16 s      10.53 M                                    [0m
980 (1.23%)         60.857 ms            1 h, 20 m, 8 s       10.54 M                                    [0m
990 (1.24%)         61.073 ms            1 h, 20 m, 25 s      10.50 M                                    [0m
1000 (1.25%)        61.590 ms            1 h, 21 m, 5 s       10.50 M              4.27 M                [0m
Image after composite:  torch.Size([128, 160, 141])
Image after composite:  torch.Size([128, 160, 141])
Image after composite:  torch.Size([128, 160, 141])
Image after composite:  torch.Size([128, 160, 141])
Image after composite:  torch.Size([128, 160, 141])
Image after composite:  torch.Size([128, 160, 141])
Image after composite:  torch.Size([128, 160, 141])
Image after composite:  torch.Size([128, 160, 141])
Image after composite:  torch.Size([128, 160, 141])
Image after composite:  torch.Size([128, 160, 141])
[12A[1KStep (% Done)       Train Iter (time)    ETA (time)           Train Rays / Sec     Test Rays / Sec       [0m
-------------------------------------------------------------------------------------------------------- [0m
920 (1.15%)         62.219 ms            1 h, 22 m, 0 s       10.32 M                                    [0m
930 (1.16%)         61.607 ms            1 h, 21 m, 11 s      10.42 M                                    [0m
940 (1.18%)         61.739 ms            1 h, 21 m, 21 s      10.39 M                                    [0m
950 (1.19%)         62.505 ms            1 h, 22 m, 21 s      10.27 M                                    [0m
960 (1.20%)         61.841 ms            1 h, 21 m, 27 s      10.39 M                                    [0m
970 (1.21%)         60.951 ms            1 h, 20 m, 16 s      10.53 M                                    [0m
980 (1.23%)         60.857 ms            1 h, 20 m, 8 s       10.54 M                                    [0m
990 (1.24%)         61.073 ms            1 h, 20 m, 25 s      10.50 M                                    [0m
1000 (1.25%)        61.590 ms            1 h, 21 m, 5 s       10.50 M              4.27 M                [0m
1010 (1.26%)        62.902 ms            1 h, 22 m, 48 s      10.28 M                                    [0m
Image after composite:  torch.Size([128, 160, 141])
Image after composite:  torch.Size([128, 160, 141])
Image after composite:  torch.Size([128, 160, 141])
Image after composite:  torch.Size([128, 160, 141])
Image after composite:  torch.Size([128, 160, 141])
Image after composite:  torch.Size([128, 160, 141])
Image after composite:  torch.Size([128, 160, 141])
Image after composite:  torch.Size([128, 160, 141])
Image after composite:  torch.Size([128, 160, 141])
Image after composite:  torch.Size([128, 160, 141])
[12A[1KStep (% Done)       Train Iter (time)    ETA (time)           Train Rays / Sec     Test Rays / Sec       [0m
-------------------------------------------------------------------------------------------------------- [0m
930 (1.16%)         61.607 ms            1 h, 21 m, 11 s      10.42 M                                    [0m
940 (1.18%)         61.739 ms            1 h, 21 m, 21 s      10.39 M                                    [0m
950 (1.19%)         62.505 ms            1 h, 22 m, 21 s      10.27 M                                    [0m
960 (1.20%)         61.841 ms            1 h, 21 m, 27 s      10.39 M                                    [0m
970 (1.21%)         60.951 ms            1 h, 20 m, 16 s      10.53 M                                    [0m
980 (1.23%)         60.857 ms            1 h, 20 m, 8 s       10.54 M                                    [0m
990 (1.24%)         61.073 ms            1 h, 20 m, 25 s      10.50 M                                    [0m
1000 (1.25%)        61.590 ms            1 h, 21 m, 5 s       10.50 M              4.27 M                [0m
1010 (1.26%)        62.902 ms            1 h, 22 m, 48 s      10.28 M                                    [0m
1020 (1.27%)        63.213 ms            1 h, 23 m, 12 s      10.14 M                                    [0m
Image after composite:  torch.Size([128, 160, 141])
Image after composite:  torch.Size([128, 160, 141])
Image after composite:  torch.Size([128, 160, 141])
Image after composite:  torch.Size([128, 160, 141])
Image after composite:  torch.Size([128, 160, 141])
Image after composite:  torch.Size([128, 160, 141])
Image after composite:  torch.Size([128, 160, 141])
Image after composite:  torch.Size([128, 160, 141])
Image after composite:  torch.Size([128, 160, 141])
Image after composite:  torch.Size([128, 160, 141])
[12A[1KStep (% Done)       Train Iter (time)    ETA (time)           Train Rays / Sec     Test Rays / Sec       [0m
-------------------------------------------------------------------------------------------------------- [0m
940 (1.18%)         61.739 ms            1 h, 21 m, 21 s      10.39 M                                    [0m
950 (1.19%)         62.505 ms            1 h, 22 m, 21 s      10.27 M                                    [0m
960 (1.20%)         61.841 ms            1 h, 21 m, 27 s      10.39 M                                    [0m
970 (1.21%)         60.951 ms            1 h, 20 m, 16 s      10.53 M                                    [0m
980 (1.23%)         60.857 ms            1 h, 20 m, 8 s       10.54 M                                    [0m
990 (1.24%)         61.073 ms            1 h, 20 m, 25 s      10.50 M                                    [0m
1000 (1.25%)        61.590 ms            1 h, 21 m, 5 s       10.50 M              4.27 M                [0m
1010 (1.26%)        62.902 ms            1 h, 22 m, 48 s      10.28 M                                    [0m
1020 (1.27%)        63.213 ms            1 h, 23 m, 12 s      10.14 M                                    [0m
1030 (1.29%)        62.781 ms            1 h, 22 m, 37 s      10.21 M                                    [0m
Image after composite:  torch.Size([128, 160, 141])
Image after composite:  torch.Size([128, 160, 141])
Image after composite:  torch.Size([128, 160, 141])
Image after composite:  torch.Size([128, 160, 141])
Image after composite:  torch.Size([128, 160, 141])
Image after composite:  torch.Size([128, 160, 141])
Image after composite:  torch.Size([128, 160, 141])
Image after composite:  torch.Size([128, 160, 141])
Image after composite:  torch.Size([128, 160, 141])
Image after composite:  torch.Size([128, 160, 141])
[12A[1KStep (% Done)       Train Iter (time)    ETA (time)           Train Rays / Sec     Test Rays / Sec       [0m
-------------------------------------------------------------------------------------------------------- [0m
950 (1.19%)         62.505 ms            1 h, 22 m, 21 s      10.27 M                                    [0m
960 (1.20%)         61.841 ms            1 h, 21 m, 27 s      10.39 M                                    [0m
970 (1.21%)         60.951 ms            1 h, 20 m, 16 s      10.53 M                                    [0m
980 (1.23%)         60.857 ms            1 h, 20 m, 8 s       10.54 M                                    [0m
990 (1.24%)         61.073 ms            1 h, 20 m, 25 s      10.50 M                                    [0m
1000 (1.25%)        61.590 ms            1 h, 21 m, 5 s       10.50 M              4.27 M                [0m
1010 (1.26%)        62.902 ms            1 h, 22 m, 48 s      10.28 M                                    [0m
1020 (1.27%)        63.213 ms            1 h, 23 m, 12 s      10.14 M                                    [0m
1030 (1.29%)        62.781 ms            1 h, 22 m, 37 s      10.21 M                                    [0m
1040 (1.30%)        62.947 ms            1 h, 22 m, 50 s      10.18 M                                    [0m
Image after composite:  torch.Size([128, 160, 141])
Image after composite:  torch.Size([128, 160, 141])
Image after composite:  torch.Size([128, 160, 141])
Image after composite:  torch.Size([128, 160, 141])
Image after composite:  torch.Size([128, 160, 141])
Image after composite:  torch.Size([128, 160, 141])
Image after composite:  torch.Size([128, 160, 141])
Image after composite:  torch.Size([128, 160, 141])
Image after composite:  torch.Size([128, 160, 141])
Image after composite:  torch.Size([128, 160, 141])
[12A[1KStep (% Done)       Train Iter (time)    ETA (time)           Train Rays / Sec     Test Rays / Sec       [0m
-------------------------------------------------------------------------------------------------------- [0m
960 (1.20%)         61.841 ms            1 h, 21 m, 27 s      10.39 M                                    [0m
970 (1.21%)         60.951 ms            1 h, 20 m, 16 s      10.53 M                                    [0m
980 (1.23%)         60.857 ms            1 h, 20 m, 8 s       10.54 M                                    [0m
990 (1.24%)         61.073 ms            1 h, 20 m, 25 s      10.50 M                                    [0m
1000 (1.25%)        61.590 ms            1 h, 21 m, 5 s       10.50 M              4.27 M                [0m
1010 (1.26%)        62.902 ms            1 h, 22 m, 48 s      10.28 M                                    [0m
1020 (1.27%)        63.213 ms            1 h, 23 m, 12 s      10.14 M                                    [0m
1030 (1.29%)        62.781 ms            1 h, 22 m, 37 s      10.21 M                                    [0m
1040 (1.30%)        62.947 ms            1 h, 22 m, 50 s      10.18 M                                    [0m
1050 (1.31%)        63.786 ms            1 h, 23 m, 55 s      10.04 M                                    [0m
Image after composite:  torch.Size([128, 160, 141])
Image after composite:  torch.Size([128, 160, 141])
Image after composite:  torch.Size([128, 160, 141])
Image after composite:  torch.Size([128, 160, 141])
Image after composite:  torch.Size([128, 160, 141])
Image after composite:  torch.Size([128, 160, 141])
Image after composite:  torch.Size([128, 160, 141])
Image after composite:  torch.Size([128, 160, 141])
Image after composite:  torch.Size([128, 160, 141])
Image after composite:  torch.Size([128, 160, 141])
[12A[1KStep (% Done)       Train Iter (time)    ETA (time)           Train Rays / Sec     Test Rays / Sec       [0m
-------------------------------------------------------------------------------------------------------- [0m
970 (1.21%)         60.951 ms            1 h, 20 m, 16 s      10.53 M                                    [0m
980 (1.23%)         60.857 ms            1 h, 20 m, 8 s       10.54 M                                    [0m
990 (1.24%)         61.073 ms            1 h, 20 m, 25 s      10.50 M                                    [0m
1000 (1.25%)        61.590 ms            1 h, 21 m, 5 s       10.50 M              4.27 M                [0m
1010 (1.26%)        62.902 ms            1 h, 22 m, 48 s      10.28 M                                    [0m
1020 (1.27%)        63.213 ms            1 h, 23 m, 12 s      10.14 M                                    [0m
1030 (1.29%)        62.781 ms            1 h, 22 m, 37 s      10.21 M                                    [0m
1040 (1.30%)        62.947 ms            1 h, 22 m, 50 s      10.18 M                                    [0m
1050 (1.31%)        63.786 ms            1 h, 23 m, 55 s      10.04 M                                    [0m
1060 (1.32%)        63.648 ms            1 h, 23 m, 44 s      10.06 M                                    [0m
Image after composite:  torch.Size([128, 160, 141])
Image after composite:  torch.Size([128, 160, 141])
Image after composite:  torch.Size([128, 160, 141])
Image after composite:  torch.Size([128, 160, 141])
Image after composite:  torch.Size([128, 160, 141])
Image after composite:  torch.Size([128, 160, 141])
Image after composite:  torch.Size([128, 160, 141])
Image after composite:  torch.Size([128, 160, 141])
Image after composite:  torch.Size([128, 160, 141])
Image after composite:  torch.Size([128, 160, 141])
[12A[1KStep (% Done)       Train Iter (time)    ETA (time)           Train Rays / Sec     Test Rays / Sec       [0m
-------------------------------------------------------------------------------------------------------- [0m
980 (1.23%)         60.857 ms            1 h, 20 m, 8 s       10.54 M                                    [0m
990 (1.24%)         61.073 ms            1 h, 20 m, 25 s      10.50 M                                    [0m
1000 (1.25%)        61.590 ms            1 h, 21 m, 5 s       10.50 M              4.27 M                [0m
1010 (1.26%)        62.902 ms            1 h, 22 m, 48 s      10.28 M                                    [0m
1020 (1.27%)        63.213 ms            1 h, 23 m, 12 s      10.14 M                                    [0m
1030 (1.29%)        62.781 ms            1 h, 22 m, 37 s      10.21 M                                    [0m
1040 (1.30%)        62.947 ms            1 h, 22 m, 50 s      10.18 M                                    [0m
1050 (1.31%)        63.786 ms            1 h, 23 m, 55 s      10.04 M                                    [0m
1060 (1.32%)        63.648 ms            1 h, 23 m, 44 s      10.06 M                                    [0m
1070 (1.34%)        62.466 ms            1 h, 22 m, 10 s      10.26 M                                    [0m
Image after composite:  torch.Size([128, 160, 141])
Image after composite:  torch.Size([128, 160, 141])
Image after composite:  torch.Size([128, 160, 141])
Image after composite:  torch.Size([128, 160, 141])
Image after composite:  torch.Size([128, 160, 141])
Image after composite:  torch.Size([128, 160, 141])
Image after composite:  torch.Size([128, 160, 141])
Image after composite:  torch.Size([128, 160, 141])
Image after composite:  torch.Size([128, 160, 141])
Image after composite:  torch.Size([128, 160, 141])
[12A[1KStep (% Done)       Train Iter (time)    ETA (time)           Train Rays / Sec     Test Rays / Sec       [0m
-------------------------------------------------------------------------------------------------------- [0m
990 (1.24%)         61.073 ms            1 h, 20 m, 25 s      10.50 M                                    [0m
1000 (1.25%)        61.590 ms            1 h, 21 m, 5 s       10.50 M              4.27 M                [0m
1010 (1.26%)        62.902 ms            1 h, 22 m, 48 s      10.28 M                                    [0m
1020 (1.27%)        63.213 ms            1 h, 23 m, 12 s      10.14 M                                    [0m
1030 (1.29%)        62.781 ms            1 h, 22 m, 37 s      10.21 M                                    [0m
1040 (1.30%)        62.947 ms            1 h, 22 m, 50 s      10.18 M                                    [0m
1050 (1.31%)        63.786 ms            1 h, 23 m, 55 s      10.04 M                                    [0m
1060 (1.32%)        63.648 ms            1 h, 23 m, 44 s      10.06 M                                    [0m
1070 (1.34%)        62.466 ms            1 h, 22 m, 10 s      10.26 M                                    [0m
1080 (1.35%)        61.652 ms            1 h, 21 m, 5 s       10.39 M                                    [0m
Image after composite:  torch.Size([128, 160, 141])
Image after composite:  torch.Size([128, 160, 141])
Image after composite:  torch.Size([128, 160, 141])
Image after composite:  torch.Size([128, 160, 141])
Image after composite:  torch.Size([128, 160, 141])
Image after composite:  torch.Size([128, 160, 141])
Image after composite:  torch.Size([128, 160, 141])
Image after composite:  torch.Size([128, 160, 141])
Image after composite:  torch.Size([128, 160, 141])
Image after composite:  torch.Size([128, 160, 141])
[12A[1KStep (% Done)       Train Iter (time)    ETA (time)           Train Rays / Sec     Test Rays / Sec       [0m
-------------------------------------------------------------------------------------------------------- [0m
1000 (1.25%)        61.590 ms            1 h, 21 m, 5 s       10.50 M              4.27 M                [0m
1010 (1.26%)        62.902 ms            1 h, 22 m, 48 s      10.28 M                                    [0m
1020 (1.27%)        63.213 ms            1 h, 23 m, 12 s      10.14 M                                    [0m
1030 (1.29%)        62.781 ms            1 h, 22 m, 37 s      10.21 M                                    [0m
1040 (1.30%)        62.947 ms            1 h, 22 m, 50 s      10.18 M                                    [0m
1050 (1.31%)        63.786 ms            1 h, 23 m, 55 s      10.04 M                                    [0m
1060 (1.32%)        63.648 ms            1 h, 23 m, 44 s      10.06 M                                    [0m
1070 (1.34%)        62.466 ms            1 h, 22 m, 10 s      10.26 M                                    [0m
1080 (1.35%)        61.652 ms            1 h, 21 m, 5 s       10.39 M                                    [0m
1090 (1.36%)        61.767 ms            1 h, 21 m, 14 s      10.37 M                                    [0m
Image after composite:  torch.Size([128, 160, 141])
Image after composite:  torch.Size([128, 160, 141])
Image after composite:  torch.Size([128, 160, 141])
Image after composite:  torch.Size([128, 160, 141])
Image after composite:  torch.Size([128, 160, 141])
Image after composite:  torch.Size([128, 160, 141])
Image after composite:  torch.Size([128, 160, 141])
Image after composite:  torch.Size([128, 160, 141])
Image after composite:  torch.Size([128, 160, 141])
Image after composite:  torch.Size([128, 160, 141])
[2;36m[16:12:40][0m[2;36m [0mSplitting [1;36m0.0029273853008989405[0m gaussians: [1;36m113[0m/[1;36m38601[0m                          ]8;id=309571;file:///coc/flash5/skumar704/hyperspectral_3d/nerfstudio/nerfstudio/models/hyperspectral_splatfacto.py\[2mhyperspectral_splatfacto.py[0m]8;;\[2m:[0m]8;id=23005;file:///coc/flash5/skumar704/hyperspectral_3d/nerfstudio/nerfstudio/models/hyperspectral_splatfacto.py#602\[2m602[0m]8;;\
[2;36m          [0m[2;36m [0mDuplicating [1;36m0.0[0m gaussians: [1;36m0[0m/[1;36m38601[0m                                            ]8;id=8491;file:///coc/flash5/skumar704/hyperspectral_3d/nerfstudio/nerfstudio/models/hyperspectral_splatfacto.py\[2mhyperspectral_splatfacto.py[0m]8;;\[2m:[0m]8;id=593419;file:///coc/flash5/skumar704/hyperspectral_3d/nerfstudio/nerfstudio/models/hyperspectral_splatfacto.py#640\[2m640[0m]8;;\
[2;36m          [0m[2;36m [0mCulled [1;36m591[0m gaussians [1m([0m[1;36m478[0m below alpha thresh, [1;36m0[0m too bigs, [1;36m38236[0m remaining[1m)[0m    ]8;id=51426;file:///coc/flash5/skumar704/hyperspectral_3d/nerfstudio/nerfstudio/models/hyperspectral_splatfacto.py\[2mhyperspectral_splatfacto.py[0m]8;;\[2m:[0m]8;id=954851;file:///coc/flash5/skumar704/hyperspectral_3d/nerfstudio/nerfstudio/models/hyperspectral_splatfacto.py#590\[2m590[0m]8;;\
[12A[1KStep (% Done)       Train Iter (time)    ETA (time)           Train Rays / Sec     Test Rays / Sec       [0m
-------------------------------------------------------------------------------------------------------- [0m
1010 (1.26%)        62.902 ms            1 h, 22 m, 48 s      10.28 M                                    [0m
1020 (1.27%)        63.213 ms            1 h, 23 m, 12 s      10.14 M                                    [0m
1030 (1.29%)        62.781 ms            1 h, 22 m, 37 s      10.21 M                                    [0m
1040 (1.30%)        62.947 ms            1 h, 22 m, 50 s      10.18 M                                    [0m
1050 (1.31%)        63.786 ms            1 h, 23 m, 55 s      10.04 M                                    [0m
1060 (1.32%)        63.648 ms            1 h, 23 m, 44 s      10.06 M                                    [0m
1070 (1.34%)        62.466 ms            1 h, 22 m, 10 s      10.26 M                                    [0m
1080 (1.35%)        61.652 ms            1 h, 21 m, 5 s       10.39 M                                    [0m
1090 (1.36%)        61.767 ms            1 h, 21 m, 14 s      10.37 M                                    [0m
1100 (1.38%)        64.295 ms            1 h, 24 m, 32 s      10.07 M              4.25 M                [0m
Image after composite:  torch.Size([128, 160, 141])
Image after composite:  torch.Size([128, 160, 141])
Image after composite:  torch.Size([128, 160, 141])
Image after composite:  torch.Size([128, 160, 141])
Image after composite:  torch.Size([128, 160, 141])
Image after composite:  torch.Size([128, 160, 141])
Image after composite:  torch.Size([128, 160, 141])
Image after composite:  torch.Size([128, 160, 141])
Image after composite:  torch.Size([128, 160, 141])
Image after composite:  torch.Size([128, 160, 141])
[12A[1KStep (% Done)       Train Iter (time)    ETA (time)           Train Rays / Sec     Test Rays / Sec       [0m
-------------------------------------------------------------------------------------------------------- [0m
1020 (1.27%)        63.213 ms            1 h, 23 m, 12 s      10.14 M                                    [0m
1030 (1.29%)        62.781 ms            1 h, 22 m, 37 s      10.21 M                                    [0m
1040 (1.30%)        62.947 ms            1 h, 22 m, 50 s      10.18 M                                    [0m
1050 (1.31%)        63.786 ms            1 h, 23 m, 55 s      10.04 M                                    [0m
1060 (1.32%)        63.648 ms            1 h, 23 m, 44 s      10.06 M                                    [0m
1070 (1.34%)        62.466 ms            1 h, 22 m, 10 s      10.26 M                                    [0m
1080 (1.35%)        61.652 ms            1 h, 21 m, 5 s       10.39 M                                    [0m
1090 (1.36%)        61.767 ms            1 h, 21 m, 14 s      10.37 M                                    [0m
1100 (1.38%)        64.295 ms            1 h, 24 m, 32 s      10.07 M              4.25 M                [0m
1110 (1.39%)        64.062 ms            1 h, 24 m, 13 s      10.11 M                                    [0m
Image after composite:  torch.Size([128, 160, 141])
Image after composite:  torch.Size([128, 160, 141])
Image after composite:  torch.Size([128, 160, 141])
Image after composite:  torch.Size([128, 160, 141])
Image after composite:  torch.Size([128, 160, 141])
Image after composite:  torch.Size([128, 160, 141])
Image after composite:  torch.Size([128, 160, 141])
Image after composite:  torch.Size([128, 160, 141])
Image after composite:  torch.Size([128, 160, 141])
Image after composite:  torch.Size([128, 160, 141])
[12A[1KStep (% Done)       Train Iter (time)    ETA (time)           Train Rays / Sec     Test Rays / Sec       [0m
-------------------------------------------------------------------------------------------------------- [0m
1030 (1.29%)        62.781 ms            1 h, 22 m, 37 s      10.21 M                                    [0m
1040 (1.30%)        62.947 ms            1 h, 22 m, 50 s      10.18 M                                    [0m
1050 (1.31%)        63.786 ms            1 h, 23 m, 55 s      10.04 M                                    [0m
1060 (1.32%)        63.648 ms            1 h, 23 m, 44 s      10.06 M                                    [0m
1070 (1.34%)        62.466 ms            1 h, 22 m, 10 s      10.26 M                                    [0m
1080 (1.35%)        61.652 ms            1 h, 21 m, 5 s       10.39 M                                    [0m
1090 (1.36%)        61.767 ms            1 h, 21 m, 14 s      10.37 M                                    [0m
1100 (1.38%)        64.295 ms            1 h, 24 m, 32 s      10.07 M              4.25 M                [0m
1110 (1.39%)        64.062 ms            1 h, 24 m, 13 s      10.11 M                                    [0m
1120 (1.40%)        61.127 ms            1 h, 20 m, 21 s      10.48 M                                    [0m
Image after composite:  torch.Size([128, 160, 141])
Image after composite:  torch.Size([128, 160, 141])
Image after composite:  torch.Size([128, 160, 141])
Image after composite:  torch.Size([128, 160, 141])
Image after composite:  torch.Size([128, 160, 141])
Image after composite:  torch.Size([128, 160, 141])
Image after composite:  torch.Size([128, 160, 141])
Image after composite:  torch.Size([128, 160, 141])
Image after composite:  torch.Size([128, 160, 141])
Image after composite:  torch.Size([128, 160, 141])
[12A[1KStep (% Done)       Train Iter (time)    ETA (time)           Train Rays / Sec     Test Rays / Sec       [0m
-------------------------------------------------------------------------------------------------------- [0m
1040 (1.30%)        62.947 ms            1 h, 22 m, 50 s      10.18 M                                    [0m
1050 (1.31%)        63.786 ms            1 h, 23 m, 55 s      10.04 M                                    [0m
1060 (1.32%)        63.648 ms            1 h, 23 m, 44 s      10.06 M                                    [0m
1070 (1.34%)        62.466 ms            1 h, 22 m, 10 s      10.26 M                                    [0m
1080 (1.35%)        61.652 ms            1 h, 21 m, 5 s       10.39 M                                    [0m
1090 (1.36%)        61.767 ms            1 h, 21 m, 14 s      10.37 M                                    [0m
1100 (1.38%)        64.295 ms            1 h, 24 m, 32 s      10.07 M              4.25 M                [0m
1110 (1.39%)        64.062 ms            1 h, 24 m, 13 s      10.11 M                                    [0m
1120 (1.40%)        61.127 ms            1 h, 20 m, 21 s      10.48 M                                    [0m
1130 (1.41%)        61.345 ms            1 h, 20 m, 38 s      10.45 M                                    [0m
Image after composite:  torch.Size([128, 160, 141])
Image after composite:  torch.Size([128, 160, 141])
Image after composite:  torch.Size([128, 160, 141])
Image after composite:  torch.Size([128, 160, 141])
Image after composite:  torch.Size([128, 160, 141])
Image after composite:  torch.Size([128, 160, 141])
Image after composite:  torch.Size([128, 160, 141])
Image after composite:  torch.Size([128, 160, 141])
Image after composite:  torch.Size([128, 160, 141])
Image after composite:  torch.Size([128, 160, 141])
[12A[1KStep (% Done)       Train Iter (time)    ETA (time)           Train Rays / Sec     Test Rays / Sec       [0m
-------------------------------------------------------------------------------------------------------- [0m
1050 (1.31%)        63.786 ms            1 h, 23 m, 55 s      10.04 M                                    [0m
1060 (1.32%)        63.648 ms            1 h, 23 m, 44 s      10.06 M                                    [0m
1070 (1.34%)        62.466 ms            1 h, 22 m, 10 s      10.26 M                                    [0m
1080 (1.35%)        61.652 ms            1 h, 21 m, 5 s       10.39 M                                    [0m
1090 (1.36%)        61.767 ms            1 h, 21 m, 14 s      10.37 M                                    [0m
1100 (1.38%)        64.295 ms            1 h, 24 m, 32 s      10.07 M              4.25 M                [0m
1110 (1.39%)        64.062 ms            1 h, 24 m, 13 s      10.11 M                                    [0m
1120 (1.40%)        61.127 ms            1 h, 20 m, 21 s      10.48 M                                    [0m
1130 (1.41%)        61.345 ms            1 h, 20 m, 38 s      10.45 M                                    [0m
1140 (1.43%)        62.073 ms            1 h, 21 m, 35 s      10.32 M                                    [0m
Image after composite:  torch.Size([128, 160, 141])
Image after composite:  torch.Size([128, 160, 141])
Image after composite:  torch.Size([128, 160, 141])
Image after composite:  torch.Size([128, 160, 141])
Image after composite:  torch.Size([128, 160, 141])
Image after composite:  torch.Size([128, 160, 141])
Image after composite:  torch.Size([128, 160, 141])
Image after composite:  torch.Size([128, 160, 141])
Image after composite:  torch.Size([128, 160, 141])
Image after composite:  torch.Size([128, 160, 141])
[12A[1KStep (% Done)       Train Iter (time)    ETA (time)           Train Rays / Sec     Test Rays / Sec       [0m
-------------------------------------------------------------------------------------------------------- [0m
1060 (1.32%)        63.648 ms            1 h, 23 m, 44 s      10.06 M                                    [0m
1070 (1.34%)        62.466 ms            1 h, 22 m, 10 s      10.26 M                                    [0m
1080 (1.35%)        61.652 ms            1 h, 21 m, 5 s       10.39 M                                    [0m
1090 (1.36%)        61.767 ms            1 h, 21 m, 14 s      10.37 M                                    [0m
1100 (1.38%)        64.295 ms            1 h, 24 m, 32 s      10.07 M              4.25 M                [0m
1110 (1.39%)        64.062 ms            1 h, 24 m, 13 s      10.11 M                                    [0m
1120 (1.40%)        61.127 ms            1 h, 20 m, 21 s      10.48 M                                    [0m
1130 (1.41%)        61.345 ms            1 h, 20 m, 38 s      10.45 M                                    [0m
1140 (1.43%)        62.073 ms            1 h, 21 m, 35 s      10.32 M                                    [0m
1150 (1.44%)        62.211 ms            1 h, 21 m, 45 s      10.31 M                                    [0m
Image after composite:  torch.Size([128, 160, 141])
Image after composite:  torch.Size([128, 160, 141])
Image after composite:  torch.Size([128, 160, 141])
Image after composite:  torch.Size([128, 160, 141])
Image after composite:  torch.Size([128, 160, 141])
Image after composite:  torch.Size([128, 160, 141])
Image after composite:  torch.Size([128, 160, 141])
Image after composite:  torch.Size([128, 160, 141])
Image after composite:  torch.Size([128, 160, 141])
Image after composite:  torch.Size([128, 160, 141])
[12A[1KStep (% Done)       Train Iter (time)    ETA (time)           Train Rays / Sec     Test Rays / Sec       [0m
-------------------------------------------------------------------------------------------------------- [0m
1070 (1.34%)        62.466 ms            1 h, 22 m, 10 s      10.26 M                                    [0m
1080 (1.35%)        61.652 ms            1 h, 21 m, 5 s       10.39 M                                    [0m
1090 (1.36%)        61.767 ms            1 h, 21 m, 14 s      10.37 M                                    [0m
1100 (1.38%)        64.295 ms            1 h, 24 m, 32 s      10.07 M              4.25 M                [0m
1110 (1.39%)        64.062 ms            1 h, 24 m, 13 s      10.11 M                                    [0m
1120 (1.40%)        61.127 ms            1 h, 20 m, 21 s      10.48 M                                    [0m
1130 (1.41%)        61.345 ms            1 h, 20 m, 38 s      10.45 M                                    [0m
1140 (1.43%)        62.073 ms            1 h, 21 m, 35 s      10.32 M                                    [0m
1150 (1.44%)        62.211 ms            1 h, 21 m, 45 s      10.31 M                                    [0m
1160 (1.45%)        61.502 ms            1 h, 20 m, 48 s      10.42 M                                    [0m
Image after composite:  torch.Size([128, 160, 141])
Image after composite:  torch.Size([128, 160, 141])
Image after composite:  torch.Size([128, 160, 141])
Image after composite:  torch.Size([128, 160, 141])
Image after composite:  torch.Size([128, 160, 141])
Image after composite:  torch.Size([128, 160, 141])
Image after composite:  torch.Size([128, 160, 141])
Image after composite:  torch.Size([128, 160, 141])
Image after composite:  torch.Size([128, 160, 141])
Image after composite:  torch.Size([128, 160, 141])
[12A[1KStep (% Done)       Train Iter (time)    ETA (time)           Train Rays / Sec     Test Rays / Sec       [0m
-------------------------------------------------------------------------------------------------------- [0m
1080 (1.35%)        61.652 ms            1 h, 21 m, 5 s       10.39 M                                    [0m
1090 (1.36%)        61.767 ms            1 h, 21 m, 14 s      10.37 M                                    [0m
1100 (1.38%)        64.295 ms            1 h, 24 m, 32 s      10.07 M              4.25 M                [0m
1110 (1.39%)        64.062 ms            1 h, 24 m, 13 s      10.11 M                                    [0m
1120 (1.40%)        61.127 ms            1 h, 20 m, 21 s      10.48 M                                    [0m
1130 (1.41%)        61.345 ms            1 h, 20 m, 38 s      10.45 M                                    [0m
1140 (1.43%)        62.073 ms            1 h, 21 m, 35 s      10.32 M                                    [0m
1150 (1.44%)        62.211 ms            1 h, 21 m, 45 s      10.31 M                                    [0m
1160 (1.45%)        61.502 ms            1 h, 20 m, 48 s      10.42 M                                    [0m
1170 (1.46%)        60.944 ms            1 h, 20 m, 4 s       10.51 M                                    [0m
Image after composite:  torch.Size([128, 160, 141])
Image after composite:  torch.Size([128, 160, 141])
Image after composite:  torch.Size([128, 160, 141])
Image after composite:  torch.Size([128, 160, 141])
Image after composite:  torch.Size([128, 160, 141])
Image after composite:  torch.Size([128, 160, 141])
Image after composite:  torch.Size([128, 160, 141])
Image after composite:  torch.Size([128, 160, 141])
Image after composite:  torch.Size([128, 160, 141])
Image after composite:  torch.Size([128, 160, 141])
[12A[1KStep (% Done)       Train Iter (time)    ETA (time)           Train Rays / Sec     Test Rays / Sec       [0m
-------------------------------------------------------------------------------------------------------- [0m
1090 (1.36%)        61.767 ms            1 h, 21 m, 14 s      10.37 M                                    [0m
1100 (1.38%)        64.295 ms            1 h, 24 m, 32 s      10.07 M              4.25 M                [0m
1110 (1.39%)        64.062 ms            1 h, 24 m, 13 s      10.11 M                                    [0m
1120 (1.40%)        61.127 ms            1 h, 20 m, 21 s      10.48 M                                    [0m
1130 (1.41%)        61.345 ms            1 h, 20 m, 38 s      10.45 M                                    [0m
1140 (1.43%)        62.073 ms            1 h, 21 m, 35 s      10.32 M                                    [0m
1150 (1.44%)        62.211 ms            1 h, 21 m, 45 s      10.31 M                                    [0m
1160 (1.45%)        61.502 ms            1 h, 20 m, 48 s      10.42 M                                    [0m
1170 (1.46%)        60.944 ms            1 h, 20 m, 4 s       10.51 M                                    [0m
1180 (1.47%)        61.026 ms            1 h, 20 m, 10 s      10.50 M                                    [0m
Image after composite:  torch.Size([128, 160, 141])
Image after composite:  torch.Size([128, 160, 141])
Image after composite:  torch.Size([128, 160, 141])
Image after composite:  torch.Size([128, 160, 141])
Image after composite:  torch.Size([128, 160, 141])
Image after composite:  torch.Size([128, 160, 141])
Image after composite:  torch.Size([128, 160, 141])
Image after composite:  torch.Size([128, 160, 141])
Image after composite:  torch.Size([128, 160, 141])
Image after composite:  torch.Size([128, 160, 141])
[12A[1KStep (% Done)       Train Iter (time)    ETA (time)           Train Rays / Sec     Test Rays / Sec       [0m
-------------------------------------------------------------------------------------------------------- [0m
1100 (1.38%)        64.295 ms            1 h, 24 m, 32 s      10.07 M              4.25 M                [0m
1110 (1.39%)        64.062 ms            1 h, 24 m, 13 s      10.11 M                                    [0m
1120 (1.40%)        61.127 ms            1 h, 20 m, 21 s      10.48 M                                    [0m
1130 (1.41%)        61.345 ms            1 h, 20 m, 38 s      10.45 M                                    [0m
1140 (1.43%)        62.073 ms            1 h, 21 m, 35 s      10.32 M                                    [0m
1150 (1.44%)        62.211 ms            1 h, 21 m, 45 s      10.31 M                                    [0m
1160 (1.45%)        61.502 ms            1 h, 20 m, 48 s      10.42 M                                    [0m
1170 (1.46%)        60.944 ms            1 h, 20 m, 4 s       10.51 M                                    [0m
1180 (1.47%)        61.026 ms            1 h, 20 m, 10 s      10.50 M                                    [0m
1190 (1.49%)        61.902 ms            1 h, 21 m, 18 s      10.36 M                                    [0m
Image after composite:  torch.Size([128, 160, 141])
Image after composite:  torch.Size([128, 160, 141])
Image after composite:  torch.Size([128, 160, 141])
Image after composite:  torch.Size([128, 160, 141])
Image after composite:  torch.Size([128, 160, 141])
Image after composite:  torch.Size([128, 160, 141])
Image after composite:  torch.Size([128, 160, 141])
Image after composite:  torch.Size([128, 160, 141])
Image after composite:  torch.Size([128, 160, 141])
Image after composite:  torch.Size([128, 160, 141])
[2;36m[16:12:47][0m[2;36m [0mSplitting [1;36m0.004969139031279423[0m gaussians: [1;36m190[0m/[1;36m38236[0m                           ]8;id=103831;file:///coc/flash5/skumar704/hyperspectral_3d/nerfstudio/nerfstudio/models/hyperspectral_splatfacto.py\[2mhyperspectral_splatfacto.py[0m]8;;\[2m:[0m]8;id=874190;file:///coc/flash5/skumar704/hyperspectral_3d/nerfstudio/nerfstudio/models/hyperspectral_splatfacto.py#602\[2m602[0m]8;;\
[2;36m          [0m[2;36m [0mDuplicating [1;36m0.0001046134532900931[0m gaussians: [1;36m4[0m/[1;36m38236[0m                          ]8;id=997742;file:///coc/flash5/skumar704/hyperspectral_3d/nerfstudio/nerfstudio/models/hyperspectral_splatfacto.py\[2mhyperspectral_splatfacto.py[0m]8;;\[2m:[0m]8;id=293328;file:///coc/flash5/skumar704/hyperspectral_3d/nerfstudio/nerfstudio/models/hyperspectral_splatfacto.py#640\[2m640[0m]8;;\
[2;36m          [0m[2;36m [0mCulled [1;36m706[0m gaussians [1m([0m[1;36m516[0m below alpha thresh, [1;36m0[0m too bigs, [1;36m37914[0m remaining[1m)[0m    ]8;id=464920;file:///coc/flash5/skumar704/hyperspectral_3d/nerfstudio/nerfstudio/models/hyperspectral_splatfacto.py\[2mhyperspectral_splatfacto.py[0m]8;;\[2m:[0m]8;id=466297;file:///coc/flash5/skumar704/hyperspectral_3d/nerfstudio/nerfstudio/models/hyperspectral_splatfacto.py#590\[2m590[0m]8;;\
[12A[1KStep (% Done)       Train Iter (time)    ETA (time)           Train Rays / Sec     Test Rays / Sec       [0m
-------------------------------------------------------------------------------------------------------- [0m
1110 (1.39%)        64.062 ms            1 h, 24 m, 13 s      10.11 M                                    [0m
1120 (1.40%)        61.127 ms            1 h, 20 m, 21 s      10.48 M                                    [0m
1130 (1.41%)        61.345 ms            1 h, 20 m, 38 s      10.45 M                                    [0m
1140 (1.43%)        62.073 ms            1 h, 21 m, 35 s      10.32 M                                    [0m
1150 (1.44%)        62.211 ms            1 h, 21 m, 45 s      10.31 M                                    [0m
1160 (1.45%)        61.502 ms            1 h, 20 m, 48 s      10.42 M                                    [0m
1170 (1.46%)        60.944 ms            1 h, 20 m, 4 s       10.51 M                                    [0m
1180 (1.47%)        61.026 ms            1 h, 20 m, 10 s      10.50 M                                    [0m
1190 (1.49%)        61.902 ms            1 h, 21 m, 18 s      10.36 M                                    [0m
1200 (1.50%)        62.382 ms            1 h, 21 m, 55 s      10.34 M              4.24 M                [0m
Image after composite:  torch.Size([128, 160, 141])
Image after composite:  torch.Size([128, 160, 141])
Image after composite:  torch.Size([128, 160, 141])
Image after composite:  torch.Size([128, 160, 141])
Image after composite:  torch.Size([128, 160, 141])
Image after composite:  torch.Size([128, 160, 141])
Image after composite:  torch.Size([128, 160, 141])
Image after composite:  torch.Size([128, 160, 141])
Image after composite:  torch.Size([128, 160, 141])
Image after composite:  torch.Size([128, 160, 141])
[12A[1KStep (% Done)       Train Iter (time)    ETA (time)           Train Rays / Sec     Test Rays / Sec       [0m
-------------------------------------------------------------------------------------------------------- [0m
1120 (1.40%)        61.127 ms            1 h, 20 m, 21 s      10.48 M                                    [0m
1130 (1.41%)        61.345 ms            1 h, 20 m, 38 s      10.45 M                                    [0m
1140 (1.43%)        62.073 ms            1 h, 21 m, 35 s      10.32 M                                    [0m
1150 (1.44%)        62.211 ms            1 h, 21 m, 45 s      10.31 M                                    [0m
1160 (1.45%)        61.502 ms            1 h, 20 m, 48 s      10.42 M                                    [0m
1170 (1.46%)        60.944 ms            1 h, 20 m, 4 s       10.51 M                                    [0m
1180 (1.47%)        61.026 ms            1 h, 20 m, 10 s      10.50 M                                    [0m
1190 (1.49%)        61.902 ms            1 h, 21 m, 18 s      10.36 M                                    [0m
1200 (1.50%)        62.382 ms            1 h, 21 m, 55 s      10.34 M              4.24 M                [0m
1210 (1.51%)        61.818 ms            1 h, 21 m, 10 s      10.43 M                                    [0m
Image after composite:  torch.Size([128, 160, 141])
Image after composite:  torch.Size([128, 160, 141])
Image after composite:  torch.Size([128, 160, 141])
Image after composite:  torch.Size([128, 160, 141])
Image after composite:  torch.Size([128, 160, 141])
Image after composite:  torch.Size([128, 160, 141])
Image after composite:  torch.Size([128, 160, 141])
Image after composite:  torch.Size([128, 160, 141])
Image after composite:  torch.Size([128, 160, 141])
Image after composite:  torch.Size([128, 160, 141])
[12A[1KStep (% Done)       Train Iter (time)    ETA (time)           Train Rays / Sec     Test Rays / Sec       [0m
-------------------------------------------------------------------------------------------------------- [0m
1130 (1.41%)        61.345 ms            1 h, 20 m, 38 s      10.45 M                                    [0m
1140 (1.43%)        62.073 ms            1 h, 21 m, 35 s      10.32 M                                    [0m
1150 (1.44%)        62.211 ms            1 h, 21 m, 45 s      10.31 M                                    [0m
1160 (1.45%)        61.502 ms            1 h, 20 m, 48 s      10.42 M                                    [0m
1170 (1.46%)        60.944 ms            1 h, 20 m, 4 s       10.51 M                                    [0m
1180 (1.47%)        61.026 ms            1 h, 20 m, 10 s      10.50 M                                    [0m
1190 (1.49%)        61.902 ms            1 h, 21 m, 18 s      10.36 M                                    [0m
1200 (1.50%)        62.382 ms            1 h, 21 m, 55 s      10.34 M              4.24 M                [0m
1210 (1.51%)        61.818 ms            1 h, 21 m, 10 s      10.43 M                                    [0m
1220 (1.52%)        62.177 ms            1 h, 21 m, 38 s      10.30 M                                    [0m
Image after composite:  torch.Size([128, 160, 141])
Image after composite:  torch.Size([128, 160, 141])
Image after composite:  torch.Size([128, 160, 141])
Image after composite:  torch.Size([128, 160, 141])
Image after composite:  torch.Size([128, 160, 141])
Image after composite:  torch.Size([128, 160, 141])
Image after composite:  torch.Size([128, 160, 141])
Image after composite:  torch.Size([128, 160, 141])
Image after composite:  torch.Size([128, 160, 141])
Image after composite:  torch.Size([128, 160, 141])
[12A[1KStep (% Done)       Train Iter (time)    ETA (time)           Train Rays / Sec     Test Rays / Sec       [0m
-------------------------------------------------------------------------------------------------------- [0m
1140 (1.43%)        62.073 ms            1 h, 21 m, 35 s      10.32 M                                    [0m
1150 (1.44%)        62.211 ms            1 h, 21 m, 45 s      10.31 M                                    [0m
1160 (1.45%)        61.502 ms            1 h, 20 m, 48 s      10.42 M                                    [0m
1170 (1.46%)        60.944 ms            1 h, 20 m, 4 s       10.51 M                                    [0m
1180 (1.47%)        61.026 ms            1 h, 20 m, 10 s      10.50 M                                    [0m
1190 (1.49%)        61.902 ms            1 h, 21 m, 18 s      10.36 M                                    [0m
1200 (1.50%)        62.382 ms            1 h, 21 m, 55 s      10.34 M              4.24 M                [0m
1210 (1.51%)        61.818 ms            1 h, 21 m, 10 s      10.43 M                                    [0m
1220 (1.52%)        62.177 ms            1 h, 21 m, 38 s      10.30 M                                    [0m
1230 (1.54%)        62.261 ms            1 h, 21 m, 44 s      10.29 M                                    [0m
Image after composite:  torch.Size([128, 160, 141])
Image after composite:  torch.Size([128, 160, 141])
Image after composite:  torch.Size([128, 160, 141])
Image after composite:  torch.Size([128, 160, 141])
Image after composite:  torch.Size([128, 160, 141])
Image after composite:  torch.Size([128, 160, 141])
Image after composite:  torch.Size([128, 160, 141])
Image after composite:  torch.Size([128, 160, 141])
Image after composite:  torch.Size([128, 160, 141])
Image after composite:  torch.Size([128, 160, 141])
[12A[1KStep (% Done)       Train Iter (time)    ETA (time)           Train Rays / Sec     Test Rays / Sec       [0m
-------------------------------------------------------------------------------------------------------- [0m
1150 (1.44%)        62.211 ms            1 h, 21 m, 45 s      10.31 M                                    [0m
1160 (1.45%)        61.502 ms            1 h, 20 m, 48 s      10.42 M                                    [0m
1170 (1.46%)        60.944 ms            1 h, 20 m, 4 s       10.51 M                                    [0m
1180 (1.47%)        61.026 ms            1 h, 20 m, 10 s      10.50 M                                    [0m
1190 (1.49%)        61.902 ms            1 h, 21 m, 18 s      10.36 M                                    [0m
1200 (1.50%)        62.382 ms            1 h, 21 m, 55 s      10.34 M              4.24 M                [0m
1210 (1.51%)        61.818 ms            1 h, 21 m, 10 s      10.43 M                                    [0m
1220 (1.52%)        62.177 ms            1 h, 21 m, 38 s      10.30 M                                    [0m
1230 (1.54%)        62.261 ms            1 h, 21 m, 44 s      10.29 M                                    [0m
1240 (1.55%)        62.292 ms            1 h, 21 m, 46 s      10.28 M                                    [0m
Image after composite:  torch.Size([128, 160, 141])
Image after composite:  torch.Size([128, 160, 141])
Image after composite:  torch.Size([128, 160, 141])
Image after composite:  torch.Size([128, 160, 141])
Image after composite:  torch.Size([128, 160, 141])
Image after composite:  torch.Size([128, 160, 141])
Image after composite:  torch.Size([128, 160, 141])
Image after composite:  torch.Size([128, 160, 141])
Image after composite:  torch.Size([128, 160, 141])
Image after composite:  torch.Size([128, 160, 141])
[12A[1KStep (% Done)       Train Iter (time)    ETA (time)           Train Rays / Sec     Test Rays / Sec       [0m
-------------------------------------------------------------------------------------------------------- [0m
1160 (1.45%)        61.502 ms            1 h, 20 m, 48 s      10.42 M                                    [0m
1170 (1.46%)        60.944 ms            1 h, 20 m, 4 s       10.51 M                                    [0m
1180 (1.47%)        61.026 ms            1 h, 20 m, 10 s      10.50 M                                    [0m
1190 (1.49%)        61.902 ms            1 h, 21 m, 18 s      10.36 M                                    [0m
1200 (1.50%)        62.382 ms            1 h, 21 m, 55 s      10.34 M              4.24 M                [0m
1210 (1.51%)        61.818 ms            1 h, 21 m, 10 s      10.43 M                                    [0m
1220 (1.52%)        62.177 ms            1 h, 21 m, 38 s      10.30 M                                    [0m
1230 (1.54%)        62.261 ms            1 h, 21 m, 44 s      10.29 M                                    [0m
1240 (1.55%)        62.292 ms            1 h, 21 m, 46 s      10.28 M                                    [0m
1250 (1.56%)        62.215 ms            1 h, 21 m, 39 s      10.29 M                                    [0m
Image after composite:  torch.Size([128, 160, 141])
Image after composite:  torch.Size([128, 160, 141])
Image after composite:  torch.Size([128, 160, 141])
Image after composite:  torch.Size([128, 160, 141])
Image after composite:  torch.Size([128, 160, 141])
Image after composite:  torch.Size([128, 160, 141])
Image after composite:  torch.Size([128, 160, 141])
Image after composite:  torch.Size([128, 160, 141])
Image after composite:  torch.Size([128, 160, 141])
Image after composite:  torch.Size([128, 160, 141])
[12A[1KStep (% Done)       Train Iter (time)    ETA (time)           Train Rays / Sec     Test Rays / Sec       [0m
-------------------------------------------------------------------------------------------------------- [0m
1170 (1.46%)        60.944 ms            1 h, 20 m, 4 s       10.51 M                                    [0m
1180 (1.47%)        61.026 ms            1 h, 20 m, 10 s      10.50 M                                    [0m
1190 (1.49%)        61.902 ms            1 h, 21 m, 18 s      10.36 M                                    [0m
1200 (1.50%)        62.382 ms            1 h, 21 m, 55 s      10.34 M              4.24 M                [0m
1210 (1.51%)        61.818 ms            1 h, 21 m, 10 s      10.43 M                                    [0m
1220 (1.52%)        62.177 ms            1 h, 21 m, 38 s      10.30 M                                    [0m
1230 (1.54%)        62.261 ms            1 h, 21 m, 44 s      10.29 M                                    [0m
1240 (1.55%)        62.292 ms            1 h, 21 m, 46 s      10.28 M                                    [0m
1250 (1.56%)        62.215 ms            1 h, 21 m, 39 s      10.29 M                                    [0m
1260 (1.57%)        61.492 ms            1 h, 20 m, 41 s      10.42 M                                    [0m
Image after composite:  torch.Size([128, 160, 141])
Image after composite:  torch.Size([128, 160, 141])
Image after composite:  torch.Size([128, 160, 141])
Image after composite:  torch.Size([128, 160, 141])
Image after composite:  torch.Size([128, 160, 141])
Image after composite:  torch.Size([128, 160, 141])
Image after composite:  torch.Size([128, 160, 141])
Image after composite:  torch.Size([128, 160, 141])
Image after composite:  torch.Size([128, 160, 141])
Image after composite:  torch.Size([128, 160, 141])
[12A[1KStep (% Done)       Train Iter (time)    ETA (time)           Train Rays / Sec     Test Rays / Sec       [0m
-------------------------------------------------------------------------------------------------------- [0m
1180 (1.47%)        61.026 ms            1 h, 20 m, 10 s      10.50 M                                    [0m
1190 (1.49%)        61.902 ms            1 h, 21 m, 18 s      10.36 M                                    [0m
1200 (1.50%)        62.382 ms            1 h, 21 m, 55 s      10.34 M              4.24 M                [0m
1210 (1.51%)        61.818 ms            1 h, 21 m, 10 s      10.43 M                                    [0m
1220 (1.52%)        62.177 ms            1 h, 21 m, 38 s      10.30 M                                    [0m
1230 (1.54%)        62.261 ms            1 h, 21 m, 44 s      10.29 M                                    [0m
1240 (1.55%)        62.292 ms            1 h, 21 m, 46 s      10.28 M                                    [0m
1250 (1.56%)        62.215 ms            1 h, 21 m, 39 s      10.29 M                                    [0m
1260 (1.57%)        61.492 ms            1 h, 20 m, 41 s      10.42 M                                    [0m
1270 (1.59%)        60.384 ms            1 h, 19 m, 14 s      10.62 M                                    [0m
Image after composite:  torch.Size([128, 160, 141])
Image after composite:  torch.Size([128, 160, 141])
Image after composite:  torch.Size([128, 160, 141])
Image after composite:  torch.Size([128, 160, 141])
Image after composite:  torch.Size([128, 160, 141])
Image after composite:  torch.Size([128, 160, 141])
Image after composite:  torch.Size([128, 160, 141])
Image after composite:  torch.Size([128, 160, 141])
Image after composite:  torch.Size([128, 160, 141])
Image after composite:  torch.Size([128, 160, 141])
[12A[1KStep (% Done)       Train Iter (time)    ETA (time)           Train Rays / Sec     Test Rays / Sec       [0m
-------------------------------------------------------------------------------------------------------- [0m
1190 (1.49%)        61.902 ms            1 h, 21 m, 18 s      10.36 M                                    [0m
1200 (1.50%)        62.382 ms            1 h, 21 m, 55 s      10.34 M              4.24 M                [0m
1210 (1.51%)        61.818 ms            1 h, 21 m, 10 s      10.43 M                                    [0m
1220 (1.52%)        62.177 ms            1 h, 21 m, 38 s      10.30 M                                    [0m
1230 (1.54%)        62.261 ms            1 h, 21 m, 44 s      10.29 M                                    [0m
1240 (1.55%)        62.292 ms            1 h, 21 m, 46 s      10.28 M                                    [0m
1250 (1.56%)        62.215 ms            1 h, 21 m, 39 s      10.29 M                                    [0m
1260 (1.57%)        61.492 ms            1 h, 20 m, 41 s      10.42 M                                    [0m
1270 (1.59%)        60.384 ms            1 h, 19 m, 14 s      10.62 M                                    [0m
1280 (1.60%)        60.277 ms            1 h, 19 m, 5 s       10.62 M                                    [0m
Image after composite:  torch.Size([128, 160, 141])
Image after composite:  torch.Size([128, 160, 141])
Image after composite:  torch.Size([128, 160, 141])
Image after composite:  torch.Size([128, 160, 141])
Image after composite:  torch.Size([128, 160, 141])
Image after composite:  torch.Size([128, 160, 141])
Image after composite:  torch.Size([128, 160, 141])
Image after composite:  torch.Size([128, 160, 141])
Image after composite:  torch.Size([128, 160, 141])
Image after composite:  torch.Size([128, 160, 141])
[12A[1KStep (% Done)       Train Iter (time)    ETA (time)           Train Rays / Sec     Test Rays / Sec       [0m
-------------------------------------------------------------------------------------------------------- [0m
1200 (1.50%)        62.382 ms            1 h, 21 m, 55 s      10.34 M              4.24 M                [0m
1210 (1.51%)        61.818 ms            1 h, 21 m, 10 s      10.43 M                                    [0m
1220 (1.52%)        62.177 ms            1 h, 21 m, 38 s      10.30 M                                    [0m
1230 (1.54%)        62.261 ms            1 h, 21 m, 44 s      10.29 M                                    [0m
1240 (1.55%)        62.292 ms            1 h, 21 m, 46 s      10.28 M                                    [0m
1250 (1.56%)        62.215 ms            1 h, 21 m, 39 s      10.29 M                                    [0m
1260 (1.57%)        61.492 ms            1 h, 20 m, 41 s      10.42 M                                    [0m
1270 (1.59%)        60.384 ms            1 h, 19 m, 14 s      10.62 M                                    [0m
1280 (1.60%)        60.277 ms            1 h, 19 m, 5 s       10.62 M                                    [0m
1290 (1.61%)        61.441 ms            1 h, 20 m, 36 s      10.42 M                                    [0m
Image after composite:  torch.Size([128, 160, 141])
Image after composite:  torch.Size([128, 160, 141])
Image after composite:  torch.Size([128, 160, 141])
Image after composite:  torch.Size([128, 160, 141])
Image after composite:  torch.Size([128, 160, 141])
Image after composite:  torch.Size([128, 160, 141])
Image after composite:  torch.Size([128, 160, 141])
Image after composite:  torch.Size([128, 160, 141])
Image after composite:  torch.Size([128, 160, 141])
Image after composite:  torch.Size([128, 160, 141])
[2;36m[16:12:53][0m[2;36m [0mSplitting [1;36m0.0078335179617028[0m gaussians: [1;36m297[0m/[1;36m37914[0m                             ]8;id=806315;file:///coc/flash5/skumar704/hyperspectral_3d/nerfstudio/nerfstudio/models/hyperspectral_splatfacto.py\[2mhyperspectral_splatfacto.py[0m]8;;\[2m:[0m]8;id=578116;file:///coc/flash5/skumar704/hyperspectral_3d/nerfstudio/nerfstudio/models/hyperspectral_splatfacto.py#602\[2m602[0m]8;;\
[2;36m          [0m[2;36m [0mDuplicating [1;36m0.002110038508202775[0m gaussians: [1;36m80[0m/[1;36m37914[0m                          ]8;id=473489;file:///coc/flash5/skumar704/hyperspectral_3d/nerfstudio/nerfstudio/models/hyperspectral_splatfacto.py\[2mhyperspectral_splatfacto.py[0m]8;;\[2m:[0m]8;id=931230;file:///coc/flash5/skumar704/hyperspectral_3d/nerfstudio/nerfstudio/models/hyperspectral_splatfacto.py#640\[2m640[0m]8;;\
[2;36m          [0m[2;36m [0mCulled [1;36m835[0m gaussians [1m([0m[1;36m538[0m below alpha thresh, [1;36m0[0m too bigs, [1;36m37753[0m remaining[1m)[0m    ]8;id=475528;file:///coc/flash5/skumar704/hyperspectral_3d/nerfstudio/nerfstudio/models/hyperspectral_splatfacto.py\[2mhyperspectral_splatfacto.py[0m]8;;\[2m:[0m]8;id=418098;file:///coc/flash5/skumar704/hyperspectral_3d/nerfstudio/nerfstudio/models/hyperspectral_splatfacto.py#590\[2m590[0m]8;;\
[12A[1KStep (% Done)       Train Iter (time)    ETA (time)           Train Rays / Sec     Test Rays / Sec       [0m
-------------------------------------------------------------------------------------------------------- [0m
1210 (1.51%)        61.818 ms            1 h, 21 m, 10 s      10.43 M                                    [0m
1220 (1.52%)        62.177 ms            1 h, 21 m, 38 s      10.30 M                                    [0m
1230 (1.54%)        62.261 ms            1 h, 21 m, 44 s      10.29 M                                    [0m
1240 (1.55%)        62.292 ms            1 h, 21 m, 46 s      10.28 M                                    [0m
1250 (1.56%)        62.215 ms            1 h, 21 m, 39 s      10.29 M                                    [0m
1260 (1.57%)        61.492 ms            1 h, 20 m, 41 s      10.42 M                                    [0m
1270 (1.59%)        60.384 ms            1 h, 19 m, 14 s      10.62 M                                    [0m
1280 (1.60%)        60.277 ms            1 h, 19 m, 5 s       10.62 M                                    [0m
1290 (1.61%)        61.441 ms            1 h, 20 m, 36 s      10.42 M                                    [0m
1300 (1.62%)        62.729 ms            1 h, 22 m, 16 s      10.29 M              4.26 M                [0m
Image after composite:  torch.Size([128, 160, 141])
Image after composite:  torch.Size([128, 160, 141])
Image after composite:  torch.Size([128, 160, 141])
Image after composite:  torch.Size([128, 160, 141])
Image after composite:  torch.Size([128, 160, 141])
Image after composite:  torch.Size([128, 160, 141])
Image after composite:  torch.Size([128, 160, 141])
Image after composite:  torch.Size([128, 160, 141])
Image after composite:  torch.Size([128, 160, 141])
Image after composite:  torch.Size([128, 160, 141])
[12A[1KStep (% Done)       Train Iter (time)    ETA (time)           Train Rays / Sec     Test Rays / Sec       [0m
-------------------------------------------------------------------------------------------------------- [0m
1220 (1.52%)        62.177 ms            1 h, 21 m, 38 s      10.30 M                                    [0m
1230 (1.54%)        62.261 ms            1 h, 21 m, 44 s      10.29 M                                    [0m
1240 (1.55%)        62.292 ms            1 h, 21 m, 46 s      10.28 M                                    [0m
1250 (1.56%)        62.215 ms            1 h, 21 m, 39 s      10.29 M                                    [0m
1260 (1.57%)        61.492 ms            1 h, 20 m, 41 s      10.42 M                                    [0m
1270 (1.59%)        60.384 ms            1 h, 19 m, 14 s      10.62 M                                    [0m
1280 (1.60%)        60.277 ms            1 h, 19 m, 5 s       10.62 M                                    [0m
1290 (1.61%)        61.441 ms            1 h, 20 m, 36 s      10.42 M                                    [0m
1300 (1.62%)        62.729 ms            1 h, 22 m, 16 s      10.29 M              4.26 M                [0m
1310 (1.64%)        62.521 ms            1 h, 21 m, 59 s      10.32 M                                    [0m
Image after composite:  torch.Size([128, 160, 141])
Image after composite:  torch.Size([128, 160, 141])
Image after composite:  torch.Size([128, 160, 141])
Image after composite:  torch.Size([128, 160, 141])
Image after composite:  torch.Size([128, 160, 141])
Image after composite:  torch.Size([128, 160, 141])
Image after composite:  torch.Size([128, 160, 141])
Image after composite:  torch.Size([128, 160, 141])
Image after composite:  torch.Size([128, 160, 141])
Image after composite:  torch.Size([128, 160, 141])
[12A[1KStep (% Done)       Train Iter (time)    ETA (time)           Train Rays / Sec     Test Rays / Sec       [0m
-------------------------------------------------------------------------------------------------------- [0m
1230 (1.54%)        62.261 ms            1 h, 21 m, 44 s      10.29 M                                    [0m
1240 (1.55%)        62.292 ms            1 h, 21 m, 46 s      10.28 M                                    [0m
1250 (1.56%)        62.215 ms            1 h, 21 m, 39 s      10.29 M                                    [0m
1260 (1.57%)        61.492 ms            1 h, 20 m, 41 s      10.42 M                                    [0m
1270 (1.59%)        60.384 ms            1 h, 19 m, 14 s      10.62 M                                    [0m
1280 (1.60%)        60.277 ms            1 h, 19 m, 5 s       10.62 M                                    [0m
1290 (1.61%)        61.441 ms            1 h, 20 m, 36 s      10.42 M                                    [0m
1300 (1.62%)        62.729 ms            1 h, 22 m, 16 s      10.29 M              4.26 M                [0m
1310 (1.64%)        62.521 ms            1 h, 21 m, 59 s      10.32 M                                    [0m
1320 (1.65%)        61.061 ms            1 h, 20 m, 4 s       10.49 M                                    [0m
Image after composite:  torch.Size([128, 160, 141])
Image after composite:  torch.Size([128, 160, 141])
Image after composite:  torch.Size([128, 160, 141])
Image after composite:  torch.Size([128, 160, 141])
Image after composite:  torch.Size([128, 160, 141])
Image after composite:  torch.Size([128, 160, 141])
Image after composite:  torch.Size([128, 160, 141])
Image after composite:  torch.Size([128, 160, 141])
Image after composite:  torch.Size([128, 160, 141])
Image after composite:  torch.Size([128, 160, 141])
[12A[1KStep (% Done)       Train Iter (time)    ETA (time)           Train Rays / Sec     Test Rays / Sec       [0m
-------------------------------------------------------------------------------------------------------- [0m
1240 (1.55%)        62.292 ms            1 h, 21 m, 46 s      10.28 M                                    [0m
1250 (1.56%)        62.215 ms            1 h, 21 m, 39 s      10.29 M                                    [0m
1260 (1.57%)        61.492 ms            1 h, 20 m, 41 s      10.42 M                                    [0m
1270 (1.59%)        60.384 ms            1 h, 19 m, 14 s      10.62 M                                    [0m
1280 (1.60%)        60.277 ms            1 h, 19 m, 5 s       10.62 M                                    [0m
1290 (1.61%)        61.441 ms            1 h, 20 m, 36 s      10.42 M                                    [0m
1300 (1.62%)        62.729 ms            1 h, 22 m, 16 s      10.29 M              4.26 M                [0m
1310 (1.64%)        62.521 ms            1 h, 21 m, 59 s      10.32 M                                    [0m
1320 (1.65%)        61.061 ms            1 h, 20 m, 4 s       10.49 M                                    [0m
1330 (1.66%)        60.623 ms            1 h, 19 m, 29 s      10.57 M                                    [0m
Image after composite:  torch.Size([128, 160, 141])
Image after composite:  torch.Size([128, 160, 141])
Image after composite:  torch.Size([128, 160, 141])
Image after composite:  torch.Size([128, 160, 141])
Image after composite:  torch.Size([128, 160, 141])
Image after composite:  torch.Size([128, 160, 141])
Image after composite:  torch.Size([128, 160, 141])
Image after composite:  torch.Size([128, 160, 141])
Image after composite:  torch.Size([128, 160, 141])
Image after composite:  torch.Size([128, 160, 141])
[12A[1KStep (% Done)       Train Iter (time)    ETA (time)           Train Rays / Sec     Test Rays / Sec       [0m
-------------------------------------------------------------------------------------------------------- [0m
1250 (1.56%)        62.215 ms            1 h, 21 m, 39 s      10.29 M                                    [0m
1260 (1.57%)        61.492 ms            1 h, 20 m, 41 s      10.42 M                                    [0m
1270 (1.59%)        60.384 ms            1 h, 19 m, 14 s      10.62 M                                    [0m
1280 (1.60%)        60.277 ms            1 h, 19 m, 5 s       10.62 M                                    [0m
1290 (1.61%)        61.441 ms            1 h, 20 m, 36 s      10.42 M                                    [0m
1300 (1.62%)        62.729 ms            1 h, 22 m, 16 s      10.29 M              4.26 M                [0m
1310 (1.64%)        62.521 ms            1 h, 21 m, 59 s      10.32 M                                    [0m
1320 (1.65%)        61.061 ms            1 h, 20 m, 4 s       10.49 M                                    [0m
1330 (1.66%)        60.623 ms            1 h, 19 m, 29 s      10.57 M                                    [0m
1340 (1.68%)        61.022 ms            1 h, 19 m, 59 s      10.50 M                                    [0m
Image after composite:  torch.Size([128, 160, 141])
Image after composite:  torch.Size([128, 160, 141])
Image after composite:  torch.Size([128, 160, 141])
Image after composite:  torch.Size([128, 160, 141])
Image after composite:  torch.Size([128, 160, 141])
Image after composite:  torch.Size([128, 160, 141])
Image after composite:  torch.Size([128, 160, 141])
Image after composite:  torch.Size([128, 160, 141])
Image after composite:  torch.Size([128, 160, 141])
Image after composite:  torch.Size([128, 160, 141])
[12A[1KStep (% Done)       Train Iter (time)    ETA (time)           Train Rays / Sec     Test Rays / Sec       [0m
-------------------------------------------------------------------------------------------------------- [0m
1260 (1.57%)        61.492 ms            1 h, 20 m, 41 s      10.42 M                                    [0m
1270 (1.59%)        60.384 ms            1 h, 19 m, 14 s      10.62 M                                    [0m
1280 (1.60%)        60.277 ms            1 h, 19 m, 5 s       10.62 M                                    [0m
1290 (1.61%)        61.441 ms            1 h, 20 m, 36 s      10.42 M                                    [0m
1300 (1.62%)        62.729 ms            1 h, 22 m, 16 s      10.29 M              4.26 M                [0m
1310 (1.64%)        62.521 ms            1 h, 21 m, 59 s      10.32 M                                    [0m
1320 (1.65%)        61.061 ms            1 h, 20 m, 4 s       10.49 M                                    [0m
1330 (1.66%)        60.623 ms            1 h, 19 m, 29 s      10.57 M                                    [0m
1340 (1.68%)        61.022 ms            1 h, 19 m, 59 s      10.50 M                                    [0m
1350 (1.69%)        60.936 ms            1 h, 19 m, 52 s      10.52 M                                    [0m
Image after composite:  torch.Size([128, 160, 141])
Image after composite:  torch.Size([128, 160, 141])
Image after composite:  torch.Size([128, 160, 141])
Image after composite:  torch.Size([128, 160, 141])
Image after composite:  torch.Size([128, 160, 141])
Image after composite:  torch.Size([128, 160, 141])
Image after composite:  torch.Size([128, 160, 141])
Image after composite:  torch.Size([128, 160, 141])
Image after composite:  torch.Size([128, 160, 141])
Image after composite:  torch.Size([128, 160, 141])
[12A[1KStep (% Done)       Train Iter (time)    ETA (time)           Train Rays / Sec     Test Rays / Sec       [0m
-------------------------------------------------------------------------------------------------------- [0m
1270 (1.59%)        60.384 ms            1 h, 19 m, 14 s      10.62 M                                    [0m
1280 (1.60%)        60.277 ms            1 h, 19 m, 5 s       10.62 M                                    [0m
1290 (1.61%)        61.441 ms            1 h, 20 m, 36 s      10.42 M                                    [0m
1300 (1.62%)        62.729 ms            1 h, 22 m, 16 s      10.29 M              4.26 M                [0m
1310 (1.64%)        62.521 ms            1 h, 21 m, 59 s      10.32 M                                    [0m
1320 (1.65%)        61.061 ms            1 h, 20 m, 4 s       10.49 M                                    [0m
1330 (1.66%)        60.623 ms            1 h, 19 m, 29 s      10.57 M                                    [0m
1340 (1.68%)        61.022 ms            1 h, 19 m, 59 s      10.50 M                                    [0m
1350 (1.69%)        60.936 ms            1 h, 19 m, 52 s      10.52 M                                    [0m
1360 (1.70%)        60.557 ms            1 h, 19 m, 22 s      10.57 M                                    [0m
Image after composite:  torch.Size([128, 160, 141])
Image after composite:  torch.Size([128, 160, 141])
Image after composite:  torch.Size([128, 160, 141])
Image after composite:  torch.Size([128, 160, 141])
Image after composite:  torch.Size([128, 160, 141])
Image after composite:  torch.Size([128, 160, 141])
Image after composite:  torch.Size([128, 160, 141])
Image after composite:  torch.Size([128, 160, 141])
Image after composite:  torch.Size([128, 160, 141])
Image after composite:  torch.Size([128, 160, 141])
[12A[1KStep (% Done)       Train Iter (time)    ETA (time)           Train Rays / Sec     Test Rays / Sec       [0m
-------------------------------------------------------------------------------------------------------- [0m
1280 (1.60%)        60.277 ms            1 h, 19 m, 5 s       10.62 M                                    [0m
1290 (1.61%)        61.441 ms            1 h, 20 m, 36 s      10.42 M                                    [0m
1300 (1.62%)        62.729 ms            1 h, 22 m, 16 s      10.29 M              4.26 M                [0m
1310 (1.64%)        62.521 ms            1 h, 21 m, 59 s      10.32 M                                    [0m
1320 (1.65%)        61.061 ms            1 h, 20 m, 4 s       10.49 M                                    [0m
1330 (1.66%)        60.623 ms            1 h, 19 m, 29 s      10.57 M                                    [0m
1340 (1.68%)        61.022 ms            1 h, 19 m, 59 s      10.50 M                                    [0m
1350 (1.69%)        60.936 ms            1 h, 19 m, 52 s      10.52 M                                    [0m
1360 (1.70%)        60.557 ms            1 h, 19 m, 22 s      10.57 M                                    [0m
1370 (1.71%)        60.460 ms            1 h, 19 m, 14 s      10.59 M                                    [0m
Image after composite:  torch.Size([128, 160, 141])
Image after composite:  torch.Size([128, 160, 141])
Image after composite:  torch.Size([128, 160, 141])
Image after composite:  torch.Size([128, 160, 141])
Image after composite:  torch.Size([128, 160, 141])
Image after composite:  torch.Size([128, 160, 141])
Image after composite:  torch.Size([128, 160, 141])
Image after composite:  torch.Size([128, 160, 141])
Image after composite:  torch.Size([128, 160, 141])
Image after composite:  torch.Size([128, 160, 141])
[12A[1KStep (% Done)       Train Iter (time)    ETA (time)           Train Rays / Sec     Test Rays / Sec       [0m
-------------------------------------------------------------------------------------------------------- [0m
1290 (1.61%)        61.441 ms            1 h, 20 m, 36 s      10.42 M                                    [0m
1300 (1.62%)        62.729 ms            1 h, 22 m, 16 s      10.29 M              4.26 M                [0m
1310 (1.64%)        62.521 ms            1 h, 21 m, 59 s      10.32 M                                    [0m
1320 (1.65%)        61.061 ms            1 h, 20 m, 4 s       10.49 M                                    [0m
1330 (1.66%)        60.623 ms            1 h, 19 m, 29 s      10.57 M                                    [0m
1340 (1.68%)        61.022 ms            1 h, 19 m, 59 s      10.50 M                                    [0m
1350 (1.69%)        60.936 ms            1 h, 19 m, 52 s      10.52 M                                    [0m
1360 (1.70%)        60.557 ms            1 h, 19 m, 22 s      10.57 M                                    [0m
1370 (1.71%)        60.460 ms            1 h, 19 m, 14 s      10.59 M                                    [0m
1380 (1.73%)        60.246 ms            1 h, 18 m, 56 s      10.63 M                                    [0m
Image after composite:  torch.Size([128, 160, 141])
Image after composite:  torch.Size([128, 160, 141])
Image after composite:  torch.Size([128, 160, 141])
Image after composite:  torch.Size([128, 160, 141])
Image after composite:  torch.Size([128, 160, 141])
Image after composite:  torch.Size([128, 160, 141])
Image after composite:  torch.Size([128, 160, 141])
Image after composite:  torch.Size([128, 160, 141])
Image after composite:  torch.Size([128, 160, 141])
Image after composite:  torch.Size([128, 160, 141])
[12A[1KStep (% Done)       Train Iter (time)    ETA (time)           Train Rays / Sec     Test Rays / Sec       [0m
-------------------------------------------------------------------------------------------------------- [0m
1300 (1.62%)        62.729 ms            1 h, 22 m, 16 s      10.29 M              4.26 M                [0m
1310 (1.64%)        62.521 ms            1 h, 21 m, 59 s      10.32 M                                    [0m
1320 (1.65%)        61.061 ms            1 h, 20 m, 4 s       10.49 M                                    [0m
1330 (1.66%)        60.623 ms            1 h, 19 m, 29 s      10.57 M                                    [0m
1340 (1.68%)        61.022 ms            1 h, 19 m, 59 s      10.50 M                                    [0m
1350 (1.69%)        60.936 ms            1 h, 19 m, 52 s      10.52 M                                    [0m
1360 (1.70%)        60.557 ms            1 h, 19 m, 22 s      10.57 M                                    [0m
1370 (1.71%)        60.460 ms            1 h, 19 m, 14 s      10.59 M                                    [0m
1380 (1.73%)        60.246 ms            1 h, 18 m, 56 s      10.63 M                                    [0m
1390 (1.74%)        60.613 ms            1 h, 19 m, 24 s      10.57 M                                    [0m
Image after composite:  torch.Size([128, 160, 141])
Image after composite:  torch.Size([128, 160, 141])
Image after composite:  torch.Size([128, 160, 141])
Image after composite:  torch.Size([128, 160, 141])
Image after composite:  torch.Size([128, 160, 141])
Image after composite:  torch.Size([128, 160, 141])
Image after composite:  torch.Size([128, 160, 141])
Image after composite:  torch.Size([128, 160, 141])
Image after composite:  torch.Size([128, 160, 141])
Image after composite:  torch.Size([128, 160, 141])
[2;36m[16:13:00][0m[2;36m [0mSplitting [1;36m0.010038937302995788[0m gaussians: [1;36m379[0m/[1;36m37753[0m                           ]8;id=552530;file:///coc/flash5/skumar704/hyperspectral_3d/nerfstudio/nerfstudio/models/hyperspectral_splatfacto.py\[2mhyperspectral_splatfacto.py[0m]8;;\[2m:[0m]8;id=699539;file:///coc/flash5/skumar704/hyperspectral_3d/nerfstudio/nerfstudio/models/hyperspectral_splatfacto.py#602\[2m602[0m]8;;\
[2;36m          [0m[2;36m [0mDuplicating [1;36m0.005959791274865574[0m gaussians: [1;36m225[0m/[1;36m37753[0m                         ]8;id=628437;file:///coc/flash5/skumar704/hyperspectral_3d/nerfstudio/nerfstudio/models/hyperspectral_splatfacto.py\[2mhyperspectral_splatfacto.py[0m]8;;\[2m:[0m]8;id=57443;file:///coc/flash5/skumar704/hyperspectral_3d/nerfstudio/nerfstudio/models/hyperspectral_splatfacto.py#640\[2m640[0m]8;;\
[2;36m          [0m[2;36m [0mCulled [1;36m845[0m gaussians [1m([0m[1;36m466[0m below alpha thresh, [1;36m0[0m too bigs, [1;36m37891[0m remaining[1m)[0m    ]8;id=221494;file:///coc/flash5/skumar704/hyperspectral_3d/nerfstudio/nerfstudio/models/hyperspectral_splatfacto.py\[2mhyperspectral_splatfacto.py[0m]8;;\[2m:[0m]8;id=804624;file:///coc/flash5/skumar704/hyperspectral_3d/nerfstudio/nerfstudio/models/hyperspectral_splatfacto.py#590\[2m590[0m]8;;\
[12A[1KStep (% Done)       Train Iter (time)    ETA (time)           Train Rays / Sec     Test Rays / Sec       [0m
-------------------------------------------------------------------------------------------------------- [0m
1310 (1.64%)        62.521 ms            1 h, 21 m, 59 s      10.32 M                                    [0m
1320 (1.65%)        61.061 ms            1 h, 20 m, 4 s       10.49 M                                    [0m
1330 (1.66%)        60.623 ms            1 h, 19 m, 29 s      10.57 M                                    [0m
1340 (1.68%)        61.022 ms            1 h, 19 m, 59 s      10.50 M                                    [0m
1350 (1.69%)        60.936 ms            1 h, 19 m, 52 s      10.52 M                                    [0m
1360 (1.70%)        60.557 ms            1 h, 19 m, 22 s      10.57 M                                    [0m
1370 (1.71%)        60.460 ms            1 h, 19 m, 14 s      10.59 M                                    [0m
1380 (1.73%)        60.246 ms            1 h, 18 m, 56 s      10.63 M                                    [0m
1390 (1.74%)        60.613 ms            1 h, 19 m, 24 s      10.57 M                                    [0m
1400 (1.75%)        62.445 ms            1 h, 21 m, 48 s      10.31 M              4.30 M                [0m
Image after composite:  torch.Size([128, 160, 141])
Image after composite:  torch.Size([128, 160, 141])
Image after composite:  torch.Size([128, 160, 141])
Image after composite:  torch.Size([128, 160, 141])
Image after composite:  torch.Size([128, 160, 141])
Image after composite:  torch.Size([128, 160, 141])
Image after composite:  torch.Size([128, 160, 141])
Image after composite:  torch.Size([128, 160, 141])
Image after composite:  torch.Size([128, 160, 141])
Image after composite:  torch.Size([128, 160, 141])
[12A[1KStep (% Done)       Train Iter (time)    ETA (time)           Train Rays / Sec     Test Rays / Sec       [0m
-------------------------------------------------------------------------------------------------------- [0m
1320 (1.65%)        61.061 ms            1 h, 20 m, 4 s       10.49 M                                    [0m
1330 (1.66%)        60.623 ms            1 h, 19 m, 29 s      10.57 M                                    [0m
1340 (1.68%)        61.022 ms            1 h, 19 m, 59 s      10.50 M                                    [0m
1350 (1.69%)        60.936 ms            1 h, 19 m, 52 s      10.52 M                                    [0m
1360 (1.70%)        60.557 ms            1 h, 19 m, 22 s      10.57 M                                    [0m
1370 (1.71%)        60.460 ms            1 h, 19 m, 14 s      10.59 M                                    [0m
1380 (1.73%)        60.246 ms            1 h, 18 m, 56 s      10.63 M                                    [0m
1390 (1.74%)        60.613 ms            1 h, 19 m, 24 s      10.57 M                                    [0m
1400 (1.75%)        62.445 ms            1 h, 21 m, 48 s      10.31 M              4.30 M                [0m
1410 (1.76%)        62.411 ms            1 h, 21 m, 44 s      10.32 M                                    [0m
Image after composite:  torch.Size([128, 160, 141])
Image after composite:  torch.Size([128, 160, 141])
Image after composite:  torch.Size([128, 160, 141])
Image after composite:  torch.Size([128, 160, 141])
Image after composite:  torch.Size([128, 160, 141])
Image after composite:  torch.Size([128, 160, 141])
Image after composite:  torch.Size([128, 160, 141])
Image after composite:  torch.Size([128, 160, 141])
Image after composite:  torch.Size([128, 160, 141])
Image after composite:  torch.Size([128, 160, 141])
[12A[1KStep (% Done)       Train Iter (time)    ETA (time)           Train Rays / Sec     Test Rays / Sec       [0m
-------------------------------------------------------------------------------------------------------- [0m
1330 (1.66%)        60.623 ms            1 h, 19 m, 29 s      10.57 M                                    [0m
1340 (1.68%)        61.022 ms            1 h, 19 m, 59 s      10.50 M                                    [0m
1350 (1.69%)        60.936 ms            1 h, 19 m, 52 s      10.52 M                                    [0m
1360 (1.70%)        60.557 ms            1 h, 19 m, 22 s      10.57 M                                    [0m
1370 (1.71%)        60.460 ms            1 h, 19 m, 14 s      10.59 M                                    [0m
1380 (1.73%)        60.246 ms            1 h, 18 m, 56 s      10.63 M                                    [0m
1390 (1.74%)        60.613 ms            1 h, 19 m, 24 s      10.57 M                                    [0m
1400 (1.75%)        62.445 ms            1 h, 21 m, 48 s      10.31 M              4.30 M                [0m
1410 (1.76%)        62.411 ms            1 h, 21 m, 44 s      10.32 M                                    [0m
1420 (1.77%)        60.914 ms            1 h, 19 m, 46 s      10.52 M                                    [0m
Image after composite:  torch.Size([128, 160, 141])
Image after composite:  torch.Size([128, 160, 141])
Image after composite:  torch.Size([128, 160, 141])
Image after composite:  torch.Size([128, 160, 141])
Image after composite:  torch.Size([128, 160, 141])
Image after composite:  torch.Size([128, 160, 141])
Image after composite:  torch.Size([128, 160, 141])
Image after composite:  torch.Size([128, 160, 141])
Image after composite:  torch.Size([128, 160, 141])
Image after composite:  torch.Size([128, 160, 141])
[12A[1KStep (% Done)       Train Iter (time)    ETA (time)           Train Rays / Sec     Test Rays / Sec       [0m
-------------------------------------------------------------------------------------------------------- [0m
1340 (1.68%)        61.022 ms            1 h, 19 m, 59 s      10.50 M                                    [0m
1350 (1.69%)        60.936 ms            1 h, 19 m, 52 s      10.52 M                                    [0m
1360 (1.70%)        60.557 ms            1 h, 19 m, 22 s      10.57 M                                    [0m
1370 (1.71%)        60.460 ms            1 h, 19 m, 14 s      10.59 M                                    [0m
1380 (1.73%)        60.246 ms            1 h, 18 m, 56 s      10.63 M                                    [0m
1390 (1.74%)        60.613 ms            1 h, 19 m, 24 s      10.57 M                                    [0m
1400 (1.75%)        62.445 ms            1 h, 21 m, 48 s      10.31 M              4.30 M                [0m
1410 (1.76%)        62.411 ms            1 h, 21 m, 44 s      10.32 M                                    [0m
1420 (1.77%)        60.914 ms            1 h, 19 m, 46 s      10.52 M                                    [0m
1430 (1.79%)        60.815 ms            1 h, 19 m, 38 s      10.54 M                                    [0m
Image after composite:  torch.Size([128, 160, 141])
Image after composite:  torch.Size([128, 160, 141])
Image after composite:  torch.Size([128, 160, 141])
Image after composite:  torch.Size([128, 160, 141])
Image after composite:  torch.Size([128, 160, 141])
Image after composite:  torch.Size([128, 160, 141])
Image after composite:  torch.Size([128, 160, 141])
Image after composite:  torch.Size([128, 160, 141])
Image after composite:  torch.Size([128, 160, 141])
Image after composite:  torch.Size([128, 160, 141])
[12A[1KStep (% Done)       Train Iter (time)    ETA (time)           Train Rays / Sec     Test Rays / Sec       [0m
-------------------------------------------------------------------------------------------------------- [0m
1350 (1.69%)        60.936 ms            1 h, 19 m, 52 s      10.52 M                                    [0m
1360 (1.70%)        60.557 ms            1 h, 19 m, 22 s      10.57 M                                    [0m
1370 (1.71%)        60.460 ms            1 h, 19 m, 14 s      10.59 M                                    [0m
1380 (1.73%)        60.246 ms            1 h, 18 m, 56 s      10.63 M                                    [0m
1390 (1.74%)        60.613 ms            1 h, 19 m, 24 s      10.57 M                                    [0m
1400 (1.75%)        62.445 ms            1 h, 21 m, 48 s      10.31 M              4.30 M                [0m
1410 (1.76%)        62.411 ms            1 h, 21 m, 44 s      10.32 M                                    [0m
1420 (1.77%)        60.914 ms            1 h, 19 m, 46 s      10.52 M                                    [0m
1430 (1.79%)        60.815 ms            1 h, 19 m, 38 s      10.54 M                                    [0m
1440 (1.80%)        60.470 ms            1 h, 19 m, 10 s      10.59 M                                    [0m
Image after composite:  torch.Size([128, 160, 141])
Image after composite:  torch.Size([128, 160, 141])
Image after composite:  torch.Size([128, 160, 141])
Image after composite:  torch.Size([128, 160, 141])
Image after composite:  torch.Size([128, 160, 141])
Image after composite:  torch.Size([128, 160, 141])
Image after composite:  torch.Size([128, 160, 141])
Image after composite:  torch.Size([128, 160, 141])
Image after composite:  torch.Size([128, 160, 141])
Image after composite:  torch.Size([128, 160, 141])
[12A[1KStep (% Done)       Train Iter (time)    ETA (time)           Train Rays / Sec     Test Rays / Sec       [0m
-------------------------------------------------------------------------------------------------------- [0m
1360 (1.70%)        60.557 ms            1 h, 19 m, 22 s      10.57 M                                    [0m
1370 (1.71%)        60.460 ms            1 h, 19 m, 14 s      10.59 M                                    [0m
1380 (1.73%)        60.246 ms            1 h, 18 m, 56 s      10.63 M                                    [0m
1390 (1.74%)        60.613 ms            1 h, 19 m, 24 s      10.57 M                                    [0m
1400 (1.75%)        62.445 ms            1 h, 21 m, 48 s      10.31 M              4.30 M                [0m
1410 (1.76%)        62.411 ms            1 h, 21 m, 44 s      10.32 M                                    [0m
1420 (1.77%)        60.914 ms            1 h, 19 m, 46 s      10.52 M                                    [0m
1430 (1.79%)        60.815 ms            1 h, 19 m, 38 s      10.54 M                                    [0m
1440 (1.80%)        60.470 ms            1 h, 19 m, 10 s      10.59 M                                    [0m
1450 (1.81%)        60.056 ms            1 h, 18 m, 37 s      10.67 M                                    [0m
Image after composite:  torch.Size([128, 160, 141])
Image after composite:  torch.Size([128, 160, 141])
Image after composite:  torch.Size([128, 160, 141])
Image after composite:  torch.Size([128, 160, 141])
Image after composite:  torch.Size([128, 160, 141])
Image after composite:  torch.Size([128, 160, 141])
Image after composite:  torch.Size([128, 160, 141])
Image after composite:  torch.Size([128, 160, 141])
Image after composite:  torch.Size([128, 160, 141])
Image after composite:  torch.Size([128, 160, 141])
[12A[1KStep (% Done)       Train Iter (time)    ETA (time)           Train Rays / Sec     Test Rays / Sec       [0m
-------------------------------------------------------------------------------------------------------- [0m
1370 (1.71%)        60.460 ms            1 h, 19 m, 14 s      10.59 M                                    [0m
1380 (1.73%)        60.246 ms            1 h, 18 m, 56 s      10.63 M                                    [0m
1390 (1.74%)        60.613 ms            1 h, 19 m, 24 s      10.57 M                                    [0m
1400 (1.75%)        62.445 ms            1 h, 21 m, 48 s      10.31 M              4.30 M                [0m
1410 (1.76%)        62.411 ms            1 h, 21 m, 44 s      10.32 M                                    [0m
1420 (1.77%)        60.914 ms            1 h, 19 m, 46 s      10.52 M                                    [0m
1430 (1.79%)        60.815 ms            1 h, 19 m, 38 s      10.54 M                                    [0m
1440 (1.80%)        60.470 ms            1 h, 19 m, 10 s      10.59 M                                    [0m
1450 (1.81%)        60.056 ms            1 h, 18 m, 37 s      10.67 M                                    [0m
1460 (1.82%)        60.260 ms            1 h, 18 m, 52 s      10.63 M                                    [0m
Image after composite:  torch.Size([128, 160, 141])
Image after composite:  torch.Size([128, 160, 141])
Image after composite:  torch.Size([128, 160, 141])
Image after composite:  torch.Size([128, 160, 141])
Image after composite:  torch.Size([128, 160, 141])
Image after composite:  torch.Size([128, 160, 141])
Image after composite:  torch.Size([128, 160, 141])
Image after composite:  torch.Size([128, 160, 141])
Image after composite:  torch.Size([128, 160, 141])
Image after composite:  torch.Size([128, 160, 141])
[12A[1KStep (% Done)       Train Iter (time)    ETA (time)           Train Rays / Sec     Test Rays / Sec       [0m
-------------------------------------------------------------------------------------------------------- [0m
1380 (1.73%)        60.246 ms            1 h, 18 m, 56 s      10.63 M                                    [0m
1390 (1.74%)        60.613 ms            1 h, 19 m, 24 s      10.57 M                                    [0m
1400 (1.75%)        62.445 ms            1 h, 21 m, 48 s      10.31 M              4.30 M                [0m
1410 (1.76%)        62.411 ms            1 h, 21 m, 44 s      10.32 M                                    [0m
1420 (1.77%)        60.914 ms            1 h, 19 m, 46 s      10.52 M                                    [0m
1430 (1.79%)        60.815 ms            1 h, 19 m, 38 s      10.54 M                                    [0m
1440 (1.80%)        60.470 ms            1 h, 19 m, 10 s      10.59 M                                    [0m
1450 (1.81%)        60.056 ms            1 h, 18 m, 37 s      10.67 M                                    [0m
1460 (1.82%)        60.260 ms            1 h, 18 m, 52 s      10.63 M                                    [0m
1470 (1.84%)        60.250 ms            1 h, 18 m, 51 s      10.63 M                                    [0m
Image after composite:  torch.Size([128, 160, 141])
Image after composite:  torch.Size([128, 160, 141])
Image after composite:  torch.Size([128, 160, 141])
Image after composite:  torch.Size([128, 160, 141])
Image after composite:  torch.Size([128, 160, 141])
Image after composite:  torch.Size([128, 160, 141])
Image after composite:  torch.Size([128, 160, 141])
Image after composite:  torch.Size([128, 160, 141])
Image after composite:  torch.Size([128, 160, 141])
Image after composite:  torch.Size([128, 160, 141])
[12A[1KStep (% Done)       Train Iter (time)    ETA (time)           Train Rays / Sec     Test Rays / Sec       [0m
-------------------------------------------------------------------------------------------------------- [0m
1390 (1.74%)        60.613 ms            1 h, 19 m, 24 s      10.57 M                                    [0m
1400 (1.75%)        62.445 ms            1 h, 21 m, 48 s      10.31 M              4.30 M                [0m
1410 (1.76%)        62.411 ms            1 h, 21 m, 44 s      10.32 M                                    [0m
1420 (1.77%)        60.914 ms            1 h, 19 m, 46 s      10.52 M                                    [0m
1430 (1.79%)        60.815 ms            1 h, 19 m, 38 s      10.54 M                                    [0m
1440 (1.80%)        60.470 ms            1 h, 19 m, 10 s      10.59 M                                    [0m
1450 (1.81%)        60.056 ms            1 h, 18 m, 37 s      10.67 M                                    [0m
1460 (1.82%)        60.260 ms            1 h, 18 m, 52 s      10.63 M                                    [0m
1470 (1.84%)        60.250 ms            1 h, 18 m, 51 s      10.63 M                                    [0m
1480 (1.85%)        60.166 ms            1 h, 18 m, 44 s      10.64 M                                    [0m
Image after composite:  torch.Size([128, 160, 141])
Image after composite:  torch.Size([128, 160, 141])
Image after composite:  torch.Size([128, 160, 141])
Image after composite:  torch.Size([128, 160, 141])
Image after composite:  torch.Size([128, 160, 141])
Image after composite:  torch.Size([128, 160, 141])
Image after composite:  torch.Size([128, 160, 141])
Image after composite:  torch.Size([128, 160, 141])
Image after composite:  torch.Size([128, 160, 141])
Image after composite:  torch.Size([128, 160, 141])
[12A[1KStep (% Done)       Train Iter (time)    ETA (time)           Train Rays / Sec     Test Rays / Sec       [0m
-------------------------------------------------------------------------------------------------------- [0m
1400 (1.75%)        62.445 ms            1 h, 21 m, 48 s      10.31 M              4.30 M                [0m
1410 (1.76%)        62.411 ms            1 h, 21 m, 44 s      10.32 M                                    [0m
1420 (1.77%)        60.914 ms            1 h, 19 m, 46 s      10.52 M                                    [0m
1430 (1.79%)        60.815 ms            1 h, 19 m, 38 s      10.54 M                                    [0m
1440 (1.80%)        60.470 ms            1 h, 19 m, 10 s      10.59 M                                    [0m
1450 (1.81%)        60.056 ms            1 h, 18 m, 37 s      10.67 M                                    [0m
1460 (1.82%)        60.260 ms            1 h, 18 m, 52 s      10.63 M                                    [0m
1470 (1.84%)        60.250 ms            1 h, 18 m, 51 s      10.63 M                                    [0m
1480 (1.85%)        60.166 ms            1 h, 18 m, 44 s      10.64 M                                    [0m
1490 (1.86%)        60.135 ms            1 h, 18 m, 41 s      10.66 M                                    [0m
Image after composite:  torch.Size([128, 160, 141])
Image after composite:  torch.Size([128, 160, 141])
Image after composite:  torch.Size([128, 160, 141])
Image after composite:  torch.Size([128, 160, 141])
Image after composite:  torch.Size([128, 160, 141])
Image after composite:  torch.Size([128, 160, 141])
Image after composite:  torch.Size([128, 160, 141])
Image after composite:  torch.Size([128, 160, 141])
Image after composite:  torch.Size([128, 160, 141])
Image after composite:  torch.Size([128, 160, 141])
[2;36m[16:13:07][0m[2;36m [0mSplitting [1;36m0.011348341294766567[0m gaussians: [1;36m430[0m/[1;36m37891[0m                           ]8;id=94682;file:///coc/flash5/skumar704/hyperspectral_3d/nerfstudio/nerfstudio/models/hyperspectral_splatfacto.py\[2mhyperspectral_splatfacto.py[0m]8;;\[2m:[0m]8;id=644883;file:///coc/flash5/skumar704/hyperspectral_3d/nerfstudio/nerfstudio/models/hyperspectral_splatfacto.py#602\[2m602[0m]8;;\
[2;36m          [0m[2;36m [0mDuplicating [1;36m0.010134332691140377[0m gaussians: [1;36m384[0m/[1;36m37891[0m                         ]8;id=608519;file:///coc/flash5/skumar704/hyperspectral_3d/nerfstudio/nerfstudio/models/hyperspectral_splatfacto.py\[2mhyperspectral_splatfacto.py[0m]8;;\[2m:[0m]8;id=581242;file:///coc/flash5/skumar704/hyperspectral_3d/nerfstudio/nerfstudio/models/hyperspectral_splatfacto.py#640\[2m640[0m]8;;\
[2;36m          [0m[2;36m [0mCulled [1;36m868[0m gaussians [1m([0m[1;36m438[0m below alpha thresh, [1;36m0[0m too bigs, [1;36m38267[0m remaining[1m)[0m    ]8;id=471579;file:///coc/flash5/skumar704/hyperspectral_3d/nerfstudio/nerfstudio/models/hyperspectral_splatfacto.py\[2mhyperspectral_splatfacto.py[0m]8;;\[2m:[0m]8;id=953207;file:///coc/flash5/skumar704/hyperspectral_3d/nerfstudio/nerfstudio/models/hyperspectral_splatfacto.py#590\[2m590[0m]8;;\
[12A[1KStep (% Done)       Train Iter (time)    ETA (time)           Train Rays / Sec     Test Rays / Sec       [0m
-------------------------------------------------------------------------------------------------------- [0m
1410 (1.76%)        62.411 ms            1 h, 21 m, 44 s      10.32 M                                    [0m
1420 (1.77%)        60.914 ms            1 h, 19 m, 46 s      10.52 M                                    [0m
1430 (1.79%)        60.815 ms            1 h, 19 m, 38 s      10.54 M                                    [0m
1440 (1.80%)        60.470 ms            1 h, 19 m, 10 s      10.59 M                                    [0m
1450 (1.81%)        60.056 ms            1 h, 18 m, 37 s      10.67 M                                    [0m
1460 (1.82%)        60.260 ms            1 h, 18 m, 52 s      10.63 M                                    [0m
1470 (1.84%)        60.250 ms            1 h, 18 m, 51 s      10.63 M                                    [0m
1480 (1.85%)        60.166 ms            1 h, 18 m, 44 s      10.64 M                                    [0m
1490 (1.86%)        60.135 ms            1 h, 18 m, 41 s      10.66 M                                    [0m
1500 (1.88%)        61.437 ms            1 h, 20 m, 22 s      10.50 M              4.36 M                [0m
Image after composite:  torch.Size([128, 160, 141])
Image after composite:  torch.Size([128, 160, 141])
Image after composite:  torch.Size([128, 160, 141])
Image after composite:  torch.Size([128, 160, 141])
Image after composite:  torch.Size([128, 160, 141])
Image after composite:  torch.Size([128, 160, 141])
Image after composite:  torch.Size([128, 160, 141])
Image after composite:  torch.Size([128, 160, 141])
Image after composite:  torch.Size([128, 160, 141])
Image after composite:  torch.Size([128, 160, 141])
[12A[1KStep (% Done)       Train Iter (time)    ETA (time)           Train Rays / Sec     Test Rays / Sec       [0m
-------------------------------------------------------------------------------------------------------- [0m
1420 (1.77%)        60.914 ms            1 h, 19 m, 46 s      10.52 M                                    [0m
1430 (1.79%)        60.815 ms            1 h, 19 m, 38 s      10.54 M                                    [0m
1440 (1.80%)        60.470 ms            1 h, 19 m, 10 s      10.59 M                                    [0m
1450 (1.81%)        60.056 ms            1 h, 18 m, 37 s      10.67 M                                    [0m
1460 (1.82%)        60.260 ms            1 h, 18 m, 52 s      10.63 M                                    [0m
1470 (1.84%)        60.250 ms            1 h, 18 m, 51 s      10.63 M                                    [0m
1480 (1.85%)        60.166 ms            1 h, 18 m, 44 s      10.64 M                                    [0m
1490 (1.86%)        60.135 ms            1 h, 18 m, 41 s      10.66 M                                    [0m
1500 (1.88%)        61.437 ms            1 h, 20 m, 22 s      10.50 M              4.36 M                [0m
1510 (1.89%)        62.118 ms            1 h, 21 m, 15 s      10.38 M                                    [0m
Image after composite:  torch.Size([128, 160, 141])
Image after composite:  torch.Size([128, 160, 141])
Image after composite:  torch.Size([128, 160, 141])
Image after composite:  torch.Size([128, 160, 141])
Image after composite:  torch.Size([128, 160, 141])
Image after composite:  torch.Size([128, 160, 141])
Image after composite:  torch.Size([128, 160, 141])
Image after composite:  torch.Size([128, 160, 141])
Image after composite:  torch.Size([128, 160, 141])
Image after composite:  torch.Size([128, 160, 141])
[12A[1KStep (% Done)       Train Iter (time)    ETA (time)           Train Rays / Sec     Test Rays / Sec       [0m
-------------------------------------------------------------------------------------------------------- [0m
1430 (1.79%)        60.815 ms            1 h, 19 m, 38 s      10.54 M                                    [0m
1440 (1.80%)        60.470 ms            1 h, 19 m, 10 s      10.59 M                                    [0m
1450 (1.81%)        60.056 ms            1 h, 18 m, 37 s      10.67 M                                    [0m
1460 (1.82%)        60.260 ms            1 h, 18 m, 52 s      10.63 M                                    [0m
1470 (1.84%)        60.250 ms            1 h, 18 m, 51 s      10.63 M                                    [0m
1480 (1.85%)        60.166 ms            1 h, 18 m, 44 s      10.64 M                                    [0m
1490 (1.86%)        60.135 ms            1 h, 18 m, 41 s      10.66 M                                    [0m
1500 (1.88%)        61.437 ms            1 h, 20 m, 22 s      10.50 M              4.36 M                [0m
1510 (1.89%)        62.118 ms            1 h, 21 m, 15 s      10.38 M                                    [0m
1520 (1.90%)        60.415 ms            1 h, 19 m, 1 s       10.61 M                                    [0m
Image after composite:  torch.Size([128, 160, 141])
Image after composite:  torch.Size([128, 160, 141])
Image after composite:  torch.Size([128, 160, 141])
Image after composite:  torch.Size([128, 160, 141])
Image after composite:  torch.Size([128, 160, 141])
Image after composite:  torch.Size([128, 160, 141])
Image after composite:  torch.Size([128, 160, 141])
Image after composite:  torch.Size([128, 160, 141])
Image after composite:  torch.Size([128, 160, 141])
Image after composite:  torch.Size([128, 160, 141])
[12A[1KStep (% Done)       Train Iter (time)    ETA (time)           Train Rays / Sec     Test Rays / Sec       [0m
-------------------------------------------------------------------------------------------------------- [0m
1440 (1.80%)        60.470 ms            1 h, 19 m, 10 s      10.59 M                                    [0m
1450 (1.81%)        60.056 ms            1 h, 18 m, 37 s      10.67 M                                    [0m
1460 (1.82%)        60.260 ms            1 h, 18 m, 52 s      10.63 M                                    [0m
1470 (1.84%)        60.250 ms            1 h, 18 m, 51 s      10.63 M                                    [0m
1480 (1.85%)        60.166 ms            1 h, 18 m, 44 s      10.64 M                                    [0m
1490 (1.86%)        60.135 ms            1 h, 18 m, 41 s      10.66 M                                    [0m
1500 (1.88%)        61.437 ms            1 h, 20 m, 22 s      10.50 M              4.36 M                [0m
1510 (1.89%)        62.118 ms            1 h, 21 m, 15 s      10.38 M                                    [0m
1520 (1.90%)        60.415 ms            1 h, 19 m, 1 s       10.61 M                                    [0m
1530 (1.91%)        59.454 ms            1 h, 17 m, 45 s      10.77 M                                    [0m
Image after composite:  torch.Size([128, 160, 141])
Image after composite:  torch.Size([128, 160, 141])
Image after composite:  torch.Size([128, 160, 141])
Image after composite:  torch.Size([128, 160, 141])
Image after composite:  torch.Size([128, 160, 141])
Image after composite:  torch.Size([128, 160, 141])
Image after composite:  torch.Size([128, 160, 141])
Image after composite:  torch.Size([128, 160, 141])
Image after composite:  torch.Size([128, 160, 141])
Image after composite:  torch.Size([128, 160, 141])
[12A[1KStep (% Done)       Train Iter (time)    ETA (time)           Train Rays / Sec     Test Rays / Sec       [0m
-------------------------------------------------------------------------------------------------------- [0m
1450 (1.81%)        60.056 ms            1 h, 18 m, 37 s      10.67 M                                    [0m
1460 (1.82%)        60.260 ms            1 h, 18 m, 52 s      10.63 M                                    [0m
1470 (1.84%)        60.250 ms            1 h, 18 m, 51 s      10.63 M                                    [0m
1480 (1.85%)        60.166 ms            1 h, 18 m, 44 s      10.64 M                                    [0m
1490 (1.86%)        60.135 ms            1 h, 18 m, 41 s      10.66 M                                    [0m
1500 (1.88%)        61.437 ms            1 h, 20 m, 22 s      10.50 M              4.36 M                [0m
1510 (1.89%)        62.118 ms            1 h, 21 m, 15 s      10.38 M                                    [0m
1520 (1.90%)        60.415 ms            1 h, 19 m, 1 s       10.61 M                                    [0m
1530 (1.91%)        59.454 ms            1 h, 17 m, 45 s      10.77 M                                    [0m
1540 (1.93%)        59.285 ms            1 h, 17 m, 31 s      10.81 M                                    [0m
Image after composite:  torch.Size([128, 160, 141])
Image after composite:  torch.Size([128, 160, 141])
Image after composite:  torch.Size([128, 160, 141])
Image after composite:  torch.Size([128, 160, 141])
Image after composite:  torch.Size([128, 160, 141])
Image after composite:  torch.Size([128, 160, 141])
Image after composite:  torch.Size([128, 160, 141])
Image after composite:  torch.Size([128, 160, 141])
Image after composite:  torch.Size([128, 160, 141])
Image after composite:  torch.Size([128, 160, 141])
[12A[1KStep (% Done)       Train Iter (time)    ETA (time)           Train Rays / Sec     Test Rays / Sec       [0m
-------------------------------------------------------------------------------------------------------- [0m
1460 (1.82%)        60.260 ms            1 h, 18 m, 52 s      10.63 M                                    [0m
1470 (1.84%)        60.250 ms            1 h, 18 m, 51 s      10.63 M                                    [0m
1480 (1.85%)        60.166 ms            1 h, 18 m, 44 s      10.64 M                                    [0m
1490 (1.86%)        60.135 ms            1 h, 18 m, 41 s      10.66 M                                    [0m
1500 (1.88%)        61.437 ms            1 h, 20 m, 22 s      10.50 M              4.36 M                [0m
1510 (1.89%)        62.118 ms            1 h, 21 m, 15 s      10.38 M                                    [0m
1520 (1.90%)        60.415 ms            1 h, 19 m, 1 s       10.61 M                                    [0m
1530 (1.91%)        59.454 ms            1 h, 17 m, 45 s      10.77 M                                    [0m
1540 (1.93%)        59.285 ms            1 h, 17 m, 31 s      10.81 M                                    [0m
1550 (1.94%)        59.627 ms            1 h, 17 m, 57 s      10.75 M                                    [0m
Image after composite:  torch.Size([128, 160, 141])
Image after composite:  torch.Size([128, 160, 141])
Image after composite:  torch.Size([128, 160, 141])
Image after composite:  torch.Size([128, 160, 141])
Image after composite:  torch.Size([128, 160, 141])
Image after composite:  torch.Size([128, 160, 141])
Image after composite:  torch.Size([128, 160, 141])
Image after composite:  torch.Size([128, 160, 141])
Image after composite:  torch.Size([128, 160, 141])
Image after composite:  torch.Size([128, 160, 141])
[12A[1KStep (% Done)       Train Iter (time)    ETA (time)           Train Rays / Sec     Test Rays / Sec       [0m
-------------------------------------------------------------------------------------------------------- [0m
1470 (1.84%)        60.250 ms            1 h, 18 m, 51 s      10.63 M                                    [0m
1480 (1.85%)        60.166 ms            1 h, 18 m, 44 s      10.64 M                                    [0m
1490 (1.86%)        60.135 ms            1 h, 18 m, 41 s      10.66 M                                    [0m
1500 (1.88%)        61.437 ms            1 h, 20 m, 22 s      10.50 M              4.36 M                [0m
1510 (1.89%)        62.118 ms            1 h, 21 m, 15 s      10.38 M                                    [0m
1520 (1.90%)        60.415 ms            1 h, 19 m, 1 s       10.61 M                                    [0m
1530 (1.91%)        59.454 ms            1 h, 17 m, 45 s      10.77 M                                    [0m
1540 (1.93%)        59.285 ms            1 h, 17 m, 31 s      10.81 M                                    [0m
1550 (1.94%)        59.627 ms            1 h, 17 m, 57 s      10.75 M                                    [0m
1560 (1.95%)        59.381 ms            1 h, 17 m, 37 s      10.79 M                                    [0m
Image after composite:  torch.Size([128, 160, 141])
Image after composite:  torch.Size([128, 160, 141])
Image after composite:  torch.Size([128, 160, 141])
Image after composite:  torch.Size([128, 160, 141])
Image after composite:  torch.Size([128, 160, 141])
Image after composite:  torch.Size([128, 160, 141])
Image after composite:  torch.Size([128, 160, 141])
Image after composite:  torch.Size([128, 160, 141])
Image after composite:  torch.Size([128, 160, 141])
Image after composite:  torch.Size([128, 160, 141])
[12A[1KStep (% Done)       Train Iter (time)    ETA (time)           Train Rays / Sec     Test Rays / Sec       [0m
-------------------------------------------------------------------------------------------------------- [0m
1480 (1.85%)        60.166 ms            1 h, 18 m, 44 s      10.64 M                                    [0m
1490 (1.86%)        60.135 ms            1 h, 18 m, 41 s      10.66 M                                    [0m
1500 (1.88%)        61.437 ms            1 h, 20 m, 22 s      10.50 M              4.36 M                [0m
1510 (1.89%)        62.118 ms            1 h, 21 m, 15 s      10.38 M                                    [0m
1520 (1.90%)        60.415 ms            1 h, 19 m, 1 s       10.61 M                                    [0m
1530 (1.91%)        59.454 ms            1 h, 17 m, 45 s      10.77 M                                    [0m
1540 (1.93%)        59.285 ms            1 h, 17 m, 31 s      10.81 M                                    [0m
1550 (1.94%)        59.627 ms            1 h, 17 m, 57 s      10.75 M                                    [0m
1560 (1.95%)        59.381 ms            1 h, 17 m, 37 s      10.79 M                                    [0m
1570 (1.96%)        58.931 ms            1 h, 17 m, 1 s       10.87 M                                    [0m
Image after composite:  torch.Size([128, 160, 141])
Image after composite:  torch.Size([128, 160, 141])
Image after composite:  torch.Size([128, 160, 141])
Image after composite:  torch.Size([128, 160, 141])
Image after composite:  torch.Size([128, 160, 141])
Image after composite:  torch.Size([128, 160, 141])
Image after composite:  torch.Size([128, 160, 141])
Image after composite:  torch.Size([128, 160, 141])
Image after composite:  torch.Size([128, 160, 141])
Image after composite:  torch.Size([128, 160, 141])
[12A[1KStep (% Done)       Train Iter (time)    ETA (time)           Train Rays / Sec     Test Rays / Sec       [0m
-------------------------------------------------------------------------------------------------------- [0m
1490 (1.86%)        60.135 ms            1 h, 18 m, 41 s      10.66 M                                    [0m
1500 (1.88%)        61.437 ms            1 h, 20 m, 22 s      10.50 M              4.36 M                [0m
1510 (1.89%)        62.118 ms            1 h, 21 m, 15 s      10.38 M                                    [0m
1520 (1.90%)        60.415 ms            1 h, 19 m, 1 s       10.61 M                                    [0m
1530 (1.91%)        59.454 ms            1 h, 17 m, 45 s      10.77 M                                    [0m
1540 (1.93%)        59.285 ms            1 h, 17 m, 31 s      10.81 M                                    [0m
1550 (1.94%)        59.627 ms            1 h, 17 m, 57 s      10.75 M                                    [0m
1560 (1.95%)        59.381 ms            1 h, 17 m, 37 s      10.79 M                                    [0m
1570 (1.96%)        58.931 ms            1 h, 17 m, 1 s       10.87 M                                    [0m
1580 (1.98%)        59.764 ms            1 h, 18 m, 6 s       10.72 M                                    [0m
Image after composite:  torch.Size([128, 160, 141])
Image after composite:  torch.Size([128, 160, 141])
Image after composite:  torch.Size([128, 160, 141])
Image after composite:  torch.Size([128, 160, 141])
Image after composite:  torch.Size([128, 160, 141])
Image after composite:  torch.Size([128, 160, 141])
Image after composite:  torch.Size([128, 160, 141])
Image after composite:  torch.Size([128, 160, 141])
Image after composite:  torch.Size([128, 160, 141])
Image after composite:  torch.Size([128, 160, 141])
[12A[1KStep (% Done)       Train Iter (time)    ETA (time)           Train Rays / Sec     Test Rays / Sec       [0m
-------------------------------------------------------------------------------------------------------- [0m
1500 (1.88%)        61.437 ms            1 h, 20 m, 22 s      10.50 M              4.36 M                [0m
1510 (1.89%)        62.118 ms            1 h, 21 m, 15 s      10.38 M                                    [0m
1520 (1.90%)        60.415 ms            1 h, 19 m, 1 s       10.61 M                                    [0m
1530 (1.91%)        59.454 ms            1 h, 17 m, 45 s      10.77 M                                    [0m
1540 (1.93%)        59.285 ms            1 h, 17 m, 31 s      10.81 M                                    [0m
1550 (1.94%)        59.627 ms            1 h, 17 m, 57 s      10.75 M                                    [0m
1560 (1.95%)        59.381 ms            1 h, 17 m, 37 s      10.79 M                                    [0m
1570 (1.96%)        58.931 ms            1 h, 17 m, 1 s       10.87 M                                    [0m
1580 (1.98%)        59.764 ms            1 h, 18 m, 6 s       10.72 M                                    [0m
1590 (1.99%)        60.601 ms            1 h, 19 m, 11 s      10.57 M                                    [0m
Image after composite:  torch.Size([128, 160, 141])
Image after composite:  torch.Size([128, 160, 141])
Image after composite:  torch.Size([128, 160, 141])
Image after composite:  torch.Size([128, 160, 141])
Image after composite:  torch.Size([128, 160, 141])
Image after composite:  torch.Size([128, 160, 141])
Image after composite:  torch.Size([128, 160, 141])
Image after composite:  torch.Size([128, 160, 141])
Image after composite:  torch.Size([128, 160, 141])
Image after composite:  torch.Size([128, 160, 141])
[2;36m[16:13:13][0m[2;36m [0mSplitting [1;36m0.01123683591606345[0m gaussians: [1;36m430[0m/[1;36m38267[0m                            ]8;id=458933;file:///coc/flash5/skumar704/hyperspectral_3d/nerfstudio/nerfstudio/models/hyperspectral_splatfacto.py\[2mhyperspectral_splatfacto.py[0m]8;;\[2m:[0m]8;id=45814;file:///coc/flash5/skumar704/hyperspectral_3d/nerfstudio/nerfstudio/models/hyperspectral_splatfacto.py#602\[2m602[0m]8;;\
[2;36m          [0m[2;36m [0mDuplicating [1;36m0.01212532991872893[0m gaussians: [1;36m464[0m/[1;36m38267[0m                          ]8;id=249068;file:///coc/flash5/skumar704/hyperspectral_3d/nerfstudio/nerfstudio/models/hyperspectral_splatfacto.py\[2mhyperspectral_splatfacto.py[0m]8;;\[2m:[0m]8;id=465776;file:///coc/flash5/skumar704/hyperspectral_3d/nerfstudio/nerfstudio/models/hyperspectral_splatfacto.py#640\[2m640[0m]8;;\
[2;36m          [0m[2;36m [0mCulled [1;36m908[0m gaussians [1m([0m[1;36m478[0m below alpha thresh, [1;36m0[0m too bigs, [1;36m38683[0m remaining[1m)[0m    ]8;id=821874;file:///coc/flash5/skumar704/hyperspectral_3d/nerfstudio/nerfstudio/models/hyperspectral_splatfacto.py\[2mhyperspectral_splatfacto.py[0m]8;;\[2m:[0m]8;id=470735;file:///coc/flash5/skumar704/hyperspectral_3d/nerfstudio/nerfstudio/models/hyperspectral_splatfacto.py#590\[2m590[0m]8;;\
[12A[1KStep (% Done)       Train Iter (time)    ETA (time)           Train Rays / Sec     Test Rays / Sec       [0m
-------------------------------------------------------------------------------------------------------- [0m
1510 (1.89%)        62.118 ms            1 h, 21 m, 15 s      10.38 M                                    [0m
1520 (1.90%)        60.415 ms            1 h, 19 m, 1 s       10.61 M                                    [0m
1530 (1.91%)        59.454 ms            1 h, 17 m, 45 s      10.77 M                                    [0m
1540 (1.93%)        59.285 ms            1 h, 17 m, 31 s      10.81 M                                    [0m
1550 (1.94%)        59.627 ms            1 h, 17 m, 57 s      10.75 M                                    [0m
1560 (1.95%)        59.381 ms            1 h, 17 m, 37 s      10.79 M                                    [0m
1570 (1.96%)        58.931 ms            1 h, 17 m, 1 s       10.87 M                                    [0m
1580 (1.98%)        59.764 ms            1 h, 18 m, 6 s       10.72 M                                    [0m
1590 (1.99%)        60.601 ms            1 h, 19 m, 11 s      10.57 M                                    [0m
1600 (2.00%)        61.497 ms            1 h, 20 m, 21 s      10.46 M              4.40 M                [0m
Image after composite:  torch.Size([128, 160, 141])
Image after composite:  torch.Size([128, 160, 141])
Image after composite:  torch.Size([128, 160, 141])
Image after composite:  torch.Size([128, 160, 141])
Image after composite:  torch.Size([128, 160, 141])
Image after composite:  torch.Size([128, 160, 141])
Image after composite:  torch.Size([128, 160, 141])
Image after composite:  torch.Size([128, 160, 141])
Image after composite:  torch.Size([128, 160, 141])
Image after composite:  torch.Size([128, 160, 141])
[12A[1KStep (% Done)       Train Iter (time)    ETA (time)           Train Rays / Sec     Test Rays / Sec       [0m
-------------------------------------------------------------------------------------------------------- [0m
1520 (1.90%)        60.415 ms            1 h, 19 m, 1 s       10.61 M                                    [0m
1530 (1.91%)        59.454 ms            1 h, 17 m, 45 s      10.77 M                                    [0m
1540 (1.93%)        59.285 ms            1 h, 17 m, 31 s      10.81 M                                    [0m
1550 (1.94%)        59.627 ms            1 h, 17 m, 57 s      10.75 M                                    [0m
1560 (1.95%)        59.381 ms            1 h, 17 m, 37 s      10.79 M                                    [0m
1570 (1.96%)        58.931 ms            1 h, 17 m, 1 s       10.87 M                                    [0m
1580 (1.98%)        59.764 ms            1 h, 18 m, 6 s       10.72 M                                    [0m
1590 (1.99%)        60.601 ms            1 h, 19 m, 11 s      10.57 M                                    [0m
1600 (2.00%)        61.497 ms            1 h, 20 m, 21 s      10.46 M              4.40 M                [0m
1610 (2.01%)        61.020 ms            1 h, 19 m, 43 s      10.55 M                                    [0m
Image after composite:  torch.Size([128, 160, 141])
Image after composite:  torch.Size([128, 160, 141])
Image after composite:  torch.Size([128, 160, 141])
Image after composite:  torch.Size([128, 160, 141])
Image after composite:  torch.Size([128, 160, 141])
Image after composite:  torch.Size([128, 160, 141])
Image after composite:  torch.Size([128, 160, 141])
Image after composite:  torch.Size([128, 160, 141])
Image after composite:  torch.Size([128, 160, 141])
Image after composite:  torch.Size([128, 160, 141])
[12A[1KStep (% Done)       Train Iter (time)    ETA (time)           Train Rays / Sec     Test Rays / Sec       [0m
-------------------------------------------------------------------------------------------------------- [0m
1530 (1.91%)        59.454 ms            1 h, 17 m, 45 s      10.77 M                                    [0m
1540 (1.93%)        59.285 ms            1 h, 17 m, 31 s      10.81 M                                    [0m
1550 (1.94%)        59.627 ms            1 h, 17 m, 57 s      10.75 M                                    [0m
1560 (1.95%)        59.381 ms            1 h, 17 m, 37 s      10.79 M                                    [0m
1570 (1.96%)        58.931 ms            1 h, 17 m, 1 s       10.87 M                                    [0m
1580 (1.98%)        59.764 ms            1 h, 18 m, 6 s       10.72 M                                    [0m
1590 (1.99%)        60.601 ms            1 h, 19 m, 11 s      10.57 M                                    [0m
1600 (2.00%)        61.497 ms            1 h, 20 m, 21 s      10.46 M              4.40 M                [0m
1610 (2.01%)        61.020 ms            1 h, 19 m, 43 s      10.55 M                                    [0m
1620 (2.02%)        60.037 ms            1 h, 18 m, 25 s      10.66 M                                    [0m
Image after composite:  torch.Size([128, 160, 141])
Image after composite:  torch.Size([128, 160, 141])
Image after composite:  torch.Size([128, 160, 141])
Image after composite:  torch.Size([128, 160, 141])
Image after composite:  torch.Size([128, 160, 141])
Image after composite:  torch.Size([128, 160, 141])
Image after composite:  torch.Size([128, 160, 141])
Image after composite:  torch.Size([128, 160, 141])
Image after composite:  torch.Size([128, 160, 141])
Image after composite:  torch.Size([128, 160, 141])
[12A[1KStep (% Done)       Train Iter (time)    ETA (time)           Train Rays / Sec     Test Rays / Sec       [0m
-------------------------------------------------------------------------------------------------------- [0m
1540 (1.93%)        59.285 ms            1 h, 17 m, 31 s      10.81 M                                    [0m
1550 (1.94%)        59.627 ms            1 h, 17 m, 57 s      10.75 M                                    [0m
1560 (1.95%)        59.381 ms            1 h, 17 m, 37 s      10.79 M                                    [0m
1570 (1.96%)        58.931 ms            1 h, 17 m, 1 s       10.87 M                                    [0m
1580 (1.98%)        59.764 ms            1 h, 18 m, 6 s       10.72 M                                    [0m
1590 (1.99%)        60.601 ms            1 h, 19 m, 11 s      10.57 M                                    [0m
1600 (2.00%)        61.497 ms            1 h, 20 m, 21 s      10.46 M              4.40 M                [0m
1610 (2.01%)        61.020 ms            1 h, 19 m, 43 s      10.55 M                                    [0m
1620 (2.02%)        60.037 ms            1 h, 18 m, 25 s      10.66 M                                    [0m
1630 (2.04%)        59.892 ms            1 h, 18 m, 13 s      10.69 M                                    [0m
Image after composite:  torch.Size([128, 160, 141])
Image after composite:  torch.Size([128, 160, 141])
Image after composite:  torch.Size([128, 160, 141])
Image after composite:  torch.Size([128, 160, 141])
Image after composite:  torch.Size([128, 160, 141])
Image after composite:  torch.Size([128, 160, 141])
Image after composite:  torch.Size([128, 160, 141])
Image after composite:  torch.Size([128, 160, 141])
Image after composite:  torch.Size([128, 160, 141])
Image after composite:  torch.Size([128, 160, 141])
[12A[1KStep (% Done)       Train Iter (time)    ETA (time)           Train Rays / Sec     Test Rays / Sec       [0m
-------------------------------------------------------------------------------------------------------- [0m
1550 (1.94%)        59.627 ms            1 h, 17 m, 57 s      10.75 M                                    [0m
1560 (1.95%)        59.381 ms            1 h, 17 m, 37 s      10.79 M                                    [0m
1570 (1.96%)        58.931 ms            1 h, 17 m, 1 s       10.87 M                                    [0m
1580 (1.98%)        59.764 ms            1 h, 18 m, 6 s       10.72 M                                    [0m
1590 (1.99%)        60.601 ms            1 h, 19 m, 11 s      10.57 M                                    [0m
1600 (2.00%)        61.497 ms            1 h, 20 m, 21 s      10.46 M              4.40 M                [0m
1610 (2.01%)        61.020 ms            1 h, 19 m, 43 s      10.55 M                                    [0m
1620 (2.02%)        60.037 ms            1 h, 18 m, 25 s      10.66 M                                    [0m
1630 (2.04%)        59.892 ms            1 h, 18 m, 13 s      10.69 M                                    [0m
1640 (2.05%)        59.651 ms            1 h, 17 m, 54 s      10.74 M                                    [0m
Image after composite:  torch.Size([128, 160, 141])
Image after composite:  torch.Size([128, 160, 141])
Image after composite:  torch.Size([128, 160, 141])
Image after composite:  torch.Size([128, 160, 141])
Image after composite:  torch.Size([128, 160, 141])
Image after composite:  torch.Size([128, 160, 141])
Image after composite:  torch.Size([128, 160, 141])
Image after composite:  torch.Size([128, 160, 141])
Image after composite:  torch.Size([128, 160, 141])
Image after composite:  torch.Size([128, 160, 141])
[12A[1KStep (% Done)       Train Iter (time)    ETA (time)           Train Rays / Sec     Test Rays / Sec       [0m
-------------------------------------------------------------------------------------------------------- [0m
1560 (1.95%)        59.381 ms            1 h, 17 m, 37 s      10.79 M                                    [0m
1570 (1.96%)        58.931 ms            1 h, 17 m, 1 s       10.87 M                                    [0m
1580 (1.98%)        59.764 ms            1 h, 18 m, 6 s       10.72 M                                    [0m
1590 (1.99%)        60.601 ms            1 h, 19 m, 11 s      10.57 M                                    [0m
1600 (2.00%)        61.497 ms            1 h, 20 m, 21 s      10.46 M              4.40 M                [0m
1610 (2.01%)        61.020 ms            1 h, 19 m, 43 s      10.55 M                                    [0m
1620 (2.02%)        60.037 ms            1 h, 18 m, 25 s      10.66 M                                    [0m
1630 (2.04%)        59.892 ms            1 h, 18 m, 13 s      10.69 M                                    [0m
1640 (2.05%)        59.651 ms            1 h, 17 m, 54 s      10.74 M                                    [0m
1650 (2.06%)        59.413 ms            1 h, 17 m, 35 s      10.78 M                                    [0m
Image after composite:  torch.Size([128, 160, 141])
Image after composite:  torch.Size([128, 160, 141])
Image after composite:  torch.Size([128, 160, 141])
Image after composite:  torch.Size([128, 160, 141])
Image after composite:  torch.Size([128, 160, 141])
Image after composite:  torch.Size([128, 160, 141])
Image after composite:  torch.Size([128, 160, 141])
Image after composite:  torch.Size([128, 160, 141])
Image after composite:  torch.Size([128, 160, 141])
Image after composite:  torch.Size([128, 160, 141])
[12A[1KStep (% Done)       Train Iter (time)    ETA (time)           Train Rays / Sec     Test Rays / Sec       [0m
-------------------------------------------------------------------------------------------------------- [0m
1570 (1.96%)        58.931 ms            1 h, 17 m, 1 s       10.87 M                                    [0m
1580 (1.98%)        59.764 ms            1 h, 18 m, 6 s       10.72 M                                    [0m
1590 (1.99%)        60.601 ms            1 h, 19 m, 11 s      10.57 M                                    [0m
1600 (2.00%)        61.497 ms            1 h, 20 m, 21 s      10.46 M              4.40 M                [0m
1610 (2.01%)        61.020 ms            1 h, 19 m, 43 s      10.55 M                                    [0m
1620 (2.02%)        60.037 ms            1 h, 18 m, 25 s      10.66 M                                    [0m
1630 (2.04%)        59.892 ms            1 h, 18 m, 13 s      10.69 M                                    [0m
1640 (2.05%)        59.651 ms            1 h, 17 m, 54 s      10.74 M                                    [0m
1650 (2.06%)        59.413 ms            1 h, 17 m, 35 s      10.78 M                                    [0m
1660 (2.08%)        59.139 ms            1 h, 17 m, 12 s      10.83 M                                    [0m
Image after composite:  torch.Size([128, 160, 141])
Image after composite:  torch.Size([128, 160, 141])
Image after composite:  torch.Size([128, 160, 141])
Image after composite:  torch.Size([128, 160, 141])
Image after composite:  torch.Size([128, 160, 141])
Image after composite:  torch.Size([128, 160, 141])
Image after composite:  torch.Size([128, 160, 141])
Image after composite:  torch.Size([128, 160, 141])
Image after composite:  torch.Size([128, 160, 141])
Image after composite:  torch.Size([128, 160, 141])
[12A[1KStep (% Done)       Train Iter (time)    ETA (time)           Train Rays / Sec     Test Rays / Sec       [0m
-------------------------------------------------------------------------------------------------------- [0m
1580 (1.98%)        59.764 ms            1 h, 18 m, 6 s       10.72 M                                    [0m
1590 (1.99%)        60.601 ms            1 h, 19 m, 11 s      10.57 M                                    [0m
1600 (2.00%)        61.497 ms            1 h, 20 m, 21 s      10.46 M              4.40 M                [0m
1610 (2.01%)        61.020 ms            1 h, 19 m, 43 s      10.55 M                                    [0m
1620 (2.02%)        60.037 ms            1 h, 18 m, 25 s      10.66 M                                    [0m
1630 (2.04%)        59.892 ms            1 h, 18 m, 13 s      10.69 M                                    [0m
1640 (2.05%)        59.651 ms            1 h, 17 m, 54 s      10.74 M                                    [0m
1650 (2.06%)        59.413 ms            1 h, 17 m, 35 s      10.78 M                                    [0m
1660 (2.08%)        59.139 ms            1 h, 17 m, 12 s      10.83 M                                    [0m
1670 (2.09%)        59.536 ms            1 h, 17 m, 43 s      10.76 M                                    [0m
Image after composite:  torch.Size([128, 160, 141])
Image after composite:  torch.Size([128, 160, 141])
Image after composite:  torch.Size([128, 160, 141])
Image after composite:  torch.Size([128, 160, 141])
Image after composite:  torch.Size([128, 160, 141])
Image after composite:  torch.Size([128, 160, 141])
Image after composite:  torch.Size([128, 160, 141])
Image after composite:  torch.Size([128, 160, 141])
Image after composite:  torch.Size([128, 160, 141])
Image after composite:  torch.Size([128, 160, 141])
[12A[1KStep (% Done)       Train Iter (time)    ETA (time)           Train Rays / Sec     Test Rays / Sec       [0m
-------------------------------------------------------------------------------------------------------- [0m
1590 (1.99%)        60.601 ms            1 h, 19 m, 11 s      10.57 M                                    [0m
1600 (2.00%)        61.497 ms            1 h, 20 m, 21 s      10.46 M              4.40 M                [0m
1610 (2.01%)        61.020 ms            1 h, 19 m, 43 s      10.55 M                                    [0m
1620 (2.02%)        60.037 ms            1 h, 18 m, 25 s      10.66 M                                    [0m
1630 (2.04%)        59.892 ms            1 h, 18 m, 13 s      10.69 M                                    [0m
1640 (2.05%)        59.651 ms            1 h, 17 m, 54 s      10.74 M                                    [0m
1650 (2.06%)        59.413 ms            1 h, 17 m, 35 s      10.78 M                                    [0m
1660 (2.08%)        59.139 ms            1 h, 17 m, 12 s      10.83 M                                    [0m
1670 (2.09%)        59.536 ms            1 h, 17 m, 43 s      10.76 M                                    [0m
1680 (2.10%)        59.702 ms            1 h, 17 m, 55 s      10.73 M                                    [0m
Image after composite:  torch.Size([128, 160, 141])
Image after composite:  torch.Size([128, 160, 141])
Image after composite:  torch.Size([128, 160, 141])
Image after composite:  torch.Size([128, 160, 141])
Image after composite:  torch.Size([128, 160, 141])
Image after composite:  torch.Size([128, 160, 141])
Image after composite:  torch.Size([128, 160, 141])
Image after composite:  torch.Size([128, 160, 141])
Image after composite:  torch.Size([128, 160, 141])
Image after composite:  torch.Size([128, 160, 141])
[12A[1KStep (% Done)       Train Iter (time)    ETA (time)           Train Rays / Sec     Test Rays / Sec       [0m
-------------------------------------------------------------------------------------------------------- [0m
1600 (2.00%)        61.497 ms            1 h, 20 m, 21 s      10.46 M              4.40 M                [0m
1610 (2.01%)        61.020 ms            1 h, 19 m, 43 s      10.55 M                                    [0m
1620 (2.02%)        60.037 ms            1 h, 18 m, 25 s      10.66 M                                    [0m
1630 (2.04%)        59.892 ms            1 h, 18 m, 13 s      10.69 M                                    [0m
1640 (2.05%)        59.651 ms            1 h, 17 m, 54 s      10.74 M                                    [0m
1650 (2.06%)        59.413 ms            1 h, 17 m, 35 s      10.78 M                                    [0m
1660 (2.08%)        59.139 ms            1 h, 17 m, 12 s      10.83 M                                    [0m
1670 (2.09%)        59.536 ms            1 h, 17 m, 43 s      10.76 M                                    [0m
1680 (2.10%)        59.702 ms            1 h, 17 m, 55 s      10.73 M                                    [0m
1690 (2.11%)        59.524 ms            1 h, 17 m, 41 s      10.76 M                                    [0m
Image after composite:  torch.Size([128, 160, 141])
Image after composite:  torch.Size([128, 160, 141])
Image after composite:  torch.Size([128, 160, 141])
Image after composite:  torch.Size([128, 160, 141])
Image after composite:  torch.Size([128, 160, 141])
Image after composite:  torch.Size([128, 160, 141])
Image after composite:  torch.Size([128, 160, 141])
Image after composite:  torch.Size([128, 160, 141])
Image after composite:  torch.Size([128, 160, 141])
Image after composite:  torch.Size([128, 160, 141])
[2;36m[16:13:20][0m[2;36m [0mSplitting [1;36m0.012253444665615386[0m gaussians: [1;36m474[0m/[1;36m38683[0m                           ]8;id=824613;file:///coc/flash5/skumar704/hyperspectral_3d/nerfstudio/nerfstudio/models/hyperspectral_splatfacto.py\[2mhyperspectral_splatfacto.py[0m]8;;\[2m:[0m]8;id=532280;file:///coc/flash5/skumar704/hyperspectral_3d/nerfstudio/nerfstudio/models/hyperspectral_splatfacto.py#602\[2m602[0m]8;;\
[2;36m          [0m[2;36m [0mDuplicating [1;36m0.01773388827133366[0m gaussians: [1;36m686[0m/[1;36m38683[0m                          ]8;id=492972;file:///coc/flash5/skumar704/hyperspectral_3d/nerfstudio/nerfstudio/models/hyperspectral_splatfacto.py\[2mhyperspectral_splatfacto.py[0m]8;;\[2m:[0m]8;id=45649;file:///coc/flash5/skumar704/hyperspectral_3d/nerfstudio/nerfstudio/models/hyperspectral_splatfacto.py#640\[2m640[0m]8;;\
[2;36m          [0m[2;36m [0mCulled [1;36m893[0m gaussians [1m([0m[1;36m419[0m below alpha thresh, [1;36m0[0m too bigs, [1;36m39424[0m remaining[1m)[0m    ]8;id=783618;file:///coc/flash5/skumar704/hyperspectral_3d/nerfstudio/nerfstudio/models/hyperspectral_splatfacto.py\[2mhyperspectral_splatfacto.py[0m]8;;\[2m:[0m]8;id=17031;file:///coc/flash5/skumar704/hyperspectral_3d/nerfstudio/nerfstudio/models/hyperspectral_splatfacto.py#590\[2m590[0m]8;;\
[12A[1KStep (% Done)       Train Iter (time)    ETA (time)           Train Rays / Sec     Test Rays / Sec       [0m
-------------------------------------------------------------------------------------------------------- [0m
1610 (2.01%)        61.020 ms            1 h, 19 m, 43 s      10.55 M                                    [0m
1620 (2.02%)        60.037 ms            1 h, 18 m, 25 s      10.66 M                                    [0m
1630 (2.04%)        59.892 ms            1 h, 18 m, 13 s      10.69 M                                    [0m
1640 (2.05%)        59.651 ms            1 h, 17 m, 54 s      10.74 M                                    [0m
1650 (2.06%)        59.413 ms            1 h, 17 m, 35 s      10.78 M                                    [0m
1660 (2.08%)        59.139 ms            1 h, 17 m, 12 s      10.83 M                                    [0m
1670 (2.09%)        59.536 ms            1 h, 17 m, 43 s      10.76 M                                    [0m
1680 (2.10%)        59.702 ms            1 h, 17 m, 55 s      10.73 M                                    [0m
1690 (2.11%)        59.524 ms            1 h, 17 m, 41 s      10.76 M                                    [0m
1700 (2.12%)        60.933 ms            1 h, 19 m, 31 s      10.58 M              4.38 M                [0m
Image after composite:  torch.Size([128, 160, 141])
Image after composite:  torch.Size([128, 160, 141])
Image after composite:  torch.Size([128, 160, 141])
Image after composite:  torch.Size([128, 160, 141])
Image after composite:  torch.Size([128, 160, 141])
Image after composite:  torch.Size([128, 160, 141])
Image after composite:  torch.Size([128, 160, 141])
Image after composite:  torch.Size([128, 160, 141])
Image after composite:  torch.Size([128, 160, 141])
Image after composite:  torch.Size([128, 160, 141])
[12A[1KStep (% Done)       Train Iter (time)    ETA (time)           Train Rays / Sec     Test Rays / Sec       [0m
-------------------------------------------------------------------------------------------------------- [0m
1620 (2.02%)        60.037 ms            1 h, 18 m, 25 s      10.66 M                                    [0m
1630 (2.04%)        59.892 ms            1 h, 18 m, 13 s      10.69 M                                    [0m
1640 (2.05%)        59.651 ms            1 h, 17 m, 54 s      10.74 M                                    [0m
1650 (2.06%)        59.413 ms            1 h, 17 m, 35 s      10.78 M                                    [0m
1660 (2.08%)        59.139 ms            1 h, 17 m, 12 s      10.83 M                                    [0m
1670 (2.09%)        59.536 ms            1 h, 17 m, 43 s      10.76 M                                    [0m
1680 (2.10%)        59.702 ms            1 h, 17 m, 55 s      10.73 M                                    [0m
1690 (2.11%)        59.524 ms            1 h, 17 m, 41 s      10.76 M                                    [0m
1700 (2.12%)        60.933 ms            1 h, 19 m, 31 s      10.58 M              4.38 M                [0m
1710 (2.14%)        60.807 ms            1 h, 19 m, 20 s      10.61 M                                    [0m
Image after composite:  torch.Size([128, 160, 141])
Image after composite:  torch.Size([128, 160, 141])
Image after composite:  torch.Size([128, 160, 141])
Image after composite:  torch.Size([128, 160, 141])
Image after composite:  torch.Size([128, 160, 141])
Image after composite:  torch.Size([128, 160, 141])
Image after composite:  torch.Size([128, 160, 141])
Image after composite:  torch.Size([128, 160, 141])
Image after composite:  torch.Size([128, 160, 141])
Image after composite:  torch.Size([128, 160, 141])
[12A[1KStep (% Done)       Train Iter (time)    ETA (time)           Train Rays / Sec     Test Rays / Sec       [0m
-------------------------------------------------------------------------------------------------------- [0m
1630 (2.04%)        59.892 ms            1 h, 18 m, 13 s      10.69 M                                    [0m
1640 (2.05%)        59.651 ms            1 h, 17 m, 54 s      10.74 M                                    [0m
1650 (2.06%)        59.413 ms            1 h, 17 m, 35 s      10.78 M                                    [0m
1660 (2.08%)        59.139 ms            1 h, 17 m, 12 s      10.83 M                                    [0m
1670 (2.09%)        59.536 ms            1 h, 17 m, 43 s      10.76 M                                    [0m
1680 (2.10%)        59.702 ms            1 h, 17 m, 55 s      10.73 M                                    [0m
1690 (2.11%)        59.524 ms            1 h, 17 m, 41 s      10.76 M                                    [0m
1700 (2.12%)        60.933 ms            1 h, 19 m, 31 s      10.58 M              4.38 M                [0m
1710 (2.14%)        60.807 ms            1 h, 19 m, 20 s      10.61 M                                    [0m
1720 (2.15%)        59.292 ms            1 h, 17 m, 21 s      10.81 M                                    [0m
Image after composite:  torch.Size([128, 160, 141])
Image after composite:  torch.Size([128, 160, 141])
Image after composite:  torch.Size([128, 160, 141])
Image after composite:  torch.Size([128, 160, 141])
Image after composite:  torch.Size([128, 160, 141])
Image after composite:  torch.Size([128, 160, 141])
Image after composite:  torch.Size([128, 160, 141])
Image after composite:  torch.Size([128, 160, 141])
Image after composite:  torch.Size([128, 160, 141])
Image after composite:  torch.Size([128, 160, 141])
[12A[1KStep (% Done)       Train Iter (time)    ETA (time)           Train Rays / Sec     Test Rays / Sec       [0m
-------------------------------------------------------------------------------------------------------- [0m
1640 (2.05%)        59.651 ms            1 h, 17 m, 54 s      10.74 M                                    [0m
1650 (2.06%)        59.413 ms            1 h, 17 m, 35 s      10.78 M                                    [0m
1660 (2.08%)        59.139 ms            1 h, 17 m, 12 s      10.83 M                                    [0m
1670 (2.09%)        59.536 ms            1 h, 17 m, 43 s      10.76 M                                    [0m
1680 (2.10%)        59.702 ms            1 h, 17 m, 55 s      10.73 M                                    [0m
1690 (2.11%)        59.524 ms            1 h, 17 m, 41 s      10.76 M                                    [0m
1700 (2.12%)        60.933 ms            1 h, 19 m, 31 s      10.58 M              4.38 M                [0m
1710 (2.14%)        60.807 ms            1 h, 19 m, 20 s      10.61 M                                    [0m
1720 (2.15%)        59.292 ms            1 h, 17 m, 21 s      10.81 M                                    [0m
1730 (2.16%)        59.234 ms            1 h, 17 m, 16 s      10.82 M                                    [0m
Image after composite:  torch.Size([128, 160, 141])
Image after composite:  torch.Size([128, 160, 141])
Image after composite:  torch.Size([128, 160, 141])
Image after composite:  torch.Size([128, 160, 141])
Image after composite:  torch.Size([128, 160, 141])
Image after composite:  torch.Size([128, 160, 141])
Image after composite:  torch.Size([128, 160, 141])
Image after composite:  torch.Size([128, 160, 141])
Image after composite:  torch.Size([128, 160, 141])
Image after composite:  torch.Size([128, 160, 141])
[12A[1KStep (% Done)       Train Iter (time)    ETA (time)           Train Rays / Sec     Test Rays / Sec       [0m
-------------------------------------------------------------------------------------------------------- [0m
1650 (2.06%)        59.413 ms            1 h, 17 m, 35 s      10.78 M                                    [0m
1660 (2.08%)        59.139 ms            1 h, 17 m, 12 s      10.83 M                                    [0m
1670 (2.09%)        59.536 ms            1 h, 17 m, 43 s      10.76 M                                    [0m
1680 (2.10%)        59.702 ms            1 h, 17 m, 55 s      10.73 M                                    [0m
1690 (2.11%)        59.524 ms            1 h, 17 m, 41 s      10.76 M                                    [0m
1700 (2.12%)        60.933 ms            1 h, 19 m, 31 s      10.58 M              4.38 M                [0m
1710 (2.14%)        60.807 ms            1 h, 19 m, 20 s      10.61 M                                    [0m
1720 (2.15%)        59.292 ms            1 h, 17 m, 21 s      10.81 M                                    [0m
1730 (2.16%)        59.234 ms            1 h, 17 m, 16 s      10.82 M                                    [0m
1740 (2.17%)        59.190 ms            1 h, 17 m, 12 s      10.83 M                                    [0m
Image after composite:  torch.Size([128, 160, 141])
Image after composite:  torch.Size([128, 160, 141])
Image after composite:  torch.Size([128, 160, 141])
Image after composite:  torch.Size([128, 160, 141])
Image after composite:  torch.Size([128, 160, 141])
Image after composite:  torch.Size([128, 160, 141])
Image after composite:  torch.Size([128, 160, 141])
Image after composite:  torch.Size([128, 160, 141])
Image after composite:  torch.Size([128, 160, 141])
Image after composite:  torch.Size([128, 160, 141])
[12A[1KStep (% Done)       Train Iter (time)    ETA (time)           Train Rays / Sec     Test Rays / Sec       [0m
-------------------------------------------------------------------------------------------------------- [0m
1660 (2.08%)        59.139 ms            1 h, 17 m, 12 s      10.83 M                                    [0m
1670 (2.09%)        59.536 ms            1 h, 17 m, 43 s      10.76 M                                    [0m
1680 (2.10%)        59.702 ms            1 h, 17 m, 55 s      10.73 M                                    [0m
1690 (2.11%)        59.524 ms            1 h, 17 m, 41 s      10.76 M                                    [0m
1700 (2.12%)        60.933 ms            1 h, 19 m, 31 s      10.58 M              4.38 M                [0m
1710 (2.14%)        60.807 ms            1 h, 19 m, 20 s      10.61 M                                    [0m
1720 (2.15%)        59.292 ms            1 h, 17 m, 21 s      10.81 M                                    [0m
1730 (2.16%)        59.234 ms            1 h, 17 m, 16 s      10.82 M                                    [0m
1740 (2.17%)        59.190 ms            1 h, 17 m, 12 s      10.83 M                                    [0m
1750 (2.19%)        59.431 ms            1 h, 17 m, 30 s      10.78 M                                    [0m
Image after composite:  torch.Size([128, 160, 141])
Image after composite:  torch.Size([128, 160, 141])
Image after composite:  torch.Size([128, 160, 141])
Image after composite:  torch.Size([128, 160, 141])
Image after composite:  torch.Size([128, 160, 141])
Image after composite:  torch.Size([128, 160, 141])
Image after composite:  torch.Size([128, 160, 141])
Image after composite:  torch.Size([128, 160, 141])
Image after composite:  torch.Size([128, 160, 141])
Image after composite:  torch.Size([128, 160, 141])
[12A[1KStep (% Done)       Train Iter (time)    ETA (time)           Train Rays / Sec     Test Rays / Sec       [0m
-------------------------------------------------------------------------------------------------------- [0m
1670 (2.09%)        59.536 ms            1 h, 17 m, 43 s      10.76 M                                    [0m
1680 (2.10%)        59.702 ms            1 h, 17 m, 55 s      10.73 M                                    [0m
1690 (2.11%)        59.524 ms            1 h, 17 m, 41 s      10.76 M                                    [0m
1700 (2.12%)        60.933 ms            1 h, 19 m, 31 s      10.58 M              4.38 M                [0m
1710 (2.14%)        60.807 ms            1 h, 19 m, 20 s      10.61 M                                    [0m
1720 (2.15%)        59.292 ms            1 h, 17 m, 21 s      10.81 M                                    [0m
1730 (2.16%)        59.234 ms            1 h, 17 m, 16 s      10.82 M                                    [0m
1740 (2.17%)        59.190 ms            1 h, 17 m, 12 s      10.83 M                                    [0m
1750 (2.19%)        59.431 ms            1 h, 17 m, 30 s      10.78 M                                    [0m
1760 (2.20%)        59.214 ms            1 h, 17 m, 12 s      10.82 M                                    [0m
Image after composite:  torch.Size([128, 160, 141])
Image after composite:  torch.Size([128, 160, 141])
Image after composite:  torch.Size([128, 160, 141])
Image after composite:  torch.Size([128, 160, 141])
Image after composite:  torch.Size([128, 160, 141])
Image after composite:  torch.Size([128, 160, 141])
Image after composite:  torch.Size([128, 160, 141])
Image after composite:  torch.Size([128, 160, 141])
Image after composite:  torch.Size([128, 160, 141])
Image after composite:  torch.Size([128, 160, 141])
[12A[1KStep (% Done)       Train Iter (time)    ETA (time)           Train Rays / Sec     Test Rays / Sec       [0m
-------------------------------------------------------------------------------------------------------- [0m
1680 (2.10%)        59.702 ms            1 h, 17 m, 55 s      10.73 M                                    [0m
1690 (2.11%)        59.524 ms            1 h, 17 m, 41 s      10.76 M                                    [0m
1700 (2.12%)        60.933 ms            1 h, 19 m, 31 s      10.58 M              4.38 M                [0m
1710 (2.14%)        60.807 ms            1 h, 19 m, 20 s      10.61 M                                    [0m
1720 (2.15%)        59.292 ms            1 h, 17 m, 21 s      10.81 M                                    [0m
1730 (2.16%)        59.234 ms            1 h, 17 m, 16 s      10.82 M                                    [0m
1740 (2.17%)        59.190 ms            1 h, 17 m, 12 s      10.83 M                                    [0m
1750 (2.19%)        59.431 ms            1 h, 17 m, 30 s      10.78 M                                    [0m
1760 (2.20%)        59.214 ms            1 h, 17 m, 12 s      10.82 M                                    [0m
1770 (2.21%)        59.178 ms            1 h, 17 m, 9 s       10.82 M                                    [0m
Image after composite:  torch.Size([128, 160, 141])
Image after composite:  torch.Size([128, 160, 141])
Image after composite:  torch.Size([128, 160, 141])
Image after composite:  torch.Size([128, 160, 141])
Image after composite:  torch.Size([128, 160, 141])
Image after composite:  torch.Size([128, 160, 141])
Image after composite:  torch.Size([128, 160, 141])
Image after composite:  torch.Size([128, 160, 141])
Image after composite:  torch.Size([128, 160, 141])
Image after composite:  torch.Size([128, 160, 141])
[12A[1KStep (% Done)       Train Iter (time)    ETA (time)           Train Rays / Sec     Test Rays / Sec       [0m
-------------------------------------------------------------------------------------------------------- [0m
1690 (2.11%)        59.524 ms            1 h, 17 m, 41 s      10.76 M                                    [0m
1700 (2.12%)        60.933 ms            1 h, 19 m, 31 s      10.58 M              4.38 M                [0m
1710 (2.14%)        60.807 ms            1 h, 19 m, 20 s      10.61 M                                    [0m
1720 (2.15%)        59.292 ms            1 h, 17 m, 21 s      10.81 M                                    [0m
1730 (2.16%)        59.234 ms            1 h, 17 m, 16 s      10.82 M                                    [0m
1740 (2.17%)        59.190 ms            1 h, 17 m, 12 s      10.83 M                                    [0m
1750 (2.19%)        59.431 ms            1 h, 17 m, 30 s      10.78 M                                    [0m
1760 (2.20%)        59.214 ms            1 h, 17 m, 12 s      10.82 M                                    [0m
1770 (2.21%)        59.178 ms            1 h, 17 m, 9 s       10.82 M                                    [0m
1780 (2.23%)        59.122 ms            1 h, 17 m, 4 s       10.83 M                                    [0m
Image after composite:  torch.Size([128, 160, 141])
Image after composite:  torch.Size([128, 160, 141])
Image after composite:  torch.Size([128, 160, 141])
Image after composite:  torch.Size([128, 160, 141])
Image after composite:  torch.Size([128, 160, 141])
Image after composite:  torch.Size([128, 160, 141])
Image after composite:  torch.Size([128, 160, 141])
Image after composite:  torch.Size([128, 160, 141])
Image after composite:  torch.Size([128, 160, 141])
Image after composite:  torch.Size([128, 160, 141])
[12A[1KStep (% Done)       Train Iter (time)    ETA (time)           Train Rays / Sec     Test Rays / Sec       [0m
-------------------------------------------------------------------------------------------------------- [0m
1700 (2.12%)        60.933 ms            1 h, 19 m, 31 s      10.58 M              4.38 M                [0m
1710 (2.14%)        60.807 ms            1 h, 19 m, 20 s      10.61 M                                    [0m
1720 (2.15%)        59.292 ms            1 h, 17 m, 21 s      10.81 M                                    [0m
1730 (2.16%)        59.234 ms            1 h, 17 m, 16 s      10.82 M                                    [0m
1740 (2.17%)        59.190 ms            1 h, 17 m, 12 s      10.83 M                                    [0m
1750 (2.19%)        59.431 ms            1 h, 17 m, 30 s      10.78 M                                    [0m
1760 (2.20%)        59.214 ms            1 h, 17 m, 12 s      10.82 M                                    [0m
1770 (2.21%)        59.178 ms            1 h, 17 m, 9 s       10.82 M                                    [0m
1780 (2.23%)        59.122 ms            1 h, 17 m, 4 s       10.83 M                                    [0m
1790 (2.24%)        58.870 ms            1 h, 16 m, 44 s      10.88 M                                    [0m
Image after composite:  torch.Size([128, 160, 141])
Image after composite:  torch.Size([128, 160, 141])
Image after composite:  torch.Size([128, 160, 141])
Image after composite:  torch.Size([128, 160, 141])
Image after composite:  torch.Size([128, 160, 141])
Image after composite:  torch.Size([128, 160, 141])
Image after composite:  torch.Size([128, 160, 141])
Image after composite:  torch.Size([128, 160, 141])
Image after composite:  torch.Size([128, 160, 141])
Image after composite:  torch.Size([128, 160, 141])
[2;36m[16:13:26][0m[2;36m [0mSplitting [1;36m0.010247564935064936[0m gaussians: [1;36m404[0m/[1;36m39424[0m                           ]8;id=712413;file:///coc/flash5/skumar704/hyperspectral_3d/nerfstudio/nerfstudio/models/hyperspectral_splatfacto.py\[2mhyperspectral_splatfacto.py[0m]8;;\[2m:[0m]8;id=167758;file:///coc/flash5/skumar704/hyperspectral_3d/nerfstudio/nerfstudio/models/hyperspectral_splatfacto.py#602\[2m602[0m]8;;\
[2;36m          [0m[2;36m [0mDuplicating [1;36m0.016183035714285716[0m gaussians: [1;36m638[0m/[1;36m39424[0m                         ]8;id=637086;file:///coc/flash5/skumar704/hyperspectral_3d/nerfstudio/nerfstudio/models/hyperspectral_splatfacto.py\[2mhyperspectral_splatfacto.py[0m]8;;\[2m:[0m]8;id=711027;file:///coc/flash5/skumar704/hyperspectral_3d/nerfstudio/nerfstudio/models/hyperspectral_splatfacto.py#640\[2m640[0m]8;;\
[2;36m          [0m[2;36m [0mCulled [1;36m828[0m gaussians [1m([0m[1;36m424[0m below alpha thresh, [1;36m0[0m too bigs, [1;36m40042[0m remaining[1m)[0m    ]8;id=70499;file:///coc/flash5/skumar704/hyperspectral_3d/nerfstudio/nerfstudio/models/hyperspectral_splatfacto.py\[2mhyperspectral_splatfacto.py[0m]8;;\[2m:[0m]8;id=247459;file:///coc/flash5/skumar704/hyperspectral_3d/nerfstudio/nerfstudio/models/hyperspectral_splatfacto.py#590\[2m590[0m]8;;\
[12A[1KStep (% Done)       Train Iter (time)    ETA (time)           Train Rays / Sec     Test Rays / Sec       [0m
-------------------------------------------------------------------------------------------------------- [0m
1710 (2.14%)        60.807 ms            1 h, 19 m, 20 s      10.61 M                                    [0m
1720 (2.15%)        59.292 ms            1 h, 17 m, 21 s      10.81 M                                    [0m
1730 (2.16%)        59.234 ms            1 h, 17 m, 16 s      10.82 M                                    [0m
1740 (2.17%)        59.190 ms            1 h, 17 m, 12 s      10.83 M                                    [0m
1750 (2.19%)        59.431 ms            1 h, 17 m, 30 s      10.78 M                                    [0m
1760 (2.20%)        59.214 ms            1 h, 17 m, 12 s      10.82 M                                    [0m
1770 (2.21%)        59.178 ms            1 h, 17 m, 9 s       10.82 M                                    [0m
1780 (2.23%)        59.122 ms            1 h, 17 m, 4 s       10.83 M                                    [0m
1790 (2.24%)        58.870 ms            1 h, 16 m, 44 s      10.88 M                                    [0m
1800 (2.25%)        60.636 ms            1 h, 19 m, 1 s       10.64 M              4.40 M                [0m
Image after composite:  torch.Size([128, 160, 141])
Image after composite:  torch.Size([128, 160, 141])
Image after composite:  torch.Size([128, 160, 141])
Image after composite:  torch.Size([128, 160, 141])
Image after composite:  torch.Size([128, 160, 141])
Image after composite:  torch.Size([128, 160, 141])
Image after composite:  torch.Size([128, 160, 141])
Image after composite:  torch.Size([128, 160, 141])
Image after composite:  torch.Size([128, 160, 141])
Image after composite:  torch.Size([128, 160, 141])
[12A[1KStep (% Done)       Train Iter (time)    ETA (time)           Train Rays / Sec     Test Rays / Sec       [0m
-------------------------------------------------------------------------------------------------------- [0m
1720 (2.15%)        59.292 ms            1 h, 17 m, 21 s      10.81 M                                    [0m
1730 (2.16%)        59.234 ms            1 h, 17 m, 16 s      10.82 M                                    [0m
1740 (2.17%)        59.190 ms            1 h, 17 m, 12 s      10.83 M                                    [0m
1750 (2.19%)        59.431 ms            1 h, 17 m, 30 s      10.78 M                                    [0m
1760 (2.20%)        59.214 ms            1 h, 17 m, 12 s      10.82 M                                    [0m
1770 (2.21%)        59.178 ms            1 h, 17 m, 9 s       10.82 M                                    [0m
1780 (2.23%)        59.122 ms            1 h, 17 m, 4 s       10.83 M                                    [0m
1790 (2.24%)        58.870 ms            1 h, 16 m, 44 s      10.88 M                                    [0m
1800 (2.25%)        60.636 ms            1 h, 19 m, 1 s       10.64 M              4.40 M                [0m
1810 (2.26%)        60.998 ms            1 h, 19 m, 29 s      10.57 M                                    [0m
Image after composite:  torch.Size([128, 160, 141])
Image after composite:  torch.Size([128, 160, 141])
Image after composite:  torch.Size([128, 160, 141])
Image after composite:  torch.Size([128, 160, 141])
Image after composite:  torch.Size([128, 160, 141])
Image after composite:  torch.Size([128, 160, 141])
Image after composite:  torch.Size([128, 160, 141])
Image after composite:  torch.Size([128, 160, 141])
Image after composite:  torch.Size([128, 160, 141])
Image after composite:  torch.Size([128, 160, 141])
[12A[1KStep (% Done)       Train Iter (time)    ETA (time)           Train Rays / Sec     Test Rays / Sec       [0m
-------------------------------------------------------------------------------------------------------- [0m
1730 (2.16%)        59.234 ms            1 h, 17 m, 16 s      10.82 M                                    [0m
1740 (2.17%)        59.190 ms            1 h, 17 m, 12 s      10.83 M                                    [0m
1750 (2.19%)        59.431 ms            1 h, 17 m, 30 s      10.78 M                                    [0m
1760 (2.20%)        59.214 ms            1 h, 17 m, 12 s      10.82 M                                    [0m
1770 (2.21%)        59.178 ms            1 h, 17 m, 9 s       10.82 M                                    [0m
1780 (2.23%)        59.122 ms            1 h, 17 m, 4 s       10.83 M                                    [0m
1790 (2.24%)        58.870 ms            1 h, 16 m, 44 s      10.88 M                                    [0m
1800 (2.25%)        60.636 ms            1 h, 19 m, 1 s       10.64 M              4.40 M                [0m
1810 (2.26%)        60.998 ms            1 h, 19 m, 29 s      10.57 M                                    [0m
1820 (2.27%)        59.752 ms            1 h, 17 m, 51 s      10.72 M                                    [0m
Image after composite:  torch.Size([128, 160, 141])
Image after composite:  torch.Size([128, 160, 141])
Image after composite:  torch.Size([128, 160, 141])
Image after composite:  torch.Size([128, 160, 141])
Image after composite:  torch.Size([128, 160, 141])
Image after composite:  torch.Size([128, 160, 141])
Image after composite:  torch.Size([128, 160, 141])
Image after composite:  torch.Size([128, 160, 141])
Image after composite:  torch.Size([128, 160, 141])
Image after composite:  torch.Size([128, 160, 141])
[12A[1KStep (% Done)       Train Iter (time)    ETA (time)           Train Rays / Sec     Test Rays / Sec       [0m
-------------------------------------------------------------------------------------------------------- [0m
1740 (2.17%)        59.190 ms            1 h, 17 m, 12 s      10.83 M                                    [0m
1750 (2.19%)        59.431 ms            1 h, 17 m, 30 s      10.78 M                                    [0m
1760 (2.20%)        59.214 ms            1 h, 17 m, 12 s      10.82 M                                    [0m
1770 (2.21%)        59.178 ms            1 h, 17 m, 9 s       10.82 M                                    [0m
1780 (2.23%)        59.122 ms            1 h, 17 m, 4 s       10.83 M                                    [0m
1790 (2.24%)        58.870 ms            1 h, 16 m, 44 s      10.88 M                                    [0m
1800 (2.25%)        60.636 ms            1 h, 19 m, 1 s       10.64 M              4.40 M                [0m
1810 (2.26%)        60.998 ms            1 h, 19 m, 29 s      10.57 M                                    [0m
1820 (2.27%)        59.752 ms            1 h, 17 m, 51 s      10.72 M                                    [0m
1830 (2.29%)        59.944 ms            1 h, 18 m, 5 s       10.69 M                                    [0m
Image after composite:  torch.Size([128, 160, 141])
Image after composite:  torch.Size([128, 160, 141])
Image after composite:  torch.Size([128, 160, 141])
Image after composite:  torch.Size([128, 160, 141])
Image after composite:  torch.Size([128, 160, 141])
Image after composite:  torch.Size([128, 160, 141])
Image after composite:  torch.Size([128, 160, 141])
Image after composite:  torch.Size([128, 160, 141])
Image after composite:  torch.Size([128, 160, 141])
Image after composite:  torch.Size([128, 160, 141])
[12A[1KStep (% Done)       Train Iter (time)    ETA (time)           Train Rays / Sec     Test Rays / Sec       [0m
-------------------------------------------------------------------------------------------------------- [0m
1750 (2.19%)        59.431 ms            1 h, 17 m, 30 s      10.78 M                                    [0m
1760 (2.20%)        59.214 ms            1 h, 17 m, 12 s      10.82 M                                    [0m
1770 (2.21%)        59.178 ms            1 h, 17 m, 9 s       10.82 M                                    [0m
1780 (2.23%)        59.122 ms            1 h, 17 m, 4 s       10.83 M                                    [0m
1790 (2.24%)        58.870 ms            1 h, 16 m, 44 s      10.88 M                                    [0m
1800 (2.25%)        60.636 ms            1 h, 19 m, 1 s       10.64 M              4.40 M                [0m
1810 (2.26%)        60.998 ms            1 h, 19 m, 29 s      10.57 M                                    [0m
1820 (2.27%)        59.752 ms            1 h, 17 m, 51 s      10.72 M                                    [0m
1830 (2.29%)        59.944 ms            1 h, 18 m, 5 s       10.69 M                                    [0m
1840 (2.30%)        60.088 ms            1 h, 18 m, 16 s      10.66 M                                    [0m
Image after composite:  torch.Size([128, 160, 141])
Image after composite:  torch.Size([128, 160, 141])
Image after composite:  torch.Size([128, 160, 141])
Image after composite:  torch.Size([128, 160, 141])
Image after composite:  torch.Size([128, 160, 141])
Image after composite:  torch.Size([128, 160, 141])
Image after composite:  torch.Size([128, 160, 141])
Image after composite:  torch.Size([128, 160, 141])
Image after composite:  torch.Size([128, 160, 141])
Image after composite:  torch.Size([128, 160, 141])
[12A[1KStep (% Done)       Train Iter (time)    ETA (time)           Train Rays / Sec     Test Rays / Sec       [0m
-------------------------------------------------------------------------------------------------------- [0m
1760 (2.20%)        59.214 ms            1 h, 17 m, 12 s      10.82 M                                    [0m
1770 (2.21%)        59.178 ms            1 h, 17 m, 9 s       10.82 M                                    [0m
1780 (2.23%)        59.122 ms            1 h, 17 m, 4 s       10.83 M                                    [0m
1790 (2.24%)        58.870 ms            1 h, 16 m, 44 s      10.88 M                                    [0m
1800 (2.25%)        60.636 ms            1 h, 19 m, 1 s       10.64 M              4.40 M                [0m
1810 (2.26%)        60.998 ms            1 h, 19 m, 29 s      10.57 M                                    [0m
1820 (2.27%)        59.752 ms            1 h, 17 m, 51 s      10.72 M                                    [0m
1830 (2.29%)        59.944 ms            1 h, 18 m, 5 s       10.69 M                                    [0m
1840 (2.30%)        60.088 ms            1 h, 18 m, 16 s      10.66 M                                    [0m
1850 (2.31%)        59.606 ms            1 h, 17 m, 38 s      10.74 M                                    [0m
Image after composite:  torch.Size([128, 160, 141])
Image after composite:  torch.Size([128, 160, 141])
Image after composite:  torch.Size([128, 160, 141])
Image after composite:  torch.Size([128, 160, 141])
Image after composite:  torch.Size([128, 160, 141])
Image after composite:  torch.Size([128, 160, 141])
Image after composite:  torch.Size([128, 160, 141])
Image after composite:  torch.Size([128, 160, 141])
Image after composite:  torch.Size([128, 160, 141])
Image after composite:  torch.Size([128, 160, 141])
[12A[1KStep (% Done)       Train Iter (time)    ETA (time)           Train Rays / Sec     Test Rays / Sec       [0m
-------------------------------------------------------------------------------------------------------- [0m
1770 (2.21%)        59.178 ms            1 h, 17 m, 9 s       10.82 M                                    [0m
1780 (2.23%)        59.122 ms            1 h, 17 m, 4 s       10.83 M                                    [0m
1790 (2.24%)        58.870 ms            1 h, 16 m, 44 s      10.88 M                                    [0m
1800 (2.25%)        60.636 ms            1 h, 19 m, 1 s       10.64 M              4.40 M                [0m
1810 (2.26%)        60.998 ms            1 h, 19 m, 29 s      10.57 M                                    [0m
1820 (2.27%)        59.752 ms            1 h, 17 m, 51 s      10.72 M                                    [0m
1830 (2.29%)        59.944 ms            1 h, 18 m, 5 s       10.69 M                                    [0m
1840 (2.30%)        60.088 ms            1 h, 18 m, 16 s      10.66 M                                    [0m
1850 (2.31%)        59.606 ms            1 h, 17 m, 38 s      10.74 M                                    [0m
1860 (2.33%)        59.768 ms            1 h, 17 m, 50 s      10.72 M                                    [0m
Image after composite:  torch.Size([128, 160, 141])
Image after composite:  torch.Size([128, 160, 141])
Image after composite:  torch.Size([128, 160, 141])
Image after composite:  torch.Size([128, 160, 141])
Image after composite:  torch.Size([128, 160, 141])
Image after composite:  torch.Size([128, 160, 141])
Image after composite:  torch.Size([128, 160, 141])
Image after composite:  torch.Size([128, 160, 141])
Image after composite:  torch.Size([128, 160, 141])
Image after composite:  torch.Size([128, 160, 141])
[12A[1KStep (% Done)       Train Iter (time)    ETA (time)           Train Rays / Sec     Test Rays / Sec       [0m
-------------------------------------------------------------------------------------------------------- [0m
1780 (2.23%)        59.122 ms            1 h, 17 m, 4 s       10.83 M                                    [0m
1790 (2.24%)        58.870 ms            1 h, 16 m, 44 s      10.88 M                                    [0m
1800 (2.25%)        60.636 ms            1 h, 19 m, 1 s       10.64 M              4.40 M                [0m
1810 (2.26%)        60.998 ms            1 h, 19 m, 29 s      10.57 M                                    [0m
1820 (2.27%)        59.752 ms            1 h, 17 m, 51 s      10.72 M                                    [0m
1830 (2.29%)        59.944 ms            1 h, 18 m, 5 s       10.69 M                                    [0m
1840 (2.30%)        60.088 ms            1 h, 18 m, 16 s      10.66 M                                    [0m
1850 (2.31%)        59.606 ms            1 h, 17 m, 38 s      10.74 M                                    [0m
1860 (2.33%)        59.768 ms            1 h, 17 m, 50 s      10.72 M                                    [0m
1870 (2.34%)        60.191 ms            1 h, 18 m, 22 s      10.65 M                                    [0m
Image after composite:  torch.Size([128, 160, 141])
Image after composite:  torch.Size([128, 160, 141])
Image after composite:  torch.Size([128, 160, 141])
Image after composite:  torch.Size([128, 160, 141])
Image after composite:  torch.Size([128, 160, 141])
Image after composite:  torch.Size([128, 160, 141])
Image after composite:  torch.Size([128, 160, 141])
Image after composite:  torch.Size([128, 160, 141])
Image after composite:  torch.Size([128, 160, 141])
Image after composite:  torch.Size([128, 160, 141])
[12A[1KStep (% Done)       Train Iter (time)    ETA (time)           Train Rays / Sec     Test Rays / Sec       [0m
-------------------------------------------------------------------------------------------------------- [0m
1790 (2.24%)        58.870 ms            1 h, 16 m, 44 s      10.88 M                                    [0m
1800 (2.25%)        60.636 ms            1 h, 19 m, 1 s       10.64 M              4.40 M                [0m
1810 (2.26%)        60.998 ms            1 h, 19 m, 29 s      10.57 M                                    [0m
1820 (2.27%)        59.752 ms            1 h, 17 m, 51 s      10.72 M                                    [0m
1830 (2.29%)        59.944 ms            1 h, 18 m, 5 s       10.69 M                                    [0m
1840 (2.30%)        60.088 ms            1 h, 18 m, 16 s      10.66 M                                    [0m
1850 (2.31%)        59.606 ms            1 h, 17 m, 38 s      10.74 M                                    [0m
1860 (2.33%)        59.768 ms            1 h, 17 m, 50 s      10.72 M                                    [0m
1870 (2.34%)        60.191 ms            1 h, 18 m, 22 s      10.65 M                                    [0m
1880 (2.35%)        59.534 ms            1 h, 17 m, 30 s      10.77 M                                    [0m
Image after composite:  torch.Size([128, 160, 141])
Image after composite:  torch.Size([128, 160, 141])
Image after composite:  torch.Size([128, 160, 141])
Image after composite:  torch.Size([128, 160, 141])
Image after composite:  torch.Size([128, 160, 141])
Image after composite:  torch.Size([128, 160, 141])
Image after composite:  torch.Size([128, 160, 141])
Image after composite:  torch.Size([128, 160, 141])
Image after composite:  torch.Size([128, 160, 141])
Image after composite:  torch.Size([128, 160, 141])
[12A[1KStep (% Done)       Train Iter (time)    ETA (time)           Train Rays / Sec     Test Rays / Sec       [0m
-------------------------------------------------------------------------------------------------------- [0m
1800 (2.25%)        60.636 ms            1 h, 19 m, 1 s       10.64 M              4.40 M                [0m
1810 (2.26%)        60.998 ms            1 h, 19 m, 29 s      10.57 M                                    [0m
1820 (2.27%)        59.752 ms            1 h, 17 m, 51 s      10.72 M                                    [0m
1830 (2.29%)        59.944 ms            1 h, 18 m, 5 s       10.69 M                                    [0m
1840 (2.30%)        60.088 ms            1 h, 18 m, 16 s      10.66 M                                    [0m
1850 (2.31%)        59.606 ms            1 h, 17 m, 38 s      10.74 M                                    [0m
1860 (2.33%)        59.768 ms            1 h, 17 m, 50 s      10.72 M                                    [0m
1870 (2.34%)        60.191 ms            1 h, 18 m, 22 s      10.65 M                                    [0m
1880 (2.35%)        59.534 ms            1 h, 17 m, 30 s      10.77 M                                    [0m
1890 (2.36%)        59.321 ms            1 h, 17 m, 13 s      10.80 M                                    [0m
Image after composite:  torch.Size([128, 160, 141])
Image after composite:  torch.Size([128, 160, 141])
Image after composite:  torch.Size([128, 160, 141])
Image after composite:  torch.Size([128, 160, 141])
Image after composite:  torch.Size([128, 160, 141])
Image after composite:  torch.Size([128, 160, 141])
Image after composite:  torch.Size([128, 160, 141])
Image after composite:  torch.Size([128, 160, 141])
Image after composite:  torch.Size([128, 160, 141])
Image after composite:  torch.Size([128, 160, 141])
[2;36m[16:13:33][0m[2;36m [0mSplitting [1;36m0.009065481244693072[0m gaussians: [1;36m363[0m/[1;36m40042[0m                           ]8;id=871776;file:///coc/flash5/skumar704/hyperspectral_3d/nerfstudio/nerfstudio/models/hyperspectral_splatfacto.py\[2mhyperspectral_splatfacto.py[0m]8;;\[2m:[0m]8;id=130192;file:///coc/flash5/skumar704/hyperspectral_3d/nerfstudio/nerfstudio/models/hyperspectral_splatfacto.py#602\[2m602[0m]8;;\
[2;36m          [0m[2;36m [0mDuplicating [1;36m0.014409869636881274[0m gaussians: [1;36m577[0m/[1;36m40042[0m                         ]8;id=169834;file:///coc/flash5/skumar704/hyperspectral_3d/nerfstudio/nerfstudio/models/hyperspectral_splatfacto.py\[2mhyperspectral_splatfacto.py[0m]8;;\[2m:[0m]8;id=338334;file:///coc/flash5/skumar704/hyperspectral_3d/nerfstudio/nerfstudio/models/hyperspectral_splatfacto.py#640\[2m640[0m]8;;\
[2;36m          [0m[2;36m [0mCulled [1;36m678[0m gaussians [1m([0m[1;36m315[0m below alpha thresh, [1;36m0[0m too bigs, [1;36m40667[0m remaining[1m)[0m    ]8;id=993508;file:///coc/flash5/skumar704/hyperspectral_3d/nerfstudio/nerfstudio/models/hyperspectral_splatfacto.py\[2mhyperspectral_splatfacto.py[0m]8;;\[2m:[0m]8;id=986609;file:///coc/flash5/skumar704/hyperspectral_3d/nerfstudio/nerfstudio/models/hyperspectral_splatfacto.py#590\[2m590[0m]8;;\
[12A[1KStep (% Done)       Train Iter (time)    ETA (time)           Train Rays / Sec     Test Rays / Sec       [0m
-------------------------------------------------------------------------------------------------------- [0m
1810 (2.26%)        60.998 ms            1 h, 19 m, 29 s      10.57 M                                    [0m
1820 (2.27%)        59.752 ms            1 h, 17 m, 51 s      10.72 M                                    [0m
1830 (2.29%)        59.944 ms            1 h, 18 m, 5 s       10.69 M                                    [0m
1840 (2.30%)        60.088 ms            1 h, 18 m, 16 s      10.66 M                                    [0m
1850 (2.31%)        59.606 ms            1 h, 17 m, 38 s      10.74 M                                    [0m
1860 (2.33%)        59.768 ms            1 h, 17 m, 50 s      10.72 M                                    [0m
1870 (2.34%)        60.191 ms            1 h, 18 m, 22 s      10.65 M                                    [0m
1880 (2.35%)        59.534 ms            1 h, 17 m, 30 s      10.77 M                                    [0m
1890 (2.36%)        59.321 ms            1 h, 17 m, 13 s      10.80 M                                    [0m
1900 (2.38%)        60.890 ms            1 h, 19 m, 15 s      10.61 M              4.40 M                [0m
Image after composite:  torch.Size([128, 160, 141])
Image after composite:  torch.Size([128, 160, 141])
Image after composite:  torch.Size([128, 160, 141])
Image after composite:  torch.Size([128, 160, 141])
Image after composite:  torch.Size([128, 160, 141])
Image after composite:  torch.Size([128, 160, 141])
Image after composite:  torch.Size([128, 160, 141])
Image after composite:  torch.Size([128, 160, 141])
Image after composite:  torch.Size([128, 160, 141])
Image after composite:  torch.Size([128, 160, 141])
[12A[1KStep (% Done)       Train Iter (time)    ETA (time)           Train Rays / Sec     Test Rays / Sec       [0m
-------------------------------------------------------------------------------------------------------- [0m
1820 (2.27%)        59.752 ms            1 h, 17 m, 51 s      10.72 M                                    [0m
1830 (2.29%)        59.944 ms            1 h, 18 m, 5 s       10.69 M                                    [0m
1840 (2.30%)        60.088 ms            1 h, 18 m, 16 s      10.66 M                                    [0m
1850 (2.31%)        59.606 ms            1 h, 17 m, 38 s      10.74 M                                    [0m
1860 (2.33%)        59.768 ms            1 h, 17 m, 50 s      10.72 M                                    [0m
1870 (2.34%)        60.191 ms            1 h, 18 m, 22 s      10.65 M                                    [0m
1880 (2.35%)        59.534 ms            1 h, 17 m, 30 s      10.77 M                                    [0m
1890 (2.36%)        59.321 ms            1 h, 17 m, 13 s      10.80 M                                    [0m
1900 (2.38%)        60.890 ms            1 h, 19 m, 15 s      10.61 M              4.40 M                [0m
1910 (2.39%)        61.247 ms            1 h, 19 m, 42 s      10.54 M                                    [0m
Image after composite:  torch.Size([128, 160, 141])
Image after composite:  torch.Size([128, 160, 141])
Image after composite:  torch.Size([128, 160, 141])
Image after composite:  torch.Size([128, 160, 141])
Image after composite:  torch.Size([128, 160, 141])
Image after composite:  torch.Size([128, 160, 141])
Image after composite:  torch.Size([128, 160, 141])
Image after composite:  torch.Size([128, 160, 141])
Image after composite:  torch.Size([128, 160, 141])
Image after composite:  torch.Size([128, 160, 141])
[12A[1KStep (% Done)       Train Iter (time)    ETA (time)           Train Rays / Sec     Test Rays / Sec       [0m
-------------------------------------------------------------------------------------------------------- [0m
1830 (2.29%)        59.944 ms            1 h, 18 m, 5 s       10.69 M                                    [0m
1840 (2.30%)        60.088 ms            1 h, 18 m, 16 s      10.66 M                                    [0m
1850 (2.31%)        59.606 ms            1 h, 17 m, 38 s      10.74 M                                    [0m
1860 (2.33%)        59.768 ms            1 h, 17 m, 50 s      10.72 M                                    [0m
1870 (2.34%)        60.191 ms            1 h, 18 m, 22 s      10.65 M                                    [0m
1880 (2.35%)        59.534 ms            1 h, 17 m, 30 s      10.77 M                                    [0m
1890 (2.36%)        59.321 ms            1 h, 17 m, 13 s      10.80 M                                    [0m
1900 (2.38%)        60.890 ms            1 h, 19 m, 15 s      10.61 M              4.40 M                [0m
1910 (2.39%)        61.247 ms            1 h, 19 m, 42 s      10.54 M                                    [0m
1920 (2.40%)        60.329 ms            1 h, 18 m, 30 s      10.62 M                                    [0m
Image after composite:  torch.Size([128, 160, 141])
Image after composite:  torch.Size([128, 160, 141])
Image after composite:  torch.Size([128, 160, 141])
Image after composite:  torch.Size([128, 160, 141])
Image after composite:  torch.Size([128, 160, 141])
Image after composite:  torch.Size([128, 160, 141])
Image after composite:  torch.Size([128, 160, 141])
Image after composite:  torch.Size([128, 160, 141])
Image after composite:  torch.Size([128, 160, 141])
Image after composite:  torch.Size([128, 160, 141])
[12A[1KStep (% Done)       Train Iter (time)    ETA (time)           Train Rays / Sec     Test Rays / Sec       [0m
-------------------------------------------------------------------------------------------------------- [0m
1840 (2.30%)        60.088 ms            1 h, 18 m, 16 s      10.66 M                                    [0m
1850 (2.31%)        59.606 ms            1 h, 17 m, 38 s      10.74 M                                    [0m
1860 (2.33%)        59.768 ms            1 h, 17 m, 50 s      10.72 M                                    [0m
1870 (2.34%)        60.191 ms            1 h, 18 m, 22 s      10.65 M                                    [0m
1880 (2.35%)        59.534 ms            1 h, 17 m, 30 s      10.77 M                                    [0m
1890 (2.36%)        59.321 ms            1 h, 17 m, 13 s      10.80 M                                    [0m
1900 (2.38%)        60.890 ms            1 h, 19 m, 15 s      10.61 M              4.40 M                [0m
1910 (2.39%)        61.247 ms            1 h, 19 m, 42 s      10.54 M                                    [0m
1920 (2.40%)        60.329 ms            1 h, 18 m, 30 s      10.62 M                                    [0m
1930 (2.41%)        60.186 ms            1 h, 18 m, 18 s      10.65 M                                    [0m
Image after composite:  torch.Size([128, 160, 141])
Image after composite:  torch.Size([128, 160, 141])
Image after composite:  torch.Size([128, 160, 141])
Image after composite:  torch.Size([128, 160, 141])
Image after composite:  torch.Size([128, 160, 141])
Image after composite:  torch.Size([128, 160, 141])
Image after composite:  torch.Size([128, 160, 141])
Image after composite:  torch.Size([128, 160, 141])
Image after composite:  torch.Size([128, 160, 141])
Image after composite:  torch.Size([128, 160, 141])
[12A[1KStep (% Done)       Train Iter (time)    ETA (time)           Train Rays / Sec     Test Rays / Sec       [0m
-------------------------------------------------------------------------------------------------------- [0m
1850 (2.31%)        59.606 ms            1 h, 17 m, 38 s      10.74 M                                    [0m
1860 (2.33%)        59.768 ms            1 h, 17 m, 50 s      10.72 M                                    [0m
1870 (2.34%)        60.191 ms            1 h, 18 m, 22 s      10.65 M                                    [0m
1880 (2.35%)        59.534 ms            1 h, 17 m, 30 s      10.77 M                                    [0m
1890 (2.36%)        59.321 ms            1 h, 17 m, 13 s      10.80 M                                    [0m
1900 (2.38%)        60.890 ms            1 h, 19 m, 15 s      10.61 M              4.40 M                [0m
1910 (2.39%)        61.247 ms            1 h, 19 m, 42 s      10.54 M                                    [0m
1920 (2.40%)        60.329 ms            1 h, 18 m, 30 s      10.62 M                                    [0m
1930 (2.41%)        60.186 ms            1 h, 18 m, 18 s      10.65 M                                    [0m
1940 (2.43%)        60.147 ms            1 h, 18 m, 15 s      10.65 M                                    [0m
Image after composite:  torch.Size([128, 160, 141])
Image after composite:  torch.Size([128, 160, 141])
Image after composite:  torch.Size([128, 160, 141])
Image after composite:  torch.Size([128, 160, 141])
Image after composite:  torch.Size([128, 160, 141])
Image after composite:  torch.Size([128, 160, 141])
Image after composite:  torch.Size([128, 160, 141])
Image after composite:  torch.Size([128, 160, 141])
Image after composite:  torch.Size([128, 160, 141])
Image after composite:  torch.Size([128, 160, 141])
[12A[1KStep (% Done)       Train Iter (time)    ETA (time)           Train Rays / Sec     Test Rays / Sec       [0m
-------------------------------------------------------------------------------------------------------- [0m
1860 (2.33%)        59.768 ms            1 h, 17 m, 50 s      10.72 M                                    [0m
1870 (2.34%)        60.191 ms            1 h, 18 m, 22 s      10.65 M                                    [0m
1880 (2.35%)        59.534 ms            1 h, 17 m, 30 s      10.77 M                                    [0m
1890 (2.36%)        59.321 ms            1 h, 17 m, 13 s      10.80 M                                    [0m
1900 (2.38%)        60.890 ms            1 h, 19 m, 15 s      10.61 M              4.40 M                [0m
1910 (2.39%)        61.247 ms            1 h, 19 m, 42 s      10.54 M                                    [0m
1920 (2.40%)        60.329 ms            1 h, 18 m, 30 s      10.62 M                                    [0m
1930 (2.41%)        60.186 ms            1 h, 18 m, 18 s      10.65 M                                    [0m
1940 (2.43%)        60.147 ms            1 h, 18 m, 15 s      10.65 M                                    [0m
1950 (2.44%)        60.174 ms            1 h, 18 m, 16 s      10.64 M                                    [0m
Image after composite:  torch.Size([128, 160, 141])
Image after composite:  torch.Size([128, 160, 141])
Image after composite:  torch.Size([128, 160, 141])
Image after composite:  torch.Size([128, 160, 141])
Image after composite:  torch.Size([128, 160, 141])
Image after composite:  torch.Size([128, 160, 141])
Image after composite:  torch.Size([128, 160, 141])
Image after composite:  torch.Size([128, 160, 141])
Image after composite:  torch.Size([128, 160, 141])
Image after composite:  torch.Size([128, 160, 141])
[12A[1KStep (% Done)       Train Iter (time)    ETA (time)           Train Rays / Sec     Test Rays / Sec       [0m
-------------------------------------------------------------------------------------------------------- [0m
1870 (2.34%)        60.191 ms            1 h, 18 m, 22 s      10.65 M                                    [0m
1880 (2.35%)        59.534 ms            1 h, 17 m, 30 s      10.77 M                                    [0m
1890 (2.36%)        59.321 ms            1 h, 17 m, 13 s      10.80 M                                    [0m
1900 (2.38%)        60.890 ms            1 h, 19 m, 15 s      10.61 M              4.40 M                [0m
1910 (2.39%)        61.247 ms            1 h, 19 m, 42 s      10.54 M                                    [0m
1920 (2.40%)        60.329 ms            1 h, 18 m, 30 s      10.62 M                                    [0m
1930 (2.41%)        60.186 ms            1 h, 18 m, 18 s      10.65 M                                    [0m
1940 (2.43%)        60.147 ms            1 h, 18 m, 15 s      10.65 M                                    [0m
1950 (2.44%)        60.174 ms            1 h, 18 m, 16 s      10.64 M                                    [0m
1960 (2.45%)        59.933 ms            1 h, 17 m, 57 s      10.68 M                                    [0m
Image after composite:  torch.Size([128, 160, 141])
Image after composite:  torch.Size([128, 160, 141])
Image after composite:  torch.Size([128, 160, 141])
Image after composite:  torch.Size([128, 160, 141])
Image after composite:  torch.Size([128, 160, 141])
Image after composite:  torch.Size([128, 160, 141])
Image after composite:  torch.Size([128, 160, 141])
Image after composite:  torch.Size([128, 160, 141])
Image after composite:  torch.Size([128, 160, 141])
Image after composite:  torch.Size([128, 160, 141])
[12A[1KStep (% Done)       Train Iter (time)    ETA (time)           Train Rays / Sec     Test Rays / Sec       [0m
-------------------------------------------------------------------------------------------------------- [0m
1880 (2.35%)        59.534 ms            1 h, 17 m, 30 s      10.77 M                                    [0m
1890 (2.36%)        59.321 ms            1 h, 17 m, 13 s      10.80 M                                    [0m
1900 (2.38%)        60.890 ms            1 h, 19 m, 15 s      10.61 M              4.40 M                [0m
1910 (2.39%)        61.247 ms            1 h, 19 m, 42 s      10.54 M                                    [0m
1920 (2.40%)        60.329 ms            1 h, 18 m, 30 s      10.62 M                                    [0m
1930 (2.41%)        60.186 ms            1 h, 18 m, 18 s      10.65 M                                    [0m
1940 (2.43%)        60.147 ms            1 h, 18 m, 15 s      10.65 M                                    [0m
1950 (2.44%)        60.174 ms            1 h, 18 m, 16 s      10.64 M                                    [0m
1960 (2.45%)        59.933 ms            1 h, 17 m, 57 s      10.68 M                                    [0m
1970 (2.46%)        59.909 ms            1 h, 17 m, 54 s      10.69 M                                    [0m
Image after composite:  torch.Size([128, 160, 141])
Image after composite:  torch.Size([128, 160, 141])
Image after composite:  torch.Size([128, 160, 141])
Image after composite:  torch.Size([128, 160, 141])
Image after composite:  torch.Size([128, 160, 141])
Image after composite:  torch.Size([128, 160, 141])
Image after composite:  torch.Size([128, 160, 141])
Image after composite:  torch.Size([128, 160, 141])
Image after composite:  torch.Size([128, 160, 141])
Image after composite:  torch.Size([128, 160, 141])
[12A[1KStep (% Done)       Train Iter (time)    ETA (time)           Train Rays / Sec     Test Rays / Sec       [0m
-------------------------------------------------------------------------------------------------------- [0m
1890 (2.36%)        59.321 ms            1 h, 17 m, 13 s      10.80 M                                    [0m
1900 (2.38%)        60.890 ms            1 h, 19 m, 15 s      10.61 M              4.40 M                [0m
1910 (2.39%)        61.247 ms            1 h, 19 m, 42 s      10.54 M                                    [0m
1920 (2.40%)        60.329 ms            1 h, 18 m, 30 s      10.62 M                                    [0m
1930 (2.41%)        60.186 ms            1 h, 18 m, 18 s      10.65 M                                    [0m
1940 (2.43%)        60.147 ms            1 h, 18 m, 15 s      10.65 M                                    [0m
1950 (2.44%)        60.174 ms            1 h, 18 m, 16 s      10.64 M                                    [0m
1960 (2.45%)        59.933 ms            1 h, 17 m, 57 s      10.68 M                                    [0m
1970 (2.46%)        59.909 ms            1 h, 17 m, 54 s      10.69 M                                    [0m
1980 (2.48%)        60.212 ms            1 h, 18 m, 17 s      10.63 M                                    [0m
Image after composite:  torch.Size([128, 160, 141])
Image after composite:  torch.Size([128, 160, 141])
Image after composite:  torch.Size([128, 160, 141])
Image after composite:  torch.Size([128, 160, 141])
Image after composite:  torch.Size([128, 160, 141])
Image after composite:  torch.Size([128, 160, 141])
Image after composite:  torch.Size([128, 160, 141])
Image after composite:  torch.Size([128, 160, 141])
Image after composite:  torch.Size([128, 160, 141])
Image after composite:  torch.Size([128, 160, 141])
[12A[1KStep (% Done)       Train Iter (time)    ETA (time)           Train Rays / Sec     Test Rays / Sec       [0m
-------------------------------------------------------------------------------------------------------- [0m
1900 (2.38%)        60.890 ms            1 h, 19 m, 15 s      10.61 M              4.40 M                [0m
1910 (2.39%)        61.247 ms            1 h, 19 m, 42 s      10.54 M                                    [0m
1920 (2.40%)        60.329 ms            1 h, 18 m, 30 s      10.62 M                                    [0m
1930 (2.41%)        60.186 ms            1 h, 18 m, 18 s      10.65 M                                    [0m
1940 (2.43%)        60.147 ms            1 h, 18 m, 15 s      10.65 M                                    [0m
1950 (2.44%)        60.174 ms            1 h, 18 m, 16 s      10.64 M                                    [0m
1960 (2.45%)        59.933 ms            1 h, 17 m, 57 s      10.68 M                                    [0m
1970 (2.46%)        59.909 ms            1 h, 17 m, 54 s      10.69 M                                    [0m
1980 (2.48%)        60.212 ms            1 h, 18 m, 17 s      10.63 M                                    [0m
1990 (2.49%)        59.688 ms            1 h, 17 m, 36 s      10.73 M                                    [0m
Image after composite:  torch.Size([128, 160, 141])
Image after composite:  torch.Size([128, 160, 141])
Image after composite:  torch.Size([128, 160, 141])
Image after composite:  torch.Size([128, 160, 141])
Image after composite:  torch.Size([128, 160, 141])
Image after composite:  torch.Size([128, 160, 141])
Image after composite:  torch.Size([128, 160, 141])
Image after composite:  torch.Size([128, 160, 141])
Image after composite:  torch.Size([128, 160, 141])
Image after composite:  torch.Size([128, 160, 141])
[2;36m[16:13:39][0m[2;36m [0mSplitting [1;36m0.007401578675584626[0m gaussians: [1;36m301[0m/[1;36m40667[0m                           ]8;id=686041;file:///coc/flash5/skumar704/hyperspectral_3d/nerfstudio/nerfstudio/models/hyperspectral_splatfacto.py\[2mhyperspectral_splatfacto.py[0m]8;;\[2m:[0m]8;id=705188;file:///coc/flash5/skumar704/hyperspectral_3d/nerfstudio/nerfstudio/models/hyperspectral_splatfacto.py#602\[2m602[0m]8;;\
[2;36m          [0m[2;36m [0mDuplicating [1;36m0.015049056974942828[0m gaussians: [1;36m612[0m/[1;36m40667[0m                         ]8;id=888324;file:///coc/flash5/skumar704/hyperspectral_3d/nerfstudio/nerfstudio/models/hyperspectral_splatfacto.py\[2mhyperspectral_splatfacto.py[0m]8;;\[2m:[0m]8;id=112718;file:///coc/flash5/skumar704/hyperspectral_3d/nerfstudio/nerfstudio/models/hyperspectral_splatfacto.py#640\[2m640[0m]8;;\
[2;36m          [0m[2;36m [0mCulled [1;36m731[0m gaussians [1m([0m[1;36m430[0m below alpha thresh, [1;36m0[0m too bigs, [1;36m41150[0m remaining[1m)[0m    ]8;id=762847;file:///coc/flash5/skumar704/hyperspectral_3d/nerfstudio/nerfstudio/models/hyperspectral_splatfacto.py\[2mhyperspectral_splatfacto.py[0m]8;;\[2m:[0m]8;id=383545;file:///coc/flash5/skumar704/hyperspectral_3d/nerfstudio/nerfstudio/models/hyperspectral_splatfacto.py#590\[2m590[0m]8;;\
[?25l[2K[32mEvaluating all eval images...[0m [38;5;237m━━━━━━━━━━━━━━━━━━━━━━━━━━━━━━━━━━━━[0m [33m0:00:00[0m [32m 0/36[0m[2K[32mEvaluating all eval images...[0m [38;5;237m━━━━━━━━━━━━━━━━━━━━━━━━━━━━━━━━━━━━[0m [33m0:00:00[0m [32m 0/36[0m[2K[32mEvaluating all eval images...[0m [38;5;237m━━━━━━━━━━━━━━━━━━━━━━━━━━━━━━━━━━━━[0m [33m0:00:00[0m [32m 0/36[0m[2K[32mEvaluating all eval images...[0m [38;5;237m━━━━━━━━━━━━━━━━━━━━━━━━━━━━━━━━━━━━[0m [33m0:00:00[0m [32m 0/36[0m[2K[32mEvaluating all eval images...[0m [38;5;237m━━━━━━━━━━━━━━━━━━━━━━━━━━━━━━━━━━━━[0m [33m0:00:00[0m [32m 0/36[0m[2K[32mEvaluating all eval images...[0m [38;2;249;38;114m━[0m[38;5;237m╺[0m[38;5;237m━━━━━━━━━━━━━━━━━━━━━━━━━━━━━━━━━━[0m [33m0:00:00[0m [32m 1/36[0m[2K[32mEvaluating all eval images...[0m [38;2;249;38;114m━━━━[0m[38;5;237m╺[0m[38;5;237m━━━━━━━━━━━━━━━━━━━━━━━━━━━━━━━[0m [33m0:00:00[0m [32m 4/36[0m[2K[32mEvaluating all eval images...[0m [38;2;249;38;114m━━━━━━[0m[38;5;237m╺[0m[38;5;237m━━━━━━━━━━━━━━━━━━━━━━━━━━━━━[0m [33m0:00:00[0m [32m 6/36[0m[2K[32mEvaluating all eval images...[0m [38;2;249;38;114m━━━━━━━━[0m[38;5;237m╺[0m[38;5;237m━━━━━━━━━━━━━━━━━━━━━━━━━━━[0m [33m0:00:00[0m [32m 8/36[0m[2K[32mEvaluating all eval images...[0m [38;2;249;38;114m━━━━━━━━━━[0m[38;5;237m╺[0m[38;5;237m━━━━━━━━━━━━━━━━━━━━━━━━━[0m [33m0:00:00[0m [32m10/36[0m[2K[32mEvaluating all eval images...[0m [38;2;249;38;114m━━━━━━━━━━━━[0m[38;5;237m╺[0m[38;5;237m━━━━━━━━━━━━━━━━━━━━━━━[0m [33m0:00:01[0m [32m12/36[0m[2K[32mEvaluating all eval images...[0m [38;2;249;38;114m━━━━━━━━━━━━━━[0m[38;5;237m╺[0m[38;5;237m━━━━━━━━━━━━━━━━━━━━━[0m [33m0:00:01[0m [32m14/36[0m[2K[32mEvaluating all eval images...[0m [38;2;249;38;114m━━━━━━━━━━━━━━━━[0m[38;5;237m╺[0m[38;5;237m━━━━━━━━━━━━━━━━━━━[0m [33m0:00:01[0m [32m16/36[0m[2K[32mEvaluating all eval images...[0m [38;2;249;38;114m━━━━━━━━━━━━━━━━━━[0m[38;5;237m╺[0m[38;5;237m━━━━━━━━━━━━━━━━━[0m [33m0:00:01[0m [32m18/36[0m[2K[32mEvaluating all eval images...[0m [38;2;249;38;114m━━━━━━━━━━━━━━━━━━━━━[0m[38;5;237m╺[0m[38;5;237m━━━━━━━━━━━━━━[0m [33m0:00:01[0m [32m21/36[0m[2K[32mEvaluating all eval images...[0m [38;2;249;38;114m━━━━━━━━━━━━━━━━━━━━━━━[0m[38;5;237m╺[0m[38;5;237m━━━━━━━━━━━━[0m [33m0:00:01[0m [32m23/36[0m[2K[32mEvaluating all eval images...[0m [38;2;249;38;114m━━━━━━━━━━━━━━━━━━━━━━━━━[0m[38;5;237m╺[0m[38;5;237m━━━━━━━━━━[0m [33m0:00:01[0m [32m25/36[0m[2K[32mEvaluating all eval images...[0m [38;2;249;38;114m━━━━━━━━━━━━━━━━━━━━━━━━━━━[0m[38;5;237m╺[0m[38;5;237m━━━━━━━━[0m [33m0:00:01[0m [32m27/36[0m[2K[32mEvaluating all eval images...[0m [38;2;249;38;114m━━━━━━━━━━━━━━━━━━━━━━━━━━━━━━[0m[38;5;237m╺[0m[38;5;237m━━━━━[0m [33m0:00:01[0m [32m30/36[0m[2K[32mEvaluating all eval images...[0m [38;2;249;38;114m━━━━━━━━━━━━━━━━━━━━━━━━━━━━━━━━[0m[38;5;237m╺[0m[38;5;237m━━━[0m [33m0:00:01[0m [32m32/36[0m[2K[32mEvaluating all eval images...[0m [38;2;249;38;114m━━━━━━━━━━━━━━━━━━━━━━━━━━━━━━━━━━[0m[38;5;237m╺[0m[38;5;237m━[0m [33m0:00:02[0m [32m34/36[0m[2K[32mEvaluating all eval images...[0m [38;2;114;156;31m━━━━━━━━━━━━━━━━━━━━━━━━━━━━━━━━━━━━[0m [33m0:00:02[0m [32m36/36[0m
[?25h[1A[2K[12A[1KStep (% Done)       Train Iter (time)    ETA (time)           Train Rays / Sec     Test Rays / Sec       [0m
-------------------------------------------------------------------------------------------------------- [0m
1910 (2.39%)        61.247 ms            1 h, 19 m, 42 s      10.54 M                                    [0m
1920 (2.40%)        60.329 ms            1 h, 18 m, 30 s      10.62 M                                    [0m
1930 (2.41%)        60.186 ms            1 h, 18 m, 18 s      10.65 M                                    [0m
1940 (2.43%)        60.147 ms            1 h, 18 m, 15 s      10.65 M                                    [0m
1950 (2.44%)        60.174 ms            1 h, 18 m, 16 s      10.64 M                                    [0m
1960 (2.45%)        59.933 ms            1 h, 17 m, 57 s      10.68 M                                    [0m
1970 (2.46%)        59.909 ms            1 h, 17 m, 54 s      10.69 M                                    [0m
1980 (2.48%)        60.212 ms            1 h, 18 m, 17 s      10.63 M                                    [0m
1990 (2.49%)        59.688 ms            1 h, 17 m, 36 s      10.73 M                                    [0m
2000 (2.50%)        61.451 ms            1 h, 19 m, 53 s      10.58 M              4.42 M                [0m
Image after composite:  torch.Size([128, 160, 141])
Image after composite:  torch.Size([128, 160, 141])
Image after composite:  torch.Size([128, 160, 141])
Image after composite:  torch.Size([128, 160, 141])
Image after composite:  torch.Size([128, 160, 141])
Image after composite:  torch.Size([128, 160, 141])
Image after composite:  torch.Size([128, 160, 141])
Image after composite:  torch.Size([128, 160, 141])
Image after composite:  torch.Size([128, 160, 141])
Image after composite:  torch.Size([128, 160, 141])
[12A[1KStep (% Done)       Train Iter (time)    ETA (time)           Train Rays / Sec     Test Rays / Sec       [0m
-------------------------------------------------------------------------------------------------------- [0m
1920 (2.40%)        60.329 ms            1 h, 18 m, 30 s      10.62 M                                    [0m
1930 (2.41%)        60.186 ms            1 h, 18 m, 18 s      10.65 M                                    [0m
1940 (2.43%)        60.147 ms            1 h, 18 m, 15 s      10.65 M                                    [0m
1950 (2.44%)        60.174 ms            1 h, 18 m, 16 s      10.64 M                                    [0m
1960 (2.45%)        59.933 ms            1 h, 17 m, 57 s      10.68 M                                    [0m
1970 (2.46%)        59.909 ms            1 h, 17 m, 54 s      10.69 M                                    [0m
1980 (2.48%)        60.212 ms            1 h, 18 m, 17 s      10.63 M                                    [0m
1990 (2.49%)        59.688 ms            1 h, 17 m, 36 s      10.73 M                                    [0m
2000 (2.50%)        61.451 ms            1 h, 19 m, 53 s      10.58 M              4.42 M                [0m
2010 (2.51%)        69.658 ms            1 h, 30 m, 32 s      9.39 M                                     [0m
Image after composite:  torch.Size([128, 160, 141])
Image after composite:  torch.Size([128, 160, 141])
Image after composite:  torch.Size([128, 160, 141])
Image after composite:  torch.Size([128, 160, 141])
Image after composite:  torch.Size([128, 160, 141])
Image after composite:  torch.Size([128, 160, 141])
Image after composite:  torch.Size([128, 160, 141])
Image after composite:  torch.Size([128, 160, 141])
Image after composite:  torch.Size([128, 160, 141])
Image after composite:  torch.Size([128, 160, 141])
[12A[1KStep (% Done)       Train Iter (time)    ETA (time)           Train Rays / Sec     Test Rays / Sec       [0m
-------------------------------------------------------------------------------------------------------- [0m
1930 (2.41%)        60.186 ms            1 h, 18 m, 18 s      10.65 M                                    [0m
1940 (2.43%)        60.147 ms            1 h, 18 m, 15 s      10.65 M                                    [0m
1950 (2.44%)        60.174 ms            1 h, 18 m, 16 s      10.64 M                                    [0m
1960 (2.45%)        59.933 ms            1 h, 17 m, 57 s      10.68 M                                    [0m
1970 (2.46%)        59.909 ms            1 h, 17 m, 54 s      10.69 M                                    [0m
1980 (2.48%)        60.212 ms            1 h, 18 m, 17 s      10.63 M                                    [0m
1990 (2.49%)        59.688 ms            1 h, 17 m, 36 s      10.73 M                                    [0m
2000 (2.50%)        61.451 ms            1 h, 19 m, 53 s      10.58 M              4.42 M                [0m
2010 (2.51%)        69.658 ms            1 h, 30 m, 32 s      9.39 M                                     [0m
2020 (2.53%)        75.594 ms            1 h, 38 m, 14 s      8.47 M                                     [0m
Image after composite:  torch.Size([128, 160, 141])
Image after composite:  torch.Size([128, 160, 141])
Image after composite:  torch.Size([128, 160, 141])
Image after composite:  torch.Size([128, 160, 141])
Image after composite:  torch.Size([128, 160, 141])
Image after composite:  torch.Size([128, 160, 141])
Image after composite:  torch.Size([128, 160, 141])
Image after composite:  torch.Size([128, 160, 141])
Image after composite:  torch.Size([128, 160, 141])
Image after composite:  torch.Size([128, 160, 141])
[12A[1KStep (% Done)       Train Iter (time)    ETA (time)           Train Rays / Sec     Test Rays / Sec       [0m
-------------------------------------------------------------------------------------------------------- [0m
1940 (2.43%)        60.147 ms            1 h, 18 m, 15 s      10.65 M                                    [0m
1950 (2.44%)        60.174 ms            1 h, 18 m, 16 s      10.64 M                                    [0m
1960 (2.45%)        59.933 ms            1 h, 17 m, 57 s      10.68 M                                    [0m
1970 (2.46%)        59.909 ms            1 h, 17 m, 54 s      10.69 M                                    [0m
1980 (2.48%)        60.212 ms            1 h, 18 m, 17 s      10.63 M                                    [0m
1990 (2.49%)        59.688 ms            1 h, 17 m, 36 s      10.73 M                                    [0m
2000 (2.50%)        61.451 ms            1 h, 19 m, 53 s      10.58 M              4.42 M                [0m
2010 (2.51%)        69.658 ms            1 h, 30 m, 32 s      9.39 M                                     [0m
2020 (2.53%)        75.594 ms            1 h, 38 m, 14 s      8.47 M                                     [0m
2030 (2.54%)        75.798 ms            1 h, 38 m, 29 s      8.45 M                                     [0m
Image after composite:  torch.Size([128, 160, 141])
Image after composite:  torch.Size([128, 160, 141])
Image after composite:  torch.Size([128, 160, 141])
Image after composite:  torch.Size([128, 160, 141])
Image after composite:  torch.Size([128, 160, 141])
Image after composite:  torch.Size([128, 160, 141])
Image after composite:  torch.Size([128, 160, 141])
Image after composite:  torch.Size([128, 160, 141])
Image after composite:  torch.Size([128, 160, 141])
Image after composite:  torch.Size([128, 160, 141])
[12A[1KStep (% Done)       Train Iter (time)    ETA (time)           Train Rays / Sec     Test Rays / Sec       [0m
-------------------------------------------------------------------------------------------------------- [0m
1950 (2.44%)        60.174 ms            1 h, 18 m, 16 s      10.64 M                                    [0m
1960 (2.45%)        59.933 ms            1 h, 17 m, 57 s      10.68 M                                    [0m
1970 (2.46%)        59.909 ms            1 h, 17 m, 54 s      10.69 M                                    [0m
1980 (2.48%)        60.212 ms            1 h, 18 m, 17 s      10.63 M                                    [0m
1990 (2.49%)        59.688 ms            1 h, 17 m, 36 s      10.73 M                                    [0m
2000 (2.50%)        61.451 ms            1 h, 19 m, 53 s      10.58 M              4.42 M                [0m
2010 (2.51%)        69.658 ms            1 h, 30 m, 32 s      9.39 M                                     [0m
2020 (2.53%)        75.594 ms            1 h, 38 m, 14 s      8.47 M                                     [0m
2030 (2.54%)        75.798 ms            1 h, 38 m, 29 s      8.45 M                                     [0m
2040 (2.55%)        76.198 ms            1 h, 39 m, 0 s       8.40 M                                     [0m
Image after composite:  torch.Size([128, 160, 141])
Image after composite:  torch.Size([128, 160, 141])
Image after composite:  torch.Size([128, 160, 141])
Image after composite:  torch.Size([128, 160, 141])
Image after composite:  torch.Size([128, 160, 141])
Image after composite:  torch.Size([128, 160, 141])
Image after composite:  torch.Size([128, 160, 141])
Image after composite:  torch.Size([128, 160, 141])
Image after composite:  torch.Size([128, 160, 141])
Image after composite:  torch.Size([128, 160, 141])
[12A[1KStep (% Done)       Train Iter (time)    ETA (time)           Train Rays / Sec     Test Rays / Sec       [0m
-------------------------------------------------------------------------------------------------------- [0m
1960 (2.45%)        59.933 ms            1 h, 17 m, 57 s      10.68 M                                    [0m
1970 (2.46%)        59.909 ms            1 h, 17 m, 54 s      10.69 M                                    [0m
1980 (2.48%)        60.212 ms            1 h, 18 m, 17 s      10.63 M                                    [0m
1990 (2.49%)        59.688 ms            1 h, 17 m, 36 s      10.73 M                                    [0m
2000 (2.50%)        61.451 ms            1 h, 19 m, 53 s      10.58 M              4.42 M                [0m
2010 (2.51%)        69.658 ms            1 h, 30 m, 32 s      9.39 M                                     [0m
2020 (2.53%)        75.594 ms            1 h, 38 m, 14 s      8.47 M                                     [0m
2030 (2.54%)        75.798 ms            1 h, 38 m, 29 s      8.45 M                                     [0m
2040 (2.55%)        76.198 ms            1 h, 39 m, 0 s       8.40 M                                     [0m
2050 (2.56%)        75.943 ms            1 h, 38 m, 39 s      8.43 M                                     [0m
Image after composite:  torch.Size([128, 160, 141])
Image after composite:  torch.Size([128, 160, 141])
Image after composite:  torch.Size([128, 160, 141])
Image after composite:  torch.Size([128, 160, 141])
Image after composite:  torch.Size([128, 160, 141])
Image after composite:  torch.Size([128, 160, 141])
Image after composite:  torch.Size([128, 160, 141])
Image after composite:  torch.Size([128, 160, 141])
Image after composite:  torch.Size([128, 160, 141])
Image after composite:  torch.Size([128, 160, 141])
[12A[1KStep (% Done)       Train Iter (time)    ETA (time)           Train Rays / Sec     Test Rays / Sec       [0m
-------------------------------------------------------------------------------------------------------- [0m
1970 (2.46%)        59.909 ms            1 h, 17 m, 54 s      10.69 M                                    [0m
1980 (2.48%)        60.212 ms            1 h, 18 m, 17 s      10.63 M                                    [0m
1990 (2.49%)        59.688 ms            1 h, 17 m, 36 s      10.73 M                                    [0m
2000 (2.50%)        61.451 ms            1 h, 19 m, 53 s      10.58 M              4.42 M                [0m
2010 (2.51%)        69.658 ms            1 h, 30 m, 32 s      9.39 M                                     [0m
2020 (2.53%)        75.594 ms            1 h, 38 m, 14 s      8.47 M                                     [0m
2030 (2.54%)        75.798 ms            1 h, 38 m, 29 s      8.45 M                                     [0m
2040 (2.55%)        76.198 ms            1 h, 39 m, 0 s       8.40 M                                     [0m
2050 (2.56%)        75.943 ms            1 h, 38 m, 39 s      8.43 M                                     [0m
2060 (2.57%)        75.123 ms            1 h, 37 m, 35 s      8.52 M                                     [0m
Image after composite:  torch.Size([128, 160, 141])
Image after composite:  torch.Size([128, 160, 141])
Image after composite:  torch.Size([128, 160, 141])
Image after composite:  torch.Size([128, 160, 141])
Image after composite:  torch.Size([128, 160, 141])
Image after composite:  torch.Size([128, 160, 141])
Image after composite:  torch.Size([128, 160, 141])
Image after composite:  torch.Size([128, 160, 141])
Image after composite:  torch.Size([128, 160, 141])
Image after composite:  torch.Size([128, 160, 141])
[12A[1KStep (% Done)       Train Iter (time)    ETA (time)           Train Rays / Sec     Test Rays / Sec       [0m
-------------------------------------------------------------------------------------------------------- [0m
1980 (2.48%)        60.212 ms            1 h, 18 m, 17 s      10.63 M                                    [0m
1990 (2.49%)        59.688 ms            1 h, 17 m, 36 s      10.73 M                                    [0m
2000 (2.50%)        61.451 ms            1 h, 19 m, 53 s      10.58 M              4.42 M                [0m
2010 (2.51%)        69.658 ms            1 h, 30 m, 32 s      9.39 M                                     [0m
2020 (2.53%)        75.594 ms            1 h, 38 m, 14 s      8.47 M                                     [0m
2030 (2.54%)        75.798 ms            1 h, 38 m, 29 s      8.45 M                                     [0m
2040 (2.55%)        76.198 ms            1 h, 39 m, 0 s       8.40 M                                     [0m
2050 (2.56%)        75.943 ms            1 h, 38 m, 39 s      8.43 M                                     [0m
2060 (2.57%)        75.123 ms            1 h, 37 m, 35 s      8.52 M                                     [0m
2070 (2.59%)        75.602 ms            1 h, 38 m, 11 s      8.47 M                                     [0m
Image after composite:  torch.Size([128, 160, 141])
Image after composite:  torch.Size([128, 160, 141])
Image after composite:  torch.Size([128, 160, 141])
Image after composite:  torch.Size([128, 160, 141])
Image after composite:  torch.Size([128, 160, 141])
Image after composite:  torch.Size([128, 160, 141])
Image after composite:  torch.Size([128, 160, 141])
Image after composite:  torch.Size([128, 160, 141])
Image after composite:  torch.Size([128, 160, 141])
Image after composite:  torch.Size([128, 160, 141])
[12A[1KStep (% Done)       Train Iter (time)    ETA (time)           Train Rays / Sec     Test Rays / Sec       [0m
-------------------------------------------------------------------------------------------------------- [0m
1990 (2.49%)        59.688 ms            1 h, 17 m, 36 s      10.73 M                                    [0m
2000 (2.50%)        61.451 ms            1 h, 19 m, 53 s      10.58 M              4.42 M                [0m
2010 (2.51%)        69.658 ms            1 h, 30 m, 32 s      9.39 M                                     [0m
2020 (2.53%)        75.594 ms            1 h, 38 m, 14 s      8.47 M                                     [0m
2030 (2.54%)        75.798 ms            1 h, 38 m, 29 s      8.45 M                                     [0m
2040 (2.55%)        76.198 ms            1 h, 39 m, 0 s       8.40 M                                     [0m
2050 (2.56%)        75.943 ms            1 h, 38 m, 39 s      8.43 M                                     [0m
2060 (2.57%)        75.123 ms            1 h, 37 m, 35 s      8.52 M                                     [0m
2070 (2.59%)        75.602 ms            1 h, 38 m, 11 s      8.47 M                                     [0m
2080 (2.60%)        75.491 ms            1 h, 38 m, 2 s       8.49 M                                     [0m
Image after composite:  torch.Size([128, 160, 141])
Image after composite:  torch.Size([128, 160, 141])
Image after composite:  torch.Size([128, 160, 141])
Image after composite:  torch.Size([128, 160, 141])
Image after composite:  torch.Size([128, 160, 141])
Image after composite:  torch.Size([128, 160, 141])
Image after composite:  torch.Size([128, 160, 141])
Image after composite:  torch.Size([128, 160, 141])
Image after composite:  torch.Size([128, 160, 141])
Image after composite:  torch.Size([128, 160, 141])
[12A[1KStep (% Done)       Train Iter (time)    ETA (time)           Train Rays / Sec     Test Rays / Sec       [0m
-------------------------------------------------------------------------------------------------------- [0m
2000 (2.50%)        61.451 ms            1 h, 19 m, 53 s      10.58 M              4.42 M                [0m
2010 (2.51%)        69.658 ms            1 h, 30 m, 32 s      9.39 M                                     [0m
2020 (2.53%)        75.594 ms            1 h, 38 m, 14 s      8.47 M                                     [0m
2030 (2.54%)        75.798 ms            1 h, 38 m, 29 s      8.45 M                                     [0m
2040 (2.55%)        76.198 ms            1 h, 39 m, 0 s       8.40 M                                     [0m
2050 (2.56%)        75.943 ms            1 h, 38 m, 39 s      8.43 M                                     [0m
2060 (2.57%)        75.123 ms            1 h, 37 m, 35 s      8.52 M                                     [0m
2070 (2.59%)        75.602 ms            1 h, 38 m, 11 s      8.47 M                                     [0m
2080 (2.60%)        75.491 ms            1 h, 38 m, 2 s       8.49 M                                     [0m
2090 (2.61%)        75.215 ms            1 h, 37 m, 40 s      8.52 M                                     [0m
Image after composite:  torch.Size([128, 160, 141])
Image after composite:  torch.Size([128, 160, 141])
Image after composite:  torch.Size([128, 160, 141])
Image after composite:  torch.Size([128, 160, 141])
Image after composite:  torch.Size([128, 160, 141])
Image after composite:  torch.Size([128, 160, 141])
Image after composite:  torch.Size([128, 160, 141])
Image after composite:  torch.Size([128, 160, 141])
Image after composite:  torch.Size([128, 160, 141])
Image after composite:  torch.Size([128, 160, 141])
[2;36m[16:13:53][0m[2;36m [0mSplitting [1;36m0.006488456865127582[0m gaussians: [1;36m267[0m/[1;36m41150[0m                           ]8;id=213795;file:///coc/flash5/skumar704/hyperspectral_3d/nerfstudio/nerfstudio/models/hyperspectral_splatfacto.py\[2mhyperspectral_splatfacto.py[0m]8;;\[2m:[0m]8;id=430311;file:///coc/flash5/skumar704/hyperspectral_3d/nerfstudio/nerfstudio/models/hyperspectral_splatfacto.py#602\[2m602[0m]8;;\
[2;36m          [0m[2;36m [0mDuplicating [1;36m0.01744835965978129[0m gaussians: [1;36m718[0m/[1;36m41150[0m                          ]8;id=494514;file:///coc/flash5/skumar704/hyperspectral_3d/nerfstudio/nerfstudio/models/hyperspectral_splatfacto.py\[2mhyperspectral_splatfacto.py[0m]8;;\[2m:[0m]8;id=915215;file:///coc/flash5/skumar704/hyperspectral_3d/nerfstudio/nerfstudio/models/hyperspectral_splatfacto.py#640\[2m640[0m]8;;\
[2;36m          [0m[2;36m [0mCulled [1;36m551[0m gaussians [1m([0m[1;36m284[0m below alpha thresh, [1;36m0[0m too bigs, [1;36m41851[0m remaining[1m)[0m    ]8;id=740058;file:///coc/flash5/skumar704/hyperspectral_3d/nerfstudio/nerfstudio/models/hyperspectral_splatfacto.py\[2mhyperspectral_splatfacto.py[0m]8;;\[2m:[0m]8;id=144789;file:///coc/flash5/skumar704/hyperspectral_3d/nerfstudio/nerfstudio/models/hyperspectral_splatfacto.py#590\[2m590[0m]8;;\
[12A[1KStep (% Done)       Train Iter (time)    ETA (time)           Train Rays / Sec     Test Rays / Sec       [0m
-------------------------------------------------------------------------------------------------------- [0m
2010 (2.51%)        69.658 ms            1 h, 30 m, 32 s      9.39 M                                     [0m
2020 (2.53%)        75.594 ms            1 h, 38 m, 14 s      8.47 M                                     [0m
2030 (2.54%)        75.798 ms            1 h, 38 m, 29 s      8.45 M                                     [0m
2040 (2.55%)        76.198 ms            1 h, 39 m, 0 s       8.40 M                                     [0m
2050 (2.56%)        75.943 ms            1 h, 38 m, 39 s      8.43 M                                     [0m
2060 (2.57%)        75.123 ms            1 h, 37 m, 35 s      8.52 M                                     [0m
2070 (2.59%)        75.602 ms            1 h, 38 m, 11 s      8.47 M                                     [0m
2080 (2.60%)        75.491 ms            1 h, 38 m, 2 s       8.49 M                                     [0m
2090 (2.61%)        75.215 ms            1 h, 37 m, 40 s      8.52 M                                     [0m
2100 (2.62%)        78.299 ms            1 h, 41 m, 39 s      8.27 M               4.61 M                [0m
Image after composite:  torch.Size([128, 160, 141])
Image after composite:  torch.Size([128, 160, 141])
Image after composite:  torch.Size([128, 160, 141])
Image after composite:  torch.Size([128, 160, 141])
Image after composite:  torch.Size([128, 160, 141])
Image after composite:  torch.Size([128, 160, 141])
Image after composite:  torch.Size([128, 160, 141])
Image after composite:  torch.Size([128, 160, 141])
Image after composite:  torch.Size([128, 160, 141])
Image after composite:  torch.Size([128, 160, 141])
[12A[1KStep (% Done)       Train Iter (time)    ETA (time)           Train Rays / Sec     Test Rays / Sec       [0m
-------------------------------------------------------------------------------------------------------- [0m
2020 (2.53%)        75.594 ms            1 h, 38 m, 14 s      8.47 M                                     [0m
2030 (2.54%)        75.798 ms            1 h, 38 m, 29 s      8.45 M                                     [0m
2040 (2.55%)        76.198 ms            1 h, 39 m, 0 s       8.40 M                                     [0m
2050 (2.56%)        75.943 ms            1 h, 38 m, 39 s      8.43 M                                     [0m
2060 (2.57%)        75.123 ms            1 h, 37 m, 35 s      8.52 M                                     [0m
2070 (2.59%)        75.602 ms            1 h, 38 m, 11 s      8.47 M                                     [0m
2080 (2.60%)        75.491 ms            1 h, 38 m, 2 s       8.49 M                                     [0m
2090 (2.61%)        75.215 ms            1 h, 37 m, 40 s      8.52 M                                     [0m
2100 (2.62%)        78.299 ms            1 h, 41 m, 39 s      8.27 M               4.61 M                [0m
2110 (2.64%)        77.782 ms            1 h, 40 m, 58 s      8.32 M                                     [0m
Image after composite:  torch.Size([128, 160, 141])
Image after composite:  torch.Size([128, 160, 141])
Image after composite:  torch.Size([128, 160, 141])
Image after composite:  torch.Size([128, 160, 141])
Image after composite:  torch.Size([128, 160, 141])
Image after composite:  torch.Size([128, 160, 141])
Image after composite:  torch.Size([128, 160, 141])
Image after composite:  torch.Size([128, 160, 141])
Image after composite:  torch.Size([128, 160, 141])
Image after composite:  torch.Size([128, 160, 141])
[12A[1KStep (% Done)       Train Iter (time)    ETA (time)           Train Rays / Sec     Test Rays / Sec       [0m
-------------------------------------------------------------------------------------------------------- [0m
2030 (2.54%)        75.798 ms            1 h, 38 m, 29 s      8.45 M                                     [0m
2040 (2.55%)        76.198 ms            1 h, 39 m, 0 s       8.40 M                                     [0m
2050 (2.56%)        75.943 ms            1 h, 38 m, 39 s      8.43 M                                     [0m
2060 (2.57%)        75.123 ms            1 h, 37 m, 35 s      8.52 M                                     [0m
2070 (2.59%)        75.602 ms            1 h, 38 m, 11 s      8.47 M                                     [0m
2080 (2.60%)        75.491 ms            1 h, 38 m, 2 s       8.49 M                                     [0m
2090 (2.61%)        75.215 ms            1 h, 37 m, 40 s      8.52 M                                     [0m
2100 (2.62%)        78.299 ms            1 h, 41 m, 39 s      8.27 M               4.61 M                [0m
2110 (2.64%)        77.782 ms            1 h, 40 m, 58 s      8.32 M                                     [0m
2120 (2.65%)        75.516 ms            1 h, 38 m, 1 s       8.48 M                                     [0m
Image after composite:  torch.Size([128, 160, 141])
Image after composite:  torch.Size([128, 160, 141])
Image after composite:  torch.Size([128, 160, 141])
Image after composite:  torch.Size([128, 160, 141])
Image after composite:  torch.Size([128, 160, 141])
Image after composite:  torch.Size([128, 160, 141])
Image after composite:  torch.Size([128, 160, 141])
Image after composite:  torch.Size([128, 160, 141])
Image after composite:  torch.Size([128, 160, 141])
Image after composite:  torch.Size([128, 160, 141])
[12A[1KStep (% Done)       Train Iter (time)    ETA (time)           Train Rays / Sec     Test Rays / Sec       [0m
-------------------------------------------------------------------------------------------------------- [0m
2040 (2.55%)        76.198 ms            1 h, 39 m, 0 s       8.40 M                                     [0m
2050 (2.56%)        75.943 ms            1 h, 38 m, 39 s      8.43 M                                     [0m
2060 (2.57%)        75.123 ms            1 h, 37 m, 35 s      8.52 M                                     [0m
2070 (2.59%)        75.602 ms            1 h, 38 m, 11 s      8.47 M                                     [0m
2080 (2.60%)        75.491 ms            1 h, 38 m, 2 s       8.49 M                                     [0m
2090 (2.61%)        75.215 ms            1 h, 37 m, 40 s      8.52 M                                     [0m
2100 (2.62%)        78.299 ms            1 h, 41 m, 39 s      8.27 M               4.61 M                [0m
2110 (2.64%)        77.782 ms            1 h, 40 m, 58 s      8.32 M                                     [0m
2120 (2.65%)        75.516 ms            1 h, 38 m, 1 s       8.48 M                                     [0m
2130 (2.66%)        76.202 ms            1 h, 38 m, 53 s      8.41 M                                     [0m
Image after composite:  torch.Size([128, 160, 141])
Image after composite:  torch.Size([128, 160, 141])
Image after composite:  torch.Size([128, 160, 141])
Image after composite:  torch.Size([128, 160, 141])
Image after composite:  torch.Size([128, 160, 141])
Image after composite:  torch.Size([128, 160, 141])
Image after composite:  torch.Size([128, 160, 141])
Image after composite:  torch.Size([128, 160, 141])
Image after composite:  torch.Size([128, 160, 141])
Image after composite:  torch.Size([128, 160, 141])
[12A[1KStep (% Done)       Train Iter (time)    ETA (time)           Train Rays / Sec     Test Rays / Sec       [0m
-------------------------------------------------------------------------------------------------------- [0m
2050 (2.56%)        75.943 ms            1 h, 38 m, 39 s      8.43 M                                     [0m
2060 (2.57%)        75.123 ms            1 h, 37 m, 35 s      8.52 M                                     [0m
2070 (2.59%)        75.602 ms            1 h, 38 m, 11 s      8.47 M                                     [0m
2080 (2.60%)        75.491 ms            1 h, 38 m, 2 s       8.49 M                                     [0m
2090 (2.61%)        75.215 ms            1 h, 37 m, 40 s      8.52 M                                     [0m
2100 (2.62%)        78.299 ms            1 h, 41 m, 39 s      8.27 M               4.61 M                [0m
2110 (2.64%)        77.782 ms            1 h, 40 m, 58 s      8.32 M                                     [0m
2120 (2.65%)        75.516 ms            1 h, 38 m, 1 s       8.48 M                                     [0m
2130 (2.66%)        76.202 ms            1 h, 38 m, 53 s      8.41 M                                     [0m
2140 (2.67%)        76.072 ms            1 h, 38 m, 42 s      8.42 M                                     [0m
Image after composite:  torch.Size([128, 160, 141])
Image after composite:  torch.Size([128, 160, 141])
Image after composite:  torch.Size([128, 160, 141])
Image after composite:  torch.Size([128, 160, 141])
Image after composite:  torch.Size([128, 160, 141])
Image after composite:  torch.Size([128, 160, 141])
Image after composite:  torch.Size([128, 160, 141])
Image after composite:  torch.Size([128, 160, 141])
Image after composite:  torch.Size([128, 160, 141])
Image after composite:  torch.Size([128, 160, 141])
[12A[1KStep (% Done)       Train Iter (time)    ETA (time)           Train Rays / Sec     Test Rays / Sec       [0m
-------------------------------------------------------------------------------------------------------- [0m
2060 (2.57%)        75.123 ms            1 h, 37 m, 35 s      8.52 M                                     [0m
2070 (2.59%)        75.602 ms            1 h, 38 m, 11 s      8.47 M                                     [0m
2080 (2.60%)        75.491 ms            1 h, 38 m, 2 s       8.49 M                                     [0m
2090 (2.61%)        75.215 ms            1 h, 37 m, 40 s      8.52 M                                     [0m
2100 (2.62%)        78.299 ms            1 h, 41 m, 39 s      8.27 M               4.61 M                [0m
2110 (2.64%)        77.782 ms            1 h, 40 m, 58 s      8.32 M                                     [0m
2120 (2.65%)        75.516 ms            1 h, 38 m, 1 s       8.48 M                                     [0m
2130 (2.66%)        76.202 ms            1 h, 38 m, 53 s      8.41 M                                     [0m
2140 (2.67%)        76.072 ms            1 h, 38 m, 42 s      8.42 M                                     [0m
2150 (2.69%)        76.066 ms            1 h, 38 m, 41 s      8.42 M                                     [0m
Image after composite:  torch.Size([128, 160, 141])
Image after composite:  torch.Size([128, 160, 141])
Image after composite:  torch.Size([128, 160, 141])
Image after composite:  torch.Size([128, 160, 141])
Image after composite:  torch.Size([128, 160, 141])
Image after composite:  torch.Size([128, 160, 141])
Image after composite:  torch.Size([128, 160, 141])
Image after composite:  torch.Size([128, 160, 141])
Image after composite:  torch.Size([128, 160, 141])
Image after composite:  torch.Size([128, 160, 141])
[12A[1KStep (% Done)       Train Iter (time)    ETA (time)           Train Rays / Sec     Test Rays / Sec       [0m
-------------------------------------------------------------------------------------------------------- [0m
2070 (2.59%)        75.602 ms            1 h, 38 m, 11 s      8.47 M                                     [0m
2080 (2.60%)        75.491 ms            1 h, 38 m, 2 s       8.49 M                                     [0m
2090 (2.61%)        75.215 ms            1 h, 37 m, 40 s      8.52 M                                     [0m
2100 (2.62%)        78.299 ms            1 h, 41 m, 39 s      8.27 M               4.61 M                [0m
2110 (2.64%)        77.782 ms            1 h, 40 m, 58 s      8.32 M                                     [0m
2120 (2.65%)        75.516 ms            1 h, 38 m, 1 s       8.48 M                                     [0m
2130 (2.66%)        76.202 ms            1 h, 38 m, 53 s      8.41 M                                     [0m
2140 (2.67%)        76.072 ms            1 h, 38 m, 42 s      8.42 M                                     [0m
2150 (2.69%)        76.066 ms            1 h, 38 m, 41 s      8.42 M                                     [0m
2160 (2.70%)        76.219 ms            1 h, 38 m, 52 s      8.40 M                                     [0m
Image after composite:  torch.Size([128, 160, 141])
Image after composite:  torch.Size([128, 160, 141])
Image after composite:  torch.Size([128, 160, 141])
Image after composite:  torch.Size([128, 160, 141])
Image after composite:  torch.Size([128, 160, 141])
Image after composite:  torch.Size([128, 160, 141])
Image after composite:  torch.Size([128, 160, 141])
Image after composite:  torch.Size([128, 160, 141])
Image after composite:  torch.Size([128, 160, 141])
Image after composite:  torch.Size([128, 160, 141])
[12A[1KStep (% Done)       Train Iter (time)    ETA (time)           Train Rays / Sec     Test Rays / Sec       [0m
-------------------------------------------------------------------------------------------------------- [0m
2080 (2.60%)        75.491 ms            1 h, 38 m, 2 s       8.49 M                                     [0m
2090 (2.61%)        75.215 ms            1 h, 37 m, 40 s      8.52 M                                     [0m
2100 (2.62%)        78.299 ms            1 h, 41 m, 39 s      8.27 M               4.61 M                [0m
2110 (2.64%)        77.782 ms            1 h, 40 m, 58 s      8.32 M                                     [0m
2120 (2.65%)        75.516 ms            1 h, 38 m, 1 s       8.48 M                                     [0m
2130 (2.66%)        76.202 ms            1 h, 38 m, 53 s      8.41 M                                     [0m
2140 (2.67%)        76.072 ms            1 h, 38 m, 42 s      8.42 M                                     [0m
2150 (2.69%)        76.066 ms            1 h, 38 m, 41 s      8.42 M                                     [0m
2160 (2.70%)        76.219 ms            1 h, 38 m, 52 s      8.40 M                                     [0m
2170 (2.71%)        76.002 ms            1 h, 38 m, 35 s      8.43 M                                     [0m
Image after composite:  torch.Size([128, 160, 141])
Image after composite:  torch.Size([128, 160, 141])
Image after composite:  torch.Size([128, 160, 141])
Image after composite:  torch.Size([128, 160, 141])
Image after composite:  torch.Size([128, 160, 141])
Image after composite:  torch.Size([128, 160, 141])
Image after composite:  torch.Size([128, 160, 141])
Image after composite:  torch.Size([128, 160, 141])
Image after composite:  torch.Size([128, 160, 141])
Image after composite:  torch.Size([128, 160, 141])
[12A[1KStep (% Done)       Train Iter (time)    ETA (time)           Train Rays / Sec     Test Rays / Sec       [0m
-------------------------------------------------------------------------------------------------------- [0m
2090 (2.61%)        75.215 ms            1 h, 37 m, 40 s      8.52 M                                     [0m
2100 (2.62%)        78.299 ms            1 h, 41 m, 39 s      8.27 M               4.61 M                [0m
2110 (2.64%)        77.782 ms            1 h, 40 m, 58 s      8.32 M                                     [0m
2120 (2.65%)        75.516 ms            1 h, 38 m, 1 s       8.48 M                                     [0m
2130 (2.66%)        76.202 ms            1 h, 38 m, 53 s      8.41 M                                     [0m
2140 (2.67%)        76.072 ms            1 h, 38 m, 42 s      8.42 M                                     [0m
2150 (2.69%)        76.066 ms            1 h, 38 m, 41 s      8.42 M                                     [0m
2160 (2.70%)        76.219 ms            1 h, 38 m, 52 s      8.40 M                                     [0m
2170 (2.71%)        76.002 ms            1 h, 38 m, 35 s      8.43 M                                     [0m
2180 (2.73%)        75.930 ms            1 h, 38 m, 28 s      8.43 M                                     [0m
Image after composite:  torch.Size([128, 160, 141])
Image after composite:  torch.Size([128, 160, 141])
Image after composite:  torch.Size([128, 160, 141])
Image after composite:  torch.Size([128, 160, 141])
Image after composite:  torch.Size([128, 160, 141])
Image after composite:  torch.Size([128, 160, 141])
Image after composite:  torch.Size([128, 160, 141])
Image after composite:  torch.Size([128, 160, 141])
Image after composite:  torch.Size([128, 160, 141])
Image after composite:  torch.Size([128, 160, 141])
[12A[1KStep (% Done)       Train Iter (time)    ETA (time)           Train Rays / Sec     Test Rays / Sec       [0m
-------------------------------------------------------------------------------------------------------- [0m
2100 (2.62%)        78.299 ms            1 h, 41 m, 39 s      8.27 M               4.61 M                [0m
2110 (2.64%)        77.782 ms            1 h, 40 m, 58 s      8.32 M                                     [0m
2120 (2.65%)        75.516 ms            1 h, 38 m, 1 s       8.48 M                                     [0m
2130 (2.66%)        76.202 ms            1 h, 38 m, 53 s      8.41 M                                     [0m
2140 (2.67%)        76.072 ms            1 h, 38 m, 42 s      8.42 M                                     [0m
2150 (2.69%)        76.066 ms            1 h, 38 m, 41 s      8.42 M                                     [0m
2160 (2.70%)        76.219 ms            1 h, 38 m, 52 s      8.40 M                                     [0m
2170 (2.71%)        76.002 ms            1 h, 38 m, 35 s      8.43 M                                     [0m
2180 (2.73%)        75.930 ms            1 h, 38 m, 28 s      8.43 M                                     [0m
2190 (2.74%)        76.081 ms            1 h, 38 m, 39 s      8.42 M                                     [0m
Image after composite:  torch.Size([128, 160, 141])
Image after composite:  torch.Size([128, 160, 141])
Image after composite:  torch.Size([128, 160, 141])
Image after composite:  torch.Size([128, 160, 141])
Image after composite:  torch.Size([128, 160, 141])
Image after composite:  torch.Size([128, 160, 141])
Image after composite:  torch.Size([128, 160, 141])
Image after composite:  torch.Size([128, 160, 141])
Image after composite:  torch.Size([128, 160, 141])
Image after composite:  torch.Size([128, 160, 141])
[2;36m[16:14:01][0m[2;36m [0mSplitting [1;36m0.006809873121311319[0m gaussians: [1;36m285[0m/[1;36m41851[0m                           ]8;id=595551;file:///coc/flash5/skumar704/hyperspectral_3d/nerfstudio/nerfstudio/models/hyperspectral_splatfacto.py\[2mhyperspectral_splatfacto.py[0m]8;;\[2m:[0m]8;id=632063;file:///coc/flash5/skumar704/hyperspectral_3d/nerfstudio/nerfstudio/models/hyperspectral_splatfacto.py#602\[2m602[0m]8;;\
[2;36m          [0m[2;36m [0mDuplicating [1;36m0.01794461303194667[0m gaussians: [1;36m751[0m/[1;36m41851[0m                          ]8;id=476419;file:///coc/flash5/skumar704/hyperspectral_3d/nerfstudio/nerfstudio/models/hyperspectral_splatfacto.py\[2mhyperspectral_splatfacto.py[0m]8;;\[2m:[0m]8;id=672464;file:///coc/flash5/skumar704/hyperspectral_3d/nerfstudio/nerfstudio/models/hyperspectral_splatfacto.py#640\[2m640[0m]8;;\
[2;36m          [0m[2;36m [0mCulled [1;36m612[0m gaussians [1m([0m[1;36m327[0m below alpha thresh, [1;36m0[0m too bigs, [1;36m42560[0m remaining[1m)[0m    ]8;id=984152;file:///coc/flash5/skumar704/hyperspectral_3d/nerfstudio/nerfstudio/models/hyperspectral_splatfacto.py\[2mhyperspectral_splatfacto.py[0m]8;;\[2m:[0m]8;id=140718;file:///coc/flash5/skumar704/hyperspectral_3d/nerfstudio/nerfstudio/models/hyperspectral_splatfacto.py#590\[2m590[0m]8;;\
[12A[1KStep (% Done)       Train Iter (time)    ETA (time)           Train Rays / Sec     Test Rays / Sec       [0m
-------------------------------------------------------------------------------------------------------- [0m
2110 (2.64%)        77.782 ms            1 h, 40 m, 58 s      8.32 M                                     [0m
2120 (2.65%)        75.516 ms            1 h, 38 m, 1 s       8.48 M                                     [0m
2130 (2.66%)        76.202 ms            1 h, 38 m, 53 s      8.41 M                                     [0m
2140 (2.67%)        76.072 ms            1 h, 38 m, 42 s      8.42 M                                     [0m
2150 (2.69%)        76.066 ms            1 h, 38 m, 41 s      8.42 M                                     [0m
2160 (2.70%)        76.219 ms            1 h, 38 m, 52 s      8.40 M                                     [0m
2170 (2.71%)        76.002 ms            1 h, 38 m, 35 s      8.43 M                                     [0m
2180 (2.73%)        75.930 ms            1 h, 38 m, 28 s      8.43 M                                     [0m
2190 (2.74%)        76.081 ms            1 h, 38 m, 39 s      8.42 M                                     [0m
2200 (2.75%)        77.559 ms            1 h, 40 m, 34 s      8.31 M               4.60 M                [0m
Image after composite:  torch.Size([128, 160, 141])
Image after composite:  torch.Size([128, 160, 141])
Image after composite:  torch.Size([128, 160, 141])
Image after composite:  torch.Size([128, 160, 141])
Image after composite:  torch.Size([128, 160, 141])
Image after composite:  torch.Size([128, 160, 141])
Image after composite:  torch.Size([128, 160, 141])
Image after composite:  torch.Size([128, 160, 141])
Image after composite:  torch.Size([128, 160, 141])
Image after composite:  torch.Size([128, 160, 141])
[12A[1KStep (% Done)       Train Iter (time)    ETA (time)           Train Rays / Sec     Test Rays / Sec       [0m
-------------------------------------------------------------------------------------------------------- [0m
2120 (2.65%)        75.516 ms            1 h, 38 m, 1 s       8.48 M                                     [0m
2130 (2.66%)        76.202 ms            1 h, 38 m, 53 s      8.41 M                                     [0m
2140 (2.67%)        76.072 ms            1 h, 38 m, 42 s      8.42 M                                     [0m
2150 (2.69%)        76.066 ms            1 h, 38 m, 41 s      8.42 M                                     [0m
2160 (2.70%)        76.219 ms            1 h, 38 m, 52 s      8.40 M                                     [0m
2170 (2.71%)        76.002 ms            1 h, 38 m, 35 s      8.43 M                                     [0m
2180 (2.73%)        75.930 ms            1 h, 38 m, 28 s      8.43 M                                     [0m
2190 (2.74%)        76.081 ms            1 h, 38 m, 39 s      8.42 M                                     [0m
2200 (2.75%)        77.559 ms            1 h, 40 m, 34 s      8.31 M               4.60 M                [0m
2210 (2.76%)        77.541 ms            1 h, 40 m, 31 s      8.31 M                                     [0m
Image after composite:  torch.Size([128, 160, 141])
Image after composite:  torch.Size([128, 160, 141])
Image after composite:  torch.Size([128, 160, 141])
Image after composite:  torch.Size([128, 160, 141])
Image after composite:  torch.Size([128, 160, 141])
Image after composite:  torch.Size([128, 160, 141])
Image after composite:  torch.Size([128, 160, 141])
Image after composite:  torch.Size([128, 160, 141])
Image after composite:  torch.Size([128, 160, 141])
Image after composite:  torch.Size([128, 160, 141])
[12A[1KStep (% Done)       Train Iter (time)    ETA (time)           Train Rays / Sec     Test Rays / Sec       [0m
-------------------------------------------------------------------------------------------------------- [0m
2130 (2.66%)        76.202 ms            1 h, 38 m, 53 s      8.41 M                                     [0m
2140 (2.67%)        76.072 ms            1 h, 38 m, 42 s      8.42 M                                     [0m
2150 (2.69%)        76.066 ms            1 h, 38 m, 41 s      8.42 M                                     [0m
2160 (2.70%)        76.219 ms            1 h, 38 m, 52 s      8.40 M                                     [0m
2170 (2.71%)        76.002 ms            1 h, 38 m, 35 s      8.43 M                                     [0m
2180 (2.73%)        75.930 ms            1 h, 38 m, 28 s      8.43 M                                     [0m
2190 (2.74%)        76.081 ms            1 h, 38 m, 39 s      8.42 M                                     [0m
2200 (2.75%)        77.559 ms            1 h, 40 m, 34 s      8.31 M               4.60 M                [0m
2210 (2.76%)        77.541 ms            1 h, 40 m, 31 s      8.31 M                                     [0m
2220 (2.77%)        75.820 ms            1 h, 38 m, 17 s      8.45 M                                     [0m
Image after composite:  torch.Size([128, 160, 141])
Image after composite:  torch.Size([128, 160, 141])
Image after composite:  torch.Size([128, 160, 141])
Image after composite:  torch.Size([128, 160, 141])
Image after composite:  torch.Size([128, 160, 141])
Image after composite:  torch.Size([128, 160, 141])
Image after composite:  torch.Size([128, 160, 141])
Image after composite:  torch.Size([128, 160, 141])
Image after composite:  torch.Size([128, 160, 141])
Image after composite:  torch.Size([128, 160, 141])
[12A[1KStep (% Done)       Train Iter (time)    ETA (time)           Train Rays / Sec     Test Rays / Sec       [0m
-------------------------------------------------------------------------------------------------------- [0m
2140 (2.67%)        76.072 ms            1 h, 38 m, 42 s      8.42 M                                     [0m
2150 (2.69%)        76.066 ms            1 h, 38 m, 41 s      8.42 M                                     [0m
2160 (2.70%)        76.219 ms            1 h, 38 m, 52 s      8.40 M                                     [0m
2170 (2.71%)        76.002 ms            1 h, 38 m, 35 s      8.43 M                                     [0m
2180 (2.73%)        75.930 ms            1 h, 38 m, 28 s      8.43 M                                     [0m
2190 (2.74%)        76.081 ms            1 h, 38 m, 39 s      8.42 M                                     [0m
2200 (2.75%)        77.559 ms            1 h, 40 m, 34 s      8.31 M               4.60 M                [0m
2210 (2.76%)        77.541 ms            1 h, 40 m, 31 s      8.31 M                                     [0m
2220 (2.77%)        75.820 ms            1 h, 38 m, 17 s      8.45 M                                     [0m
2230 (2.79%)        76.097 ms            1 h, 38 m, 38 s      8.42 M                                     [0m
Image after composite:  torch.Size([128, 160, 141])
Image after composite:  torch.Size([128, 160, 141])
Image after composite:  torch.Size([128, 160, 141])
Image after composite:  torch.Size([128, 160, 141])
Image after composite:  torch.Size([128, 160, 141])
Image after composite:  torch.Size([128, 160, 141])
Image after composite:  torch.Size([128, 160, 141])
Image after composite:  torch.Size([128, 160, 141])
Image after composite:  torch.Size([128, 160, 141])
Image after composite:  torch.Size([128, 160, 141])
[12A[1KStep (% Done)       Train Iter (time)    ETA (time)           Train Rays / Sec     Test Rays / Sec       [0m
-------------------------------------------------------------------------------------------------------- [0m
2150 (2.69%)        76.066 ms            1 h, 38 m, 41 s      8.42 M                                     [0m
2160 (2.70%)        76.219 ms            1 h, 38 m, 52 s      8.40 M                                     [0m
2170 (2.71%)        76.002 ms            1 h, 38 m, 35 s      8.43 M                                     [0m
2180 (2.73%)        75.930 ms            1 h, 38 m, 28 s      8.43 M                                     [0m
2190 (2.74%)        76.081 ms            1 h, 38 m, 39 s      8.42 M                                     [0m
2200 (2.75%)        77.559 ms            1 h, 40 m, 34 s      8.31 M               4.60 M                [0m
2210 (2.76%)        77.541 ms            1 h, 40 m, 31 s      8.31 M                                     [0m
2220 (2.77%)        75.820 ms            1 h, 38 m, 17 s      8.45 M                                     [0m
2230 (2.79%)        76.097 ms            1 h, 38 m, 38 s      8.42 M                                     [0m
2240 (2.80%)        76.797 ms            1 h, 39 m, 31 s      8.34 M                                     [0m
Image after composite:  torch.Size([128, 160, 141])
Image after composite:  torch.Size([128, 160, 141])
Image after composite:  torch.Size([128, 160, 141])
Image after composite:  torch.Size([128, 160, 141])
Image after composite:  torch.Size([128, 160, 141])
Image after composite:  torch.Size([128, 160, 141])
Image after composite:  torch.Size([128, 160, 141])
Image after composite:  torch.Size([128, 160, 141])
Image after composite:  torch.Size([128, 160, 141])
Image after composite:  torch.Size([128, 160, 141])
[12A[1KStep (% Done)       Train Iter (time)    ETA (time)           Train Rays / Sec     Test Rays / Sec       [0m
-------------------------------------------------------------------------------------------------------- [0m
2160 (2.70%)        76.219 ms            1 h, 38 m, 52 s      8.40 M                                     [0m
2170 (2.71%)        76.002 ms            1 h, 38 m, 35 s      8.43 M                                     [0m
2180 (2.73%)        75.930 ms            1 h, 38 m, 28 s      8.43 M                                     [0m
2190 (2.74%)        76.081 ms            1 h, 38 m, 39 s      8.42 M                                     [0m
2200 (2.75%)        77.559 ms            1 h, 40 m, 34 s      8.31 M               4.60 M                [0m
2210 (2.76%)        77.541 ms            1 h, 40 m, 31 s      8.31 M                                     [0m
2220 (2.77%)        75.820 ms            1 h, 38 m, 17 s      8.45 M                                     [0m
2230 (2.79%)        76.097 ms            1 h, 38 m, 38 s      8.42 M                                     [0m
2240 (2.80%)        76.797 ms            1 h, 39 m, 31 s      8.34 M                                     [0m
2250 (2.81%)        76.570 ms            1 h, 39 m, 13 s      8.36 M                                     [0m
Image after composite:  torch.Size([128, 160, 141])
Image after composite:  torch.Size([128, 160, 141])
Image after composite:  torch.Size([128, 160, 141])
Image after composite:  torch.Size([128, 160, 141])
Image after composite:  torch.Size([128, 160, 141])
Image after composite:  torch.Size([128, 160, 141])
Image after composite:  torch.Size([128, 160, 141])
Image after composite:  torch.Size([128, 160, 141])
Image after composite:  torch.Size([128, 160, 141])
Image after composite:  torch.Size([128, 160, 141])
[12A[1KStep (% Done)       Train Iter (time)    ETA (time)           Train Rays / Sec     Test Rays / Sec       [0m
-------------------------------------------------------------------------------------------------------- [0m
2170 (2.71%)        76.002 ms            1 h, 38 m, 35 s      8.43 M                                     [0m
2180 (2.73%)        75.930 ms            1 h, 38 m, 28 s      8.43 M                                     [0m
2190 (2.74%)        76.081 ms            1 h, 38 m, 39 s      8.42 M                                     [0m
2200 (2.75%)        77.559 ms            1 h, 40 m, 34 s      8.31 M               4.60 M                [0m
2210 (2.76%)        77.541 ms            1 h, 40 m, 31 s      8.31 M                                     [0m
2220 (2.77%)        75.820 ms            1 h, 38 m, 17 s      8.45 M                                     [0m
2230 (2.79%)        76.097 ms            1 h, 38 m, 38 s      8.42 M                                     [0m
2240 (2.80%)        76.797 ms            1 h, 39 m, 31 s      8.34 M                                     [0m
2250 (2.81%)        76.570 ms            1 h, 39 m, 13 s      8.36 M                                     [0m
2260 (2.83%)        76.283 ms            1 h, 38 m, 50 s      8.40 M                                     [0m
Image after composite:  torch.Size([128, 160, 141])
Image after composite:  torch.Size([128, 160, 141])
Image after composite:  torch.Size([128, 160, 141])
Image after composite:  torch.Size([128, 160, 141])
Image after composite:  torch.Size([128, 160, 141])
Image after composite:  torch.Size([128, 160, 141])
Image after composite:  torch.Size([128, 160, 141])
Image after composite:  torch.Size([128, 160, 141])
Image after composite:  torch.Size([128, 160, 141])
Image after composite:  torch.Size([128, 160, 141])
[12A[1KStep (% Done)       Train Iter (time)    ETA (time)           Train Rays / Sec     Test Rays / Sec       [0m
-------------------------------------------------------------------------------------------------------- [0m
2180 (2.73%)        75.930 ms            1 h, 38 m, 28 s      8.43 M                                     [0m
2190 (2.74%)        76.081 ms            1 h, 38 m, 39 s      8.42 M                                     [0m
2200 (2.75%)        77.559 ms            1 h, 40 m, 34 s      8.31 M               4.60 M                [0m
2210 (2.76%)        77.541 ms            1 h, 40 m, 31 s      8.31 M                                     [0m
2220 (2.77%)        75.820 ms            1 h, 38 m, 17 s      8.45 M                                     [0m
2230 (2.79%)        76.097 ms            1 h, 38 m, 38 s      8.42 M                                     [0m
2240 (2.80%)        76.797 ms            1 h, 39 m, 31 s      8.34 M                                     [0m
2250 (2.81%)        76.570 ms            1 h, 39 m, 13 s      8.36 M                                     [0m
2260 (2.83%)        76.283 ms            1 h, 38 m, 50 s      8.40 M                                     [0m
2270 (2.84%)        76.381 ms            1 h, 38 m, 57 s      8.39 M                                     [0m
Image after composite:  torch.Size([128, 160, 141])
Image after composite:  torch.Size([128, 160, 141])
Image after composite:  torch.Size([128, 160, 141])
Image after composite:  torch.Size([128, 160, 141])
Image after composite:  torch.Size([128, 160, 141])
Image after composite:  torch.Size([128, 160, 141])
Image after composite:  torch.Size([128, 160, 141])
Image after composite:  torch.Size([128, 160, 141])
Image after composite:  torch.Size([128, 160, 141])
Image after composite:  torch.Size([128, 160, 141])
[12A[1KStep (% Done)       Train Iter (time)    ETA (time)           Train Rays / Sec     Test Rays / Sec       [0m
-------------------------------------------------------------------------------------------------------- [0m
2190 (2.74%)        76.081 ms            1 h, 38 m, 39 s      8.42 M                                     [0m
2200 (2.75%)        77.559 ms            1 h, 40 m, 34 s      8.31 M               4.60 M                [0m
2210 (2.76%)        77.541 ms            1 h, 40 m, 31 s      8.31 M                                     [0m
2220 (2.77%)        75.820 ms            1 h, 38 m, 17 s      8.45 M                                     [0m
2230 (2.79%)        76.097 ms            1 h, 38 m, 38 s      8.42 M                                     [0m
2240 (2.80%)        76.797 ms            1 h, 39 m, 31 s      8.34 M                                     [0m
2250 (2.81%)        76.570 ms            1 h, 39 m, 13 s      8.36 M                                     [0m
2260 (2.83%)        76.283 ms            1 h, 38 m, 50 s      8.40 M                                     [0m
2270 (2.84%)        76.381 ms            1 h, 38 m, 57 s      8.39 M                                     [0m
2280 (2.85%)        75.557 ms            1 h, 37 m, 52 s      8.48 M                                     [0m
Image after composite:  torch.Size([128, 160, 141])
Image after composite:  torch.Size([128, 160, 141])
Image after composite:  torch.Size([128, 160, 141])
Image after composite:  torch.Size([128, 160, 141])
Image after composite:  torch.Size([128, 160, 141])
Image after composite:  torch.Size([128, 160, 141])
Image after composite:  torch.Size([128, 160, 141])
Image after composite:  torch.Size([128, 160, 141])
Image after composite:  torch.Size([128, 160, 141])
Image after composite:  torch.Size([128, 160, 141])
[12A[1KStep (% Done)       Train Iter (time)    ETA (time)           Train Rays / Sec     Test Rays / Sec       [0m
-------------------------------------------------------------------------------------------------------- [0m
2200 (2.75%)        77.559 ms            1 h, 40 m, 34 s      8.31 M               4.60 M                [0m
2210 (2.76%)        77.541 ms            1 h, 40 m, 31 s      8.31 M                                     [0m
2220 (2.77%)        75.820 ms            1 h, 38 m, 17 s      8.45 M                                     [0m
2230 (2.79%)        76.097 ms            1 h, 38 m, 38 s      8.42 M                                     [0m
2240 (2.80%)        76.797 ms            1 h, 39 m, 31 s      8.34 M                                     [0m
2250 (2.81%)        76.570 ms            1 h, 39 m, 13 s      8.36 M                                     [0m
2260 (2.83%)        76.283 ms            1 h, 38 m, 50 s      8.40 M                                     [0m
2270 (2.84%)        76.381 ms            1 h, 38 m, 57 s      8.39 M                                     [0m
2280 (2.85%)        75.557 ms            1 h, 37 m, 52 s      8.48 M                                     [0m
2290 (2.86%)        75.303 ms            1 h, 37 m, 31 s      8.51 M                                     [0m
Image after composite:  torch.Size([128, 160, 141])
Image after composite:  torch.Size([128, 160, 141])
Image after composite:  torch.Size([128, 160, 141])
Image after composite:  torch.Size([128, 160, 141])
Image after composite:  torch.Size([128, 160, 141])
Image after composite:  torch.Size([128, 160, 141])
Image after composite:  torch.Size([128, 160, 141])
Image after composite:  torch.Size([128, 160, 141])
Image after composite:  torch.Size([128, 160, 141])
Image after composite:  torch.Size([128, 160, 141])
[2;36m[16:14:09][0m[2;36m [0mSplitting [1;36m0.005615601503759398[0m gaussians: [1;36m239[0m/[1;36m42560[0m                           ]8;id=512573;file:///coc/flash5/skumar704/hyperspectral_3d/nerfstudio/nerfstudio/models/hyperspectral_splatfacto.py\[2mhyperspectral_splatfacto.py[0m]8;;\[2m:[0m]8;id=95359;file:///coc/flash5/skumar704/hyperspectral_3d/nerfstudio/nerfstudio/models/hyperspectral_splatfacto.py#602\[2m602[0m]8;;\
[2;36m          [0m[2;36m [0mDuplicating [1;36m0.015343045112781955[0m gaussians: [1;36m653[0m/[1;36m42560[0m                         ]8;id=58338;file:///coc/flash5/skumar704/hyperspectral_3d/nerfstudio/nerfstudio/models/hyperspectral_splatfacto.py\[2mhyperspectral_splatfacto.py[0m]8;;\[2m:[0m]8;id=475458;file:///coc/flash5/skumar704/hyperspectral_3d/nerfstudio/nerfstudio/models/hyperspectral_splatfacto.py#640\[2m640[0m]8;;\
[2;36m          [0m[2;36m [0mCulled [1;36m539[0m gaussians [1m([0m[1;36m300[0m below alpha thresh, [1;36m0[0m too bigs, [1;36m43152[0m remaining[1m)[0m    ]8;id=591303;file:///coc/flash5/skumar704/hyperspectral_3d/nerfstudio/nerfstudio/models/hyperspectral_splatfacto.py\[2mhyperspectral_splatfacto.py[0m]8;;\[2m:[0m]8;id=60541;file:///coc/flash5/skumar704/hyperspectral_3d/nerfstudio/nerfstudio/models/hyperspectral_splatfacto.py#590\[2m590[0m]8;;\
[12A[1KStep (% Done)       Train Iter (time)    ETA (time)           Train Rays / Sec     Test Rays / Sec       [0m
-------------------------------------------------------------------------------------------------------- [0m
2210 (2.76%)        77.541 ms            1 h, 40 m, 31 s      8.31 M                                     [0m
2220 (2.77%)        75.820 ms            1 h, 38 m, 17 s      8.45 M                                     [0m
2230 (2.79%)        76.097 ms            1 h, 38 m, 38 s      8.42 M                                     [0m
2240 (2.80%)        76.797 ms            1 h, 39 m, 31 s      8.34 M                                     [0m
2250 (2.81%)        76.570 ms            1 h, 39 m, 13 s      8.36 M                                     [0m
2260 (2.83%)        76.283 ms            1 h, 38 m, 50 s      8.40 M                                     [0m
2270 (2.84%)        76.381 ms            1 h, 38 m, 57 s      8.39 M                                     [0m
2280 (2.85%)        75.557 ms            1 h, 37 m, 52 s      8.48 M                                     [0m
2290 (2.86%)        75.303 ms            1 h, 37 m, 31 s      8.51 M                                     [0m
2300 (2.88%)        78.827 ms            1 h, 42 m, 4 s       8.28 M               4.55 M                [0m
Image after composite:  torch.Size([128, 160, 141])
Image after composite:  torch.Size([128, 160, 141])
Image after composite:  torch.Size([128, 160, 141])
Image after composite:  torch.Size([128, 160, 141])
Image after composite:  torch.Size([128, 160, 141])
Image after composite:  torch.Size([128, 160, 141])
Image after composite:  torch.Size([128, 160, 141])
Image after composite:  torch.Size([128, 160, 141])
Image after composite:  torch.Size([128, 160, 141])
Image after composite:  torch.Size([128, 160, 141])
[12A[1KStep (% Done)       Train Iter (time)    ETA (time)           Train Rays / Sec     Test Rays / Sec       [0m
-------------------------------------------------------------------------------------------------------- [0m
2220 (2.77%)        75.820 ms            1 h, 38 m, 17 s      8.45 M                                     [0m
2230 (2.79%)        76.097 ms            1 h, 38 m, 38 s      8.42 M                                     [0m
2240 (2.80%)        76.797 ms            1 h, 39 m, 31 s      8.34 M                                     [0m
2250 (2.81%)        76.570 ms            1 h, 39 m, 13 s      8.36 M                                     [0m
2260 (2.83%)        76.283 ms            1 h, 38 m, 50 s      8.40 M                                     [0m
2270 (2.84%)        76.381 ms            1 h, 38 m, 57 s      8.39 M                                     [0m
2280 (2.85%)        75.557 ms            1 h, 37 m, 52 s      8.48 M                                     [0m
2290 (2.86%)        75.303 ms            1 h, 37 m, 31 s      8.51 M                                     [0m
2300 (2.88%)        78.827 ms            1 h, 42 m, 4 s       8.28 M               4.55 M                [0m
2310 (2.89%)        79.955 ms            1 h, 43 m, 31 s      8.16 M                                     [0m
Image after composite:  torch.Size([128, 160, 141])
Image after composite:  torch.Size([128, 160, 141])
Image after composite:  torch.Size([128, 160, 141])
Image after composite:  torch.Size([128, 160, 141])
Image after composite:  torch.Size([128, 160, 141])
Image after composite:  torch.Size([128, 160, 141])
Image after composite:  torch.Size([128, 160, 141])
Image after composite:  torch.Size([128, 160, 141])
Image after composite:  torch.Size([128, 160, 141])
Image after composite:  torch.Size([128, 160, 141])
[12A[1KStep (% Done)       Train Iter (time)    ETA (time)           Train Rays / Sec     Test Rays / Sec       [0m
-------------------------------------------------------------------------------------------------------- [0m
2230 (2.79%)        76.097 ms            1 h, 38 m, 38 s      8.42 M                                     [0m
2240 (2.80%)        76.797 ms            1 h, 39 m, 31 s      8.34 M                                     [0m
2250 (2.81%)        76.570 ms            1 h, 39 m, 13 s      8.36 M                                     [0m
2260 (2.83%)        76.283 ms            1 h, 38 m, 50 s      8.40 M                                     [0m
2270 (2.84%)        76.381 ms            1 h, 38 m, 57 s      8.39 M                                     [0m
2280 (2.85%)        75.557 ms            1 h, 37 m, 52 s      8.48 M                                     [0m
2290 (2.86%)        75.303 ms            1 h, 37 m, 31 s      8.51 M                                     [0m
2300 (2.88%)        78.827 ms            1 h, 42 m, 4 s       8.28 M               4.55 M                [0m
2310 (2.89%)        79.955 ms            1 h, 43 m, 31 s      8.16 M                                     [0m
2320 (2.90%)        77.236 ms            1 h, 39 m, 59 s      8.29 M                                     [0m
Image after composite:  torch.Size([128, 160, 141])
Image after composite:  torch.Size([128, 160, 141])
Image after composite:  torch.Size([128, 160, 141])
Image after composite:  torch.Size([128, 160, 141])
Image after composite:  torch.Size([128, 160, 141])
Image after composite:  torch.Size([128, 160, 141])
Image after composite:  torch.Size([128, 160, 141])
Image after composite:  torch.Size([128, 160, 141])
Image after composite:  torch.Size([128, 160, 141])
Image after composite:  torch.Size([128, 160, 141])
[12A[1KStep (% Done)       Train Iter (time)    ETA (time)           Train Rays / Sec     Test Rays / Sec       [0m
-------------------------------------------------------------------------------------------------------- [0m
2240 (2.80%)        76.797 ms            1 h, 39 m, 31 s      8.34 M                                     [0m
2250 (2.81%)        76.570 ms            1 h, 39 m, 13 s      8.36 M                                     [0m
2260 (2.83%)        76.283 ms            1 h, 38 m, 50 s      8.40 M                                     [0m
2270 (2.84%)        76.381 ms            1 h, 38 m, 57 s      8.39 M                                     [0m
2280 (2.85%)        75.557 ms            1 h, 37 m, 52 s      8.48 M                                     [0m
2290 (2.86%)        75.303 ms            1 h, 37 m, 31 s      8.51 M                                     [0m
2300 (2.88%)        78.827 ms            1 h, 42 m, 4 s       8.28 M               4.55 M                [0m
2310 (2.89%)        79.955 ms            1 h, 43 m, 31 s      8.16 M                                     [0m
2320 (2.90%)        77.236 ms            1 h, 39 m, 59 s      8.29 M                                     [0m
2330 (2.91%)        76.364 ms            1 h, 38 m, 51 s      8.39 M                                     [0m
Image after composite:  torch.Size([128, 160, 141])
Image after composite:  torch.Size([128, 160, 141])
Image after composite:  torch.Size([128, 160, 141])
Image after composite:  torch.Size([128, 160, 141])
Image after composite:  torch.Size([128, 160, 141])
Image after composite:  torch.Size([128, 160, 141])
Image after composite:  torch.Size([128, 160, 141])
Image after composite:  torch.Size([128, 160, 141])
Image after composite:  torch.Size([128, 160, 141])
Image after composite:  torch.Size([128, 160, 141])
[12A[1KStep (% Done)       Train Iter (time)    ETA (time)           Train Rays / Sec     Test Rays / Sec       [0m
-------------------------------------------------------------------------------------------------------- [0m
2250 (2.81%)        76.570 ms            1 h, 39 m, 13 s      8.36 M                                     [0m
2260 (2.83%)        76.283 ms            1 h, 38 m, 50 s      8.40 M                                     [0m
2270 (2.84%)        76.381 ms            1 h, 38 m, 57 s      8.39 M                                     [0m
2280 (2.85%)        75.557 ms            1 h, 37 m, 52 s      8.48 M                                     [0m
2290 (2.86%)        75.303 ms            1 h, 37 m, 31 s      8.51 M                                     [0m
2300 (2.88%)        78.827 ms            1 h, 42 m, 4 s       8.28 M               4.55 M                [0m
2310 (2.89%)        79.955 ms            1 h, 43 m, 31 s      8.16 M                                     [0m
2320 (2.90%)        77.236 ms            1 h, 39 m, 59 s      8.29 M                                     [0m
2330 (2.91%)        76.364 ms            1 h, 38 m, 51 s      8.39 M                                     [0m
2340 (2.93%)        76.622 ms            1 h, 39 m, 10 s      8.36 M                                     [0m
Image after composite:  torch.Size([128, 160, 141])
Image after composite:  torch.Size([128, 160, 141])
Image after composite:  torch.Size([128, 160, 141])
Image after composite:  torch.Size([128, 160, 141])
Image after composite:  torch.Size([128, 160, 141])
Image after composite:  torch.Size([128, 160, 141])
Image after composite:  torch.Size([128, 160, 141])
Image after composite:  torch.Size([128, 160, 141])
Image after composite:  torch.Size([128, 160, 141])
Image after composite:  torch.Size([128, 160, 141])
[12A[1KStep (% Done)       Train Iter (time)    ETA (time)           Train Rays / Sec     Test Rays / Sec       [0m
-------------------------------------------------------------------------------------------------------- [0m
2260 (2.83%)        76.283 ms            1 h, 38 m, 50 s      8.40 M                                     [0m
2270 (2.84%)        76.381 ms            1 h, 38 m, 57 s      8.39 M                                     [0m
2280 (2.85%)        75.557 ms            1 h, 37 m, 52 s      8.48 M                                     [0m
2290 (2.86%)        75.303 ms            1 h, 37 m, 31 s      8.51 M                                     [0m
2300 (2.88%)        78.827 ms            1 h, 42 m, 4 s       8.28 M               4.55 M                [0m
2310 (2.89%)        79.955 ms            1 h, 43 m, 31 s      8.16 M                                     [0m
2320 (2.90%)        77.236 ms            1 h, 39 m, 59 s      8.29 M                                     [0m
2330 (2.91%)        76.364 ms            1 h, 38 m, 51 s      8.39 M                                     [0m
2340 (2.93%)        76.622 ms            1 h, 39 m, 10 s      8.36 M                                     [0m
2350 (2.94%)        76.696 ms            1 h, 39 m, 15 s      8.35 M                                     [0m
Image after composite:  torch.Size([128, 160, 141])
Image after composite:  torch.Size([128, 160, 141])
Image after composite:  torch.Size([128, 160, 141])
Image after composite:  torch.Size([128, 160, 141])
Image after composite:  torch.Size([128, 160, 141])
Image after composite:  torch.Size([128, 160, 141])
Image after composite:  torch.Size([128, 160, 141])
Image after composite:  torch.Size([128, 160, 141])
Image after composite:  torch.Size([128, 160, 141])
Image after composite:  torch.Size([128, 160, 141])
[12A[1KStep (% Done)       Train Iter (time)    ETA (time)           Train Rays / Sec     Test Rays / Sec       [0m
-------------------------------------------------------------------------------------------------------- [0m
2270 (2.84%)        76.381 ms            1 h, 38 m, 57 s      8.39 M                                     [0m
2280 (2.85%)        75.557 ms            1 h, 37 m, 52 s      8.48 M                                     [0m
2290 (2.86%)        75.303 ms            1 h, 37 m, 31 s      8.51 M                                     [0m
2300 (2.88%)        78.827 ms            1 h, 42 m, 4 s       8.28 M               4.55 M                [0m
2310 (2.89%)        79.955 ms            1 h, 43 m, 31 s      8.16 M                                     [0m
2320 (2.90%)        77.236 ms            1 h, 39 m, 59 s      8.29 M                                     [0m
2330 (2.91%)        76.364 ms            1 h, 38 m, 51 s      8.39 M                                     [0m
2340 (2.93%)        76.622 ms            1 h, 39 m, 10 s      8.36 M                                     [0m
2350 (2.94%)        76.696 ms            1 h, 39 m, 15 s      8.35 M                                     [0m
2360 (2.95%)        76.724 ms            1 h, 39 m, 16 s      8.35 M                                     [0m
Image after composite:  torch.Size([128, 160, 141])
Image after composite:  torch.Size([128, 160, 141])
Image after composite:  torch.Size([128, 160, 141])
Image after composite:  torch.Size([128, 160, 141])
Image after composite:  torch.Size([128, 160, 141])
Image after composite:  torch.Size([128, 160, 141])
Image after composite:  torch.Size([128, 160, 141])
Image after composite:  torch.Size([128, 160, 141])
Image after composite:  torch.Size([128, 160, 141])
Image after composite:  torch.Size([128, 160, 141])
[12A[1KStep (% Done)       Train Iter (time)    ETA (time)           Train Rays / Sec     Test Rays / Sec       [0m
-------------------------------------------------------------------------------------------------------- [0m
2280 (2.85%)        75.557 ms            1 h, 37 m, 52 s      8.48 M                                     [0m
2290 (2.86%)        75.303 ms            1 h, 37 m, 31 s      8.51 M                                     [0m
2300 (2.88%)        78.827 ms            1 h, 42 m, 4 s       8.28 M               4.55 M                [0m
2310 (2.89%)        79.955 ms            1 h, 43 m, 31 s      8.16 M                                     [0m
2320 (2.90%)        77.236 ms            1 h, 39 m, 59 s      8.29 M                                     [0m
2330 (2.91%)        76.364 ms            1 h, 38 m, 51 s      8.39 M                                     [0m
2340 (2.93%)        76.622 ms            1 h, 39 m, 10 s      8.36 M                                     [0m
2350 (2.94%)        76.696 ms            1 h, 39 m, 15 s      8.35 M                                     [0m
2360 (2.95%)        76.724 ms            1 h, 39 m, 16 s      8.35 M                                     [0m
2370 (2.96%)        77.160 ms            1 h, 39 m, 49 s      8.30 M                                     [0m
Image after composite:  torch.Size([128, 160, 141])
Image after composite:  torch.Size([128, 160, 141])
Image after composite:  torch.Size([128, 160, 141])
Image after composite:  torch.Size([128, 160, 141])
Image after composite:  torch.Size([128, 160, 141])
Image after composite:  torch.Size([128, 160, 141])
Image after composite:  torch.Size([128, 160, 141])
Image after composite:  torch.Size([128, 160, 141])
Image after composite:  torch.Size([128, 160, 141])
Image after composite:  torch.Size([128, 160, 141])
[12A[1KStep (% Done)       Train Iter (time)    ETA (time)           Train Rays / Sec     Test Rays / Sec       [0m
-------------------------------------------------------------------------------------------------------- [0m
2290 (2.86%)        75.303 ms            1 h, 37 m, 31 s      8.51 M                                     [0m
2300 (2.88%)        78.827 ms            1 h, 42 m, 4 s       8.28 M               4.55 M                [0m
2310 (2.89%)        79.955 ms            1 h, 43 m, 31 s      8.16 M                                     [0m
2320 (2.90%)        77.236 ms            1 h, 39 m, 59 s      8.29 M                                     [0m
2330 (2.91%)        76.364 ms            1 h, 38 m, 51 s      8.39 M                                     [0m
2340 (2.93%)        76.622 ms            1 h, 39 m, 10 s      8.36 M                                     [0m
2350 (2.94%)        76.696 ms            1 h, 39 m, 15 s      8.35 M                                     [0m
2360 (2.95%)        76.724 ms            1 h, 39 m, 16 s      8.35 M                                     [0m
2370 (2.96%)        77.160 ms            1 h, 39 m, 49 s      8.30 M                                     [0m
2380 (2.97%)        76.956 ms            1 h, 39 m, 33 s      8.32 M                                     [0m
Image after composite:  torch.Size([128, 160, 141])
Image after composite:  torch.Size([128, 160, 141])
Image after composite:  torch.Size([128, 160, 141])
Image after composite:  torch.Size([128, 160, 141])
Image after composite:  torch.Size([128, 160, 141])
Image after composite:  torch.Size([128, 160, 141])
Image after composite:  torch.Size([128, 160, 141])
Image after composite:  torch.Size([128, 160, 141])
Image after composite:  torch.Size([128, 160, 141])
Image after composite:  torch.Size([128, 160, 141])
[12A[1KStep (% Done)       Train Iter (time)    ETA (time)           Train Rays / Sec     Test Rays / Sec       [0m
-------------------------------------------------------------------------------------------------------- [0m
2300 (2.88%)        78.827 ms            1 h, 42 m, 4 s       8.28 M               4.55 M                [0m
2310 (2.89%)        79.955 ms            1 h, 43 m, 31 s      8.16 M                                     [0m
2320 (2.90%)        77.236 ms            1 h, 39 m, 59 s      8.29 M                                     [0m
2330 (2.91%)        76.364 ms            1 h, 38 m, 51 s      8.39 M                                     [0m
2340 (2.93%)        76.622 ms            1 h, 39 m, 10 s      8.36 M                                     [0m
2350 (2.94%)        76.696 ms            1 h, 39 m, 15 s      8.35 M                                     [0m
2360 (2.95%)        76.724 ms            1 h, 39 m, 16 s      8.35 M                                     [0m
2370 (2.96%)        77.160 ms            1 h, 39 m, 49 s      8.30 M                                     [0m
2380 (2.97%)        76.956 ms            1 h, 39 m, 33 s      8.32 M                                     [0m
2390 (2.99%)        76.927 ms            1 h, 39 m, 30 s      8.33 M                                     [0m
Image after composite:  torch.Size([128, 160, 141])
Image after composite:  torch.Size([128, 160, 141])
Image after composite:  torch.Size([128, 160, 141])
Image after composite:  torch.Size([128, 160, 141])
Image after composite:  torch.Size([128, 160, 141])
Image after composite:  torch.Size([128, 160, 141])
Image after composite:  torch.Size([128, 160, 141])
Image after composite:  torch.Size([128, 160, 141])
Image after composite:  torch.Size([128, 160, 141])
Image after composite:  torch.Size([128, 160, 141])
[2;36m[16:14:17][0m[2;36m [0mSplitting [1;36m0.004449388209121246[0m gaussians: [1;36m192[0m/[1;36m43152[0m                           ]8;id=546571;file:///coc/flash5/skumar704/hyperspectral_3d/nerfstudio/nerfstudio/models/hyperspectral_splatfacto.py\[2mhyperspectral_splatfacto.py[0m]8;;\[2m:[0m]8;id=231780;file:///coc/flash5/skumar704/hyperspectral_3d/nerfstudio/nerfstudio/models/hyperspectral_splatfacto.py#602\[2m602[0m]8;;\
[2;36m          [0m[2;36m [0mDuplicating [1;36m0.018052465702632553[0m gaussians: [1;36m779[0m/[1;36m43152[0m                         ]8;id=583761;file:///coc/flash5/skumar704/hyperspectral_3d/nerfstudio/nerfstudio/models/hyperspectral_splatfacto.py\[2mhyperspectral_splatfacto.py[0m]8;;\[2m:[0m]8;id=994595;file:///coc/flash5/skumar704/hyperspectral_3d/nerfstudio/nerfstudio/models/hyperspectral_splatfacto.py#640\[2m640[0m]8;;\
[2;36m          [0m[2;36m [0mCulled [1;36m526[0m gaussians [1m([0m[1;36m334[0m below alpha thresh, [1;36m0[0m too bigs, [1;36m43789[0m remaining[1m)[0m    ]8;id=183640;file:///coc/flash5/skumar704/hyperspectral_3d/nerfstudio/nerfstudio/models/hyperspectral_splatfacto.py\[2mhyperspectral_splatfacto.py[0m]8;;\[2m:[0m]8;id=656401;file:///coc/flash5/skumar704/hyperspectral_3d/nerfstudio/nerfstudio/models/hyperspectral_splatfacto.py#590\[2m590[0m]8;;\
[12A[1KStep (% Done)       Train Iter (time)    ETA (time)           Train Rays / Sec     Test Rays / Sec       [0m
-------------------------------------------------------------------------------------------------------- [0m
2310 (2.89%)        79.955 ms            1 h, 43 m, 31 s      8.16 M                                     [0m
2320 (2.90%)        77.236 ms            1 h, 39 m, 59 s      8.29 M                                     [0m
2330 (2.91%)        76.364 ms            1 h, 38 m, 51 s      8.39 M                                     [0m
2340 (2.93%)        76.622 ms            1 h, 39 m, 10 s      8.36 M                                     [0m
2350 (2.94%)        76.696 ms            1 h, 39 m, 15 s      8.35 M                                     [0m
2360 (2.95%)        76.724 ms            1 h, 39 m, 16 s      8.35 M                                     [0m
2370 (2.96%)        77.160 ms            1 h, 39 m, 49 s      8.30 M                                     [0m
2380 (2.97%)        76.956 ms            1 h, 39 m, 33 s      8.32 M                                     [0m
2390 (2.99%)        76.927 ms            1 h, 39 m, 30 s      8.33 M                                     [0m
2400 (3.00%)        78.308 ms            1 h, 41 m, 16 s      8.24 M               4.49 M                [0m
Image after composite:  torch.Size([128, 160, 141])
Image after composite:  torch.Size([128, 160, 141])
Image after composite:  torch.Size([128, 160, 141])
Image after composite:  torch.Size([128, 160, 141])
Image after composite:  torch.Size([128, 160, 141])
Image after composite:  torch.Size([128, 160, 141])
Image after composite:  torch.Size([128, 160, 141])
Image after composite:  torch.Size([128, 160, 141])
Image after composite:  torch.Size([128, 160, 141])
Image after composite:  torch.Size([128, 160, 141])
[12A[1KStep (% Done)       Train Iter (time)    ETA (time)           Train Rays / Sec     Test Rays / Sec       [0m
-------------------------------------------------------------------------------------------------------- [0m
2320 (2.90%)        77.236 ms            1 h, 39 m, 59 s      8.29 M                                     [0m
2330 (2.91%)        76.364 ms            1 h, 38 m, 51 s      8.39 M                                     [0m
2340 (2.93%)        76.622 ms            1 h, 39 m, 10 s      8.36 M                                     [0m
2350 (2.94%)        76.696 ms            1 h, 39 m, 15 s      8.35 M                                     [0m
2360 (2.95%)        76.724 ms            1 h, 39 m, 16 s      8.35 M                                     [0m
2370 (2.96%)        77.160 ms            1 h, 39 m, 49 s      8.30 M                                     [0m
2380 (2.97%)        76.956 ms            1 h, 39 m, 33 s      8.32 M                                     [0m
2390 (2.99%)        76.927 ms            1 h, 39 m, 30 s      8.33 M                                     [0m
2400 (3.00%)        78.308 ms            1 h, 41 m, 16 s      8.24 M               4.49 M                [0m
2410 (3.01%)        78.547 ms            1 h, 41 m, 34 s      8.21 M                                     [0m
Image after composite:  torch.Size([128, 160, 141])
Image after composite:  torch.Size([128, 160, 141])
Image after composite:  torch.Size([128, 160, 141])
Image after composite:  torch.Size([128, 160, 141])
Image after composite:  torch.Size([128, 160, 141])
Image after composite:  torch.Size([128, 160, 141])
Image after composite:  torch.Size([128, 160, 141])
Image after composite:  torch.Size([128, 160, 141])
Image after composite:  torch.Size([128, 160, 141])
Image after composite:  torch.Size([128, 160, 141])
[12A[1KStep (% Done)       Train Iter (time)    ETA (time)           Train Rays / Sec     Test Rays / Sec       [0m
-------------------------------------------------------------------------------------------------------- [0m
2330 (2.91%)        76.364 ms            1 h, 38 m, 51 s      8.39 M                                     [0m
2340 (2.93%)        76.622 ms            1 h, 39 m, 10 s      8.36 M                                     [0m
2350 (2.94%)        76.696 ms            1 h, 39 m, 15 s      8.35 M                                     [0m
2360 (2.95%)        76.724 ms            1 h, 39 m, 16 s      8.35 M                                     [0m
2370 (2.96%)        77.160 ms            1 h, 39 m, 49 s      8.30 M                                     [0m
2380 (2.97%)        76.956 ms            1 h, 39 m, 33 s      8.32 M                                     [0m
2390 (2.99%)        76.927 ms            1 h, 39 m, 30 s      8.33 M                                     [0m
2400 (3.00%)        78.308 ms            1 h, 41 m, 16 s      8.24 M               4.49 M                [0m
2410 (3.01%)        78.547 ms            1 h, 41 m, 34 s      8.21 M                                     [0m
2420 (3.02%)        77.898 ms            1 h, 40 m, 43 s      8.22 M                                     [0m
Image after composite:  torch.Size([128, 160, 141])
Image after composite:  torch.Size([128, 160, 141])
Image after composite:  torch.Size([128, 160, 141])
Image after composite:  torch.Size([128, 160, 141])
Image after composite:  torch.Size([128, 160, 141])
Image after composite:  torch.Size([128, 160, 141])
Image after composite:  torch.Size([128, 160, 141])
Image after composite:  torch.Size([128, 160, 141])
Image after composite:  torch.Size([128, 160, 141])
Image after composite:  torch.Size([128, 160, 141])
[12A[1KStep (% Done)       Train Iter (time)    ETA (time)           Train Rays / Sec     Test Rays / Sec       [0m
-------------------------------------------------------------------------------------------------------- [0m
2340 (2.93%)        76.622 ms            1 h, 39 m, 10 s      8.36 M                                     [0m
2350 (2.94%)        76.696 ms            1 h, 39 m, 15 s      8.35 M                                     [0m
2360 (2.95%)        76.724 ms            1 h, 39 m, 16 s      8.35 M                                     [0m
2370 (2.96%)        77.160 ms            1 h, 39 m, 49 s      8.30 M                                     [0m
2380 (2.97%)        76.956 ms            1 h, 39 m, 33 s      8.32 M                                     [0m
2390 (2.99%)        76.927 ms            1 h, 39 m, 30 s      8.33 M                                     [0m
2400 (3.00%)        78.308 ms            1 h, 41 m, 16 s      8.24 M               4.49 M                [0m
2410 (3.01%)        78.547 ms            1 h, 41 m, 34 s      8.21 M                                     [0m
2420 (3.02%)        77.898 ms            1 h, 40 m, 43 s      8.22 M                                     [0m
2430 (3.04%)        78.270 ms            1 h, 41 m, 11 s      8.18 M                                     [0m
Image after composite:  torch.Size([128, 160, 141])
Image after composite:  torch.Size([128, 160, 141])
Image after composite:  torch.Size([128, 160, 141])
Image after composite:  torch.Size([128, 160, 141])
Image after composite:  torch.Size([128, 160, 141])
Image after composite:  torch.Size([128, 160, 141])
Image after composite:  torch.Size([128, 160, 141])
Image after composite:  torch.Size([128, 160, 141])
Image after composite:  torch.Size([128, 160, 141])
Image after composite:  torch.Size([128, 160, 141])
[12A[1KStep (% Done)       Train Iter (time)    ETA (time)           Train Rays / Sec     Test Rays / Sec       [0m
-------------------------------------------------------------------------------------------------------- [0m
2350 (2.94%)        76.696 ms            1 h, 39 m, 15 s      8.35 M                                     [0m
2360 (2.95%)        76.724 ms            1 h, 39 m, 16 s      8.35 M                                     [0m
2370 (2.96%)        77.160 ms            1 h, 39 m, 49 s      8.30 M                                     [0m
2380 (2.97%)        76.956 ms            1 h, 39 m, 33 s      8.32 M                                     [0m
2390 (2.99%)        76.927 ms            1 h, 39 m, 30 s      8.33 M                                     [0m
2400 (3.00%)        78.308 ms            1 h, 41 m, 16 s      8.24 M               4.49 M                [0m
2410 (3.01%)        78.547 ms            1 h, 41 m, 34 s      8.21 M                                     [0m
2420 (3.02%)        77.898 ms            1 h, 40 m, 43 s      8.22 M                                     [0m
2430 (3.04%)        78.270 ms            1 h, 41 m, 11 s      8.18 M                                     [0m
2440 (3.05%)        78.629 ms            1 h, 41 m, 38 s      8.15 M                                     [0m
Image after composite:  torch.Size([128, 160, 141])
Image after composite:  torch.Size([128, 160, 141])
Image after composite:  torch.Size([128, 160, 141])
Image after composite:  torch.Size([128, 160, 141])
Image after composite:  torch.Size([128, 160, 141])
Image after composite:  torch.Size([128, 160, 141])
Image after composite:  torch.Size([128, 160, 141])
Image after composite:  torch.Size([128, 160, 141])
Image after composite:  torch.Size([128, 160, 141])
Image after composite:  torch.Size([128, 160, 141])
[12A[1KStep (% Done)       Train Iter (time)    ETA (time)           Train Rays / Sec     Test Rays / Sec       [0m
-------------------------------------------------------------------------------------------------------- [0m
2360 (2.95%)        76.724 ms            1 h, 39 m, 16 s      8.35 M                                     [0m
2370 (2.96%)        77.160 ms            1 h, 39 m, 49 s      8.30 M                                     [0m
2380 (2.97%)        76.956 ms            1 h, 39 m, 33 s      8.32 M                                     [0m
2390 (2.99%)        76.927 ms            1 h, 39 m, 30 s      8.33 M                                     [0m
2400 (3.00%)        78.308 ms            1 h, 41 m, 16 s      8.24 M               4.49 M                [0m
2410 (3.01%)        78.547 ms            1 h, 41 m, 34 s      8.21 M                                     [0m
2420 (3.02%)        77.898 ms            1 h, 40 m, 43 s      8.22 M                                     [0m
2430 (3.04%)        78.270 ms            1 h, 41 m, 11 s      8.18 M                                     [0m
2440 (3.05%)        78.629 ms            1 h, 41 m, 38 s      8.15 M                                     [0m
2450 (3.06%)        78.628 ms            1 h, 41 m, 37 s      8.14 M                                     [0m
Image after composite:  torch.Size([128, 160, 141])
Image after composite:  torch.Size([128, 160, 141])
Image after composite:  torch.Size([128, 160, 141])
Image after composite:  torch.Size([128, 160, 141])
Image after composite:  torch.Size([128, 160, 141])
Image after composite:  torch.Size([128, 160, 141])
Image after composite:  torch.Size([128, 160, 141])
Image after composite:  torch.Size([128, 160, 141])
Image after composite:  torch.Size([128, 160, 141])
Image after composite:  torch.Size([128, 160, 141])
[12A[1KStep (% Done)       Train Iter (time)    ETA (time)           Train Rays / Sec     Test Rays / Sec       [0m
-------------------------------------------------------------------------------------------------------- [0m
2370 (2.96%)        77.160 ms            1 h, 39 m, 49 s      8.30 M                                     [0m
2380 (2.97%)        76.956 ms            1 h, 39 m, 33 s      8.32 M                                     [0m
2390 (2.99%)        76.927 ms            1 h, 39 m, 30 s      8.33 M                                     [0m
2400 (3.00%)        78.308 ms            1 h, 41 m, 16 s      8.24 M               4.49 M                [0m
2410 (3.01%)        78.547 ms            1 h, 41 m, 34 s      8.21 M                                     [0m
2420 (3.02%)        77.898 ms            1 h, 40 m, 43 s      8.22 M                                     [0m
2430 (3.04%)        78.270 ms            1 h, 41 m, 11 s      8.18 M                                     [0m
2440 (3.05%)        78.629 ms            1 h, 41 m, 38 s      8.15 M                                     [0m
2450 (3.06%)        78.628 ms            1 h, 41 m, 37 s      8.14 M                                     [0m
2460 (3.08%)        78.437 ms            1 h, 41 m, 22 s      8.16 M                                     [0m
Image after composite:  torch.Size([128, 160, 141])
Image after composite:  torch.Size([128, 160, 141])
Image after composite:  torch.Size([128, 160, 141])
Image after composite:  torch.Size([128, 160, 141])
Image after composite:  torch.Size([128, 160, 141])
Image after composite:  torch.Size([128, 160, 141])
Image after composite:  torch.Size([128, 160, 141])
Image after composite:  torch.Size([128, 160, 141])
Image after composite:  torch.Size([128, 160, 141])
Image after composite:  torch.Size([128, 160, 141])
[12A[1KStep (% Done)       Train Iter (time)    ETA (time)           Train Rays / Sec     Test Rays / Sec       [0m
-------------------------------------------------------------------------------------------------------- [0m
2380 (2.97%)        76.956 ms            1 h, 39 m, 33 s      8.32 M                                     [0m
2390 (2.99%)        76.927 ms            1 h, 39 m, 30 s      8.33 M                                     [0m
2400 (3.00%)        78.308 ms            1 h, 41 m, 16 s      8.24 M               4.49 M                [0m
2410 (3.01%)        78.547 ms            1 h, 41 m, 34 s      8.21 M                                     [0m
2420 (3.02%)        77.898 ms            1 h, 40 m, 43 s      8.22 M                                     [0m
2430 (3.04%)        78.270 ms            1 h, 41 m, 11 s      8.18 M                                     [0m
2440 (3.05%)        78.629 ms            1 h, 41 m, 38 s      8.15 M                                     [0m
2450 (3.06%)        78.628 ms            1 h, 41 m, 37 s      8.14 M                                     [0m
2460 (3.08%)        78.437 ms            1 h, 41 m, 22 s      8.16 M                                     [0m
2470 (3.09%)        78.396 ms            1 h, 41 m, 18 s      8.17 M                                     [0m
Image after composite:  torch.Size([128, 160, 141])
Image after composite:  torch.Size([128, 160, 141])
Image after composite:  torch.Size([128, 160, 141])
Image after composite:  torch.Size([128, 160, 141])
Image after composite:  torch.Size([128, 160, 141])
Image after composite:  torch.Size([128, 160, 141])
Image after composite:  torch.Size([128, 160, 141])
Image after composite:  torch.Size([128, 160, 141])
Image after composite:  torch.Size([128, 160, 141])
Image after composite:  torch.Size([128, 160, 141])
[12A[1KStep (% Done)       Train Iter (time)    ETA (time)           Train Rays / Sec     Test Rays / Sec       [0m
-------------------------------------------------------------------------------------------------------- [0m
2390 (2.99%)        76.927 ms            1 h, 39 m, 30 s      8.33 M                                     [0m
2400 (3.00%)        78.308 ms            1 h, 41 m, 16 s      8.24 M               4.49 M                [0m
2410 (3.01%)        78.547 ms            1 h, 41 m, 34 s      8.21 M                                     [0m
2420 (3.02%)        77.898 ms            1 h, 40 m, 43 s      8.22 M                                     [0m
2430 (3.04%)        78.270 ms            1 h, 41 m, 11 s      8.18 M                                     [0m
2440 (3.05%)        78.629 ms            1 h, 41 m, 38 s      8.15 M                                     [0m
2450 (3.06%)        78.628 ms            1 h, 41 m, 37 s      8.14 M                                     [0m
2460 (3.08%)        78.437 ms            1 h, 41 m, 22 s      8.16 M                                     [0m
2470 (3.09%)        78.396 ms            1 h, 41 m, 18 s      8.17 M                                     [0m
2480 (3.10%)        77.666 ms            1 h, 40 m, 20 s      8.24 M                                     [0m
Image after composite:  torch.Size([128, 160, 141])
Image after composite:  torch.Size([128, 160, 141])
Image after composite:  torch.Size([128, 160, 141])
Image after composite:  torch.Size([128, 160, 141])
Image after composite:  torch.Size([128, 160, 141])
Image after composite:  torch.Size([128, 160, 141])
Image after composite:  torch.Size([128, 160, 141])
Image after composite:  torch.Size([128, 160, 141])
Image after composite:  torch.Size([128, 160, 141])
Image after composite:  torch.Size([128, 160, 141])
[12A[1KStep (% Done)       Train Iter (time)    ETA (time)           Train Rays / Sec     Test Rays / Sec       [0m
-------------------------------------------------------------------------------------------------------- [0m
2400 (3.00%)        78.308 ms            1 h, 41 m, 16 s      8.24 M               4.49 M                [0m
2410 (3.01%)        78.547 ms            1 h, 41 m, 34 s      8.21 M                                     [0m
2420 (3.02%)        77.898 ms            1 h, 40 m, 43 s      8.22 M                                     [0m
2430 (3.04%)        78.270 ms            1 h, 41 m, 11 s      8.18 M                                     [0m
2440 (3.05%)        78.629 ms            1 h, 41 m, 38 s      8.15 M                                     [0m
2450 (3.06%)        78.628 ms            1 h, 41 m, 37 s      8.14 M                                     [0m
2460 (3.08%)        78.437 ms            1 h, 41 m, 22 s      8.16 M                                     [0m
2470 (3.09%)        78.396 ms            1 h, 41 m, 18 s      8.17 M                                     [0m
2480 (3.10%)        77.666 ms            1 h, 40 m, 20 s      8.24 M                                     [0m
2490 (3.11%)        78.089 ms            1 h, 40 m, 52 s      8.21 M                                     [0m
Image after composite:  torch.Size([128, 160, 141])
Image after composite:  torch.Size([128, 160, 141])
Image after composite:  torch.Size([128, 160, 141])
Image after composite:  torch.Size([128, 160, 141])
Image after composite:  torch.Size([128, 160, 141])
Image after composite:  torch.Size([128, 160, 141])
Image after composite:  torch.Size([128, 160, 141])
Image after composite:  torch.Size([128, 160, 141])
Image after composite:  torch.Size([128, 160, 141])
Image after composite:  torch.Size([128, 160, 141])
[2;36m[16:14:26][0m[2;36m [0mSplitting [1;36m0.0025805567608303457[0m gaussians: [1;36m113[0m/[1;36m43789[0m                          ]8;id=398290;file:///coc/flash5/skumar704/hyperspectral_3d/nerfstudio/nerfstudio/models/hyperspectral_splatfacto.py\[2mhyperspectral_splatfacto.py[0m]8;;\[2m:[0m]8;id=597467;file:///coc/flash5/skumar704/hyperspectral_3d/nerfstudio/nerfstudio/models/hyperspectral_splatfacto.py#602\[2m602[0m]8;;\
[2;36m          [0m[2;36m [0mDuplicating [1;36m0.011920802027906552[0m gaussians: [1;36m522[0m/[1;36m43789[0m                         ]8;id=686406;file:///coc/flash5/skumar704/hyperspectral_3d/nerfstudio/nerfstudio/models/hyperspectral_splatfacto.py\[2mhyperspectral_splatfacto.py[0m]8;;\[2m:[0m]8;id=989294;file:///coc/flash5/skumar704/hyperspectral_3d/nerfstudio/nerfstudio/models/hyperspectral_splatfacto.py#640\[2m640[0m]8;;\
[2;36m          [0m[2;36m [0mCulled [1;36m501[0m gaussians [1m([0m[1;36m388[0m below alpha thresh, [1;36m0[0m too bigs, [1;36m44036[0m remaining[1m)[0m    ]8;id=861501;file:///coc/flash5/skumar704/hyperspectral_3d/nerfstudio/nerfstudio/models/hyperspectral_splatfacto.py\[2mhyperspectral_splatfacto.py[0m]8;;\[2m:[0m]8;id=512356;file:///coc/flash5/skumar704/hyperspectral_3d/nerfstudio/nerfstudio/models/hyperspectral_splatfacto.py#590\[2m590[0m]8;;\
[12A[1KStep (% Done)       Train Iter (time)    ETA (time)           Train Rays / Sec     Test Rays / Sec       [0m
-------------------------------------------------------------------------------------------------------- [0m
2410 (3.01%)        78.547 ms            1 h, 41 m, 34 s      8.21 M                                     [0m
2420 (3.02%)        77.898 ms            1 h, 40 m, 43 s      8.22 M                                     [0m
2430 (3.04%)        78.270 ms            1 h, 41 m, 11 s      8.18 M                                     [0m
2440 (3.05%)        78.629 ms            1 h, 41 m, 38 s      8.15 M                                     [0m
2450 (3.06%)        78.628 ms            1 h, 41 m, 37 s      8.14 M                                     [0m
2460 (3.08%)        78.437 ms            1 h, 41 m, 22 s      8.16 M                                     [0m
2470 (3.09%)        78.396 ms            1 h, 41 m, 18 s      8.17 M                                     [0m
2480 (3.10%)        77.666 ms            1 h, 40 m, 20 s      8.24 M                                     [0m
2490 (3.11%)        78.089 ms            1 h, 40 m, 52 s      8.21 M                                     [0m
2500 (3.12%)        80.056 ms            1 h, 43 m, 24 s      8.06 M               4.41 M                [0m
Image after composite:  torch.Size([128, 160, 141])
Image after composite:  torch.Size([128, 160, 141])
Image after composite:  torch.Size([128, 160, 141])
Image after composite:  torch.Size([128, 160, 141])
Image after composite:  torch.Size([128, 160, 141])
Image after composite:  torch.Size([128, 160, 141])
Image after composite:  torch.Size([128, 160, 141])
Image after composite:  torch.Size([128, 160, 141])
Image after composite:  torch.Size([128, 160, 141])
Image after composite:  torch.Size([128, 160, 141])
[12A[1KStep (% Done)       Train Iter (time)    ETA (time)           Train Rays / Sec     Test Rays / Sec       [0m
-------------------------------------------------------------------------------------------------------- [0m
2420 (3.02%)        77.898 ms            1 h, 40 m, 43 s      8.22 M                                     [0m
2430 (3.04%)        78.270 ms            1 h, 41 m, 11 s      8.18 M                                     [0m
2440 (3.05%)        78.629 ms            1 h, 41 m, 38 s      8.15 M                                     [0m
2450 (3.06%)        78.628 ms            1 h, 41 m, 37 s      8.14 M                                     [0m
2460 (3.08%)        78.437 ms            1 h, 41 m, 22 s      8.16 M                                     [0m
2470 (3.09%)        78.396 ms            1 h, 41 m, 18 s      8.17 M                                     [0m
2480 (3.10%)        77.666 ms            1 h, 40 m, 20 s      8.24 M                                     [0m
2490 (3.11%)        78.089 ms            1 h, 40 m, 52 s      8.21 M                                     [0m
2500 (3.12%)        80.056 ms            1 h, 43 m, 24 s      8.06 M               4.41 M                [0m
2510 (3.14%)        79.325 ms            1 h, 42 m, 26 s      8.13 M                                     [0m
Image after composite:  torch.Size([128, 160, 141])
Image after composite:  torch.Size([128, 160, 141])
Image after composite:  torch.Size([128, 160, 141])
Image after composite:  torch.Size([128, 160, 141])
Image after composite:  torch.Size([128, 160, 141])
Image after composite:  torch.Size([128, 160, 141])
Image after composite:  torch.Size([128, 160, 141])
Image after composite:  torch.Size([128, 160, 141])
Image after composite:  torch.Size([128, 160, 141])
Image after composite:  torch.Size([128, 160, 141])
[12A[1KStep (% Done)       Train Iter (time)    ETA (time)           Train Rays / Sec     Test Rays / Sec       [0m
-------------------------------------------------------------------------------------------------------- [0m
2430 (3.04%)        78.270 ms            1 h, 41 m, 11 s      8.18 M                                     [0m
2440 (3.05%)        78.629 ms            1 h, 41 m, 38 s      8.15 M                                     [0m
2450 (3.06%)        78.628 ms            1 h, 41 m, 37 s      8.14 M                                     [0m
2460 (3.08%)        78.437 ms            1 h, 41 m, 22 s      8.16 M                                     [0m
2470 (3.09%)        78.396 ms            1 h, 41 m, 18 s      8.17 M                                     [0m
2480 (3.10%)        77.666 ms            1 h, 40 m, 20 s      8.24 M                                     [0m
2490 (3.11%)        78.089 ms            1 h, 40 m, 52 s      8.21 M                                     [0m
2500 (3.12%)        80.056 ms            1 h, 43 m, 24 s      8.06 M               4.41 M                [0m
2510 (3.14%)        79.325 ms            1 h, 42 m, 26 s      8.13 M                                     [0m
2520 (3.15%)        77.882 ms            1 h, 40 m, 34 s      8.22 M                                     [0m
Image after composite:  torch.Size([128, 160, 141])
Image after composite:  torch.Size([128, 160, 141])
Image after composite:  torch.Size([128, 160, 141])
Image after composite:  torch.Size([128, 160, 141])
Image after composite:  torch.Size([128, 160, 141])
Image after composite:  torch.Size([128, 160, 141])
Image after composite:  torch.Size([128, 160, 141])
Image after composite:  torch.Size([128, 160, 141])
Image after composite:  torch.Size([128, 160, 141])
Image after composite:  torch.Size([128, 160, 141])
[12A[1KStep (% Done)       Train Iter (time)    ETA (time)           Train Rays / Sec     Test Rays / Sec       [0m
-------------------------------------------------------------------------------------------------------- [0m
2440 (3.05%)        78.629 ms            1 h, 41 m, 38 s      8.15 M                                     [0m
2450 (3.06%)        78.628 ms            1 h, 41 m, 37 s      8.14 M                                     [0m
2460 (3.08%)        78.437 ms            1 h, 41 m, 22 s      8.16 M                                     [0m
2470 (3.09%)        78.396 ms            1 h, 41 m, 18 s      8.17 M                                     [0m
2480 (3.10%)        77.666 ms            1 h, 40 m, 20 s      8.24 M                                     [0m
2490 (3.11%)        78.089 ms            1 h, 40 m, 52 s      8.21 M                                     [0m
2500 (3.12%)        80.056 ms            1 h, 43 m, 24 s      8.06 M               4.41 M                [0m
2510 (3.14%)        79.325 ms            1 h, 42 m, 26 s      8.13 M                                     [0m
2520 (3.15%)        77.882 ms            1 h, 40 m, 34 s      8.22 M                                     [0m
2530 (3.16%)        78.098 ms            1 h, 40 m, 50 s      8.20 M                                     [0m
Image after composite:  torch.Size([128, 160, 141])
Image after composite:  torch.Size([128, 160, 141])
Image after composite:  torch.Size([128, 160, 141])
Image after composite:  torch.Size([128, 160, 141])
Image after composite:  torch.Size([128, 160, 141])
Image after composite:  torch.Size([128, 160, 141])
Image after composite:  torch.Size([128, 160, 141])
Image after composite:  torch.Size([128, 160, 141])
Image after composite:  torch.Size([128, 160, 141])
Image after composite:  torch.Size([128, 160, 141])
[12A[1KStep (% Done)       Train Iter (time)    ETA (time)           Train Rays / Sec     Test Rays / Sec       [0m
-------------------------------------------------------------------------------------------------------- [0m
2450 (3.06%)        78.628 ms            1 h, 41 m, 37 s      8.14 M                                     [0m
2460 (3.08%)        78.437 ms            1 h, 41 m, 22 s      8.16 M                                     [0m
2470 (3.09%)        78.396 ms            1 h, 41 m, 18 s      8.17 M                                     [0m
2480 (3.10%)        77.666 ms            1 h, 40 m, 20 s      8.24 M                                     [0m
2490 (3.11%)        78.089 ms            1 h, 40 m, 52 s      8.21 M                                     [0m
2500 (3.12%)        80.056 ms            1 h, 43 m, 24 s      8.06 M               4.41 M                [0m
2510 (3.14%)        79.325 ms            1 h, 42 m, 26 s      8.13 M                                     [0m
2520 (3.15%)        77.882 ms            1 h, 40 m, 34 s      8.22 M                                     [0m
2530 (3.16%)        78.098 ms            1 h, 40 m, 50 s      8.20 M                                     [0m
2540 (3.17%)        77.330 ms            1 h, 39 m, 49 s      8.28 M                                     [0m
Image after composite:  torch.Size([128, 160, 141])
Image after composite:  torch.Size([128, 160, 141])
Image after composite:  torch.Size([128, 160, 141])
Image after composite:  torch.Size([128, 160, 141])
Image after composite:  torch.Size([128, 160, 141])
Image after composite:  torch.Size([128, 160, 141])
Image after composite:  torch.Size([128, 160, 141])
Image after composite:  torch.Size([128, 160, 141])
Image after composite:  torch.Size([128, 160, 141])
Image after composite:  torch.Size([128, 160, 141])
[12A[1KStep (% Done)       Train Iter (time)    ETA (time)           Train Rays / Sec     Test Rays / Sec       [0m
-------------------------------------------------------------------------------------------------------- [0m
2460 (3.08%)        78.437 ms            1 h, 41 m, 22 s      8.16 M                                     [0m
2470 (3.09%)        78.396 ms            1 h, 41 m, 18 s      8.17 M                                     [0m
2480 (3.10%)        77.666 ms            1 h, 40 m, 20 s      8.24 M                                     [0m
2490 (3.11%)        78.089 ms            1 h, 40 m, 52 s      8.21 M                                     [0m
2500 (3.12%)        80.056 ms            1 h, 43 m, 24 s      8.06 M               4.41 M                [0m
2510 (3.14%)        79.325 ms            1 h, 42 m, 26 s      8.13 M                                     [0m
2520 (3.15%)        77.882 ms            1 h, 40 m, 34 s      8.22 M                                     [0m
2530 (3.16%)        78.098 ms            1 h, 40 m, 50 s      8.20 M                                     [0m
2540 (3.17%)        77.330 ms            1 h, 39 m, 49 s      8.28 M                                     [0m
2550 (3.19%)        77.098 ms            1 h, 39 m, 31 s      8.31 M                                     [0m
Image after composite:  torch.Size([128, 160, 141])
Image after composite:  torch.Size([128, 160, 141])
Image after composite:  torch.Size([128, 160, 141])
Image after composite:  torch.Size([128, 160, 141])
Image after composite:  torch.Size([128, 160, 141])
Image after composite:  torch.Size([128, 160, 141])
Image after composite:  torch.Size([128, 160, 141])
Image after composite:  torch.Size([128, 160, 141])
Image after composite:  torch.Size([128, 160, 141])
Image after composite:  torch.Size([128, 160, 141])
[12A[1KStep (% Done)       Train Iter (time)    ETA (time)           Train Rays / Sec     Test Rays / Sec       [0m
-------------------------------------------------------------------------------------------------------- [0m
2470 (3.09%)        78.396 ms            1 h, 41 m, 18 s      8.17 M                                     [0m
2480 (3.10%)        77.666 ms            1 h, 40 m, 20 s      8.24 M                                     [0m
2490 (3.11%)        78.089 ms            1 h, 40 m, 52 s      8.21 M                                     [0m
2500 (3.12%)        80.056 ms            1 h, 43 m, 24 s      8.06 M               4.41 M                [0m
2510 (3.14%)        79.325 ms            1 h, 42 m, 26 s      8.13 M                                     [0m
2520 (3.15%)        77.882 ms            1 h, 40 m, 34 s      8.22 M                                     [0m
2530 (3.16%)        78.098 ms            1 h, 40 m, 50 s      8.20 M                                     [0m
2540 (3.17%)        77.330 ms            1 h, 39 m, 49 s      8.28 M                                     [0m
2550 (3.19%)        77.098 ms            1 h, 39 m, 31 s      8.31 M                                     [0m
2560 (3.20%)        77.272 ms            1 h, 39 m, 43 s      8.29 M                                     [0m
Image after composite:  torch.Size([128, 160, 141])
Image after composite:  torch.Size([128, 160, 141])
Image after composite:  torch.Size([128, 160, 141])
Image after composite:  torch.Size([128, 160, 141])
Image after composite:  torch.Size([128, 160, 141])
Image after composite:  torch.Size([128, 160, 141])
Image after composite:  torch.Size([128, 160, 141])
Image after composite:  torch.Size([128, 160, 141])
Image after composite:  torch.Size([128, 160, 141])
Image after composite:  torch.Size([128, 160, 141])
[12A[1KStep (% Done)       Train Iter (time)    ETA (time)           Train Rays / Sec     Test Rays / Sec       [0m
-------------------------------------------------------------------------------------------------------- [0m
2480 (3.10%)        77.666 ms            1 h, 40 m, 20 s      8.24 M                                     [0m
2490 (3.11%)        78.089 ms            1 h, 40 m, 52 s      8.21 M                                     [0m
2500 (3.12%)        80.056 ms            1 h, 43 m, 24 s      8.06 M               4.41 M                [0m
2510 (3.14%)        79.325 ms            1 h, 42 m, 26 s      8.13 M                                     [0m
2520 (3.15%)        77.882 ms            1 h, 40 m, 34 s      8.22 M                                     [0m
2530 (3.16%)        78.098 ms            1 h, 40 m, 50 s      8.20 M                                     [0m
2540 (3.17%)        77.330 ms            1 h, 39 m, 49 s      8.28 M                                     [0m
2550 (3.19%)        77.098 ms            1 h, 39 m, 31 s      8.31 M                                     [0m
2560 (3.20%)        77.272 ms            1 h, 39 m, 43 s      8.29 M                                     [0m
2570 (3.21%)        76.959 ms            1 h, 39 m, 18 s      8.32 M                                     [0m
Image after composite:  torch.Size([128, 160, 141])
Image after composite:  torch.Size([128, 160, 141])
Image after composite:  torch.Size([128, 160, 141])
Image after composite:  torch.Size([128, 160, 141])
Image after composite:  torch.Size([128, 160, 141])
Image after composite:  torch.Size([128, 160, 141])
Image after composite:  torch.Size([128, 160, 141])
Image after composite:  torch.Size([128, 160, 141])
Image after composite:  torch.Size([128, 160, 141])
Image after composite:  torch.Size([128, 160, 141])
[12A[1KStep (% Done)       Train Iter (time)    ETA (time)           Train Rays / Sec     Test Rays / Sec       [0m
-------------------------------------------------------------------------------------------------------- [0m
2490 (3.11%)        78.089 ms            1 h, 40 m, 52 s      8.21 M                                     [0m
2500 (3.12%)        80.056 ms            1 h, 43 m, 24 s      8.06 M               4.41 M                [0m
2510 (3.14%)        79.325 ms            1 h, 42 m, 26 s      8.13 M                                     [0m
2520 (3.15%)        77.882 ms            1 h, 40 m, 34 s      8.22 M                                     [0m
2530 (3.16%)        78.098 ms            1 h, 40 m, 50 s      8.20 M                                     [0m
2540 (3.17%)        77.330 ms            1 h, 39 m, 49 s      8.28 M                                     [0m
2550 (3.19%)        77.098 ms            1 h, 39 m, 31 s      8.31 M                                     [0m
2560 (3.20%)        77.272 ms            1 h, 39 m, 43 s      8.29 M                                     [0m
2570 (3.21%)        76.959 ms            1 h, 39 m, 18 s      8.32 M                                     [0m
2580 (3.23%)        76.778 ms            1 h, 39 m, 4 s       8.34 M                                     [0m
Image after composite:  torch.Size([128, 160, 141])
Image after composite:  torch.Size([128, 160, 141])
Image after composite:  torch.Size([128, 160, 141])
Image after composite:  torch.Size([128, 160, 141])
Image after composite:  torch.Size([128, 160, 141])
Image after composite:  torch.Size([128, 160, 141])
Image after composite:  torch.Size([128, 160, 141])
Image after composite:  torch.Size([128, 160, 141])
Image after composite:  torch.Size([128, 160, 141])
Image after composite:  torch.Size([128, 160, 141])
[12A[1KStep (% Done)       Train Iter (time)    ETA (time)           Train Rays / Sec     Test Rays / Sec       [0m
-------------------------------------------------------------------------------------------------------- [0m
2500 (3.12%)        80.056 ms            1 h, 43 m, 24 s      8.06 M               4.41 M                [0m
2510 (3.14%)        79.325 ms            1 h, 42 m, 26 s      8.13 M                                     [0m
2520 (3.15%)        77.882 ms            1 h, 40 m, 34 s      8.22 M                                     [0m
2530 (3.16%)        78.098 ms            1 h, 40 m, 50 s      8.20 M                                     [0m
2540 (3.17%)        77.330 ms            1 h, 39 m, 49 s      8.28 M                                     [0m
2550 (3.19%)        77.098 ms            1 h, 39 m, 31 s      8.31 M                                     [0m
2560 (3.20%)        77.272 ms            1 h, 39 m, 43 s      8.29 M                                     [0m
2570 (3.21%)        76.959 ms            1 h, 39 m, 18 s      8.32 M                                     [0m
2580 (3.23%)        76.778 ms            1 h, 39 m, 4 s       8.34 M                                     [0m
2590 (3.24%)        77.395 ms            1 h, 39 m, 51 s      8.28 M                                     [0m
Image after composite:  torch.Size([128, 160, 141])
Image after composite:  torch.Size([128, 160, 141])
Image after composite:  torch.Size([128, 160, 141])
Image after composite:  torch.Size([128, 160, 141])
Image after composite:  torch.Size([128, 160, 141])
Image after composite:  torch.Size([128, 160, 141])
Image after composite:  torch.Size([128, 160, 141])
Image after composite:  torch.Size([128, 160, 141])
Image after composite:  torch.Size([128, 160, 141])
Image after composite:  torch.Size([128, 160, 141])
[2;36m[16:14:34][0m[2;36m [0mSplitting [1;36m0.004201108184212917[0m gaussians: [1;36m185[0m/[1;36m44036[0m                           ]8;id=891737;file:///coc/flash5/skumar704/hyperspectral_3d/nerfstudio/nerfstudio/models/hyperspectral_splatfacto.py\[2mhyperspectral_splatfacto.py[0m]8;;\[2m:[0m]8;id=329761;file:///coc/flash5/skumar704/hyperspectral_3d/nerfstudio/nerfstudio/models/hyperspectral_splatfacto.py#602\[2m602[0m]8;;\
[2;36m          [0m[2;36m [0mDuplicating [1;36m0.015759832864020346[0m gaussians: [1;36m694[0m/[1;36m44036[0m                         ]8;id=788795;file:///coc/flash5/skumar704/hyperspectral_3d/nerfstudio/nerfstudio/models/hyperspectral_splatfacto.py\[2mhyperspectral_splatfacto.py[0m]8;;\[2m:[0m]8;id=860556;file:///coc/flash5/skumar704/hyperspectral_3d/nerfstudio/nerfstudio/models/hyperspectral_splatfacto.py#640\[2m640[0m]8;;\
[2;36m          [0m[2;36m [0mCulled [1;36m569[0m gaussians [1m([0m[1;36m384[0m below alpha thresh, [1;36m0[0m too bigs, [1;36m44531[0m remaining[1m)[0m    ]8;id=80674;file:///coc/flash5/skumar704/hyperspectral_3d/nerfstudio/nerfstudio/models/hyperspectral_splatfacto.py\[2mhyperspectral_splatfacto.py[0m]8;;\[2m:[0m]8;id=313814;file:///coc/flash5/skumar704/hyperspectral_3d/nerfstudio/nerfstudio/models/hyperspectral_splatfacto.py#590\[2m590[0m]8;;\
[12A[1KStep (% Done)       Train Iter (time)    ETA (time)           Train Rays / Sec     Test Rays / Sec       [0m
-------------------------------------------------------------------------------------------------------- [0m
2510 (3.14%)        79.325 ms            1 h, 42 m, 26 s      8.13 M                                     [0m
2520 (3.15%)        77.882 ms            1 h, 40 m, 34 s      8.22 M                                     [0m
2530 (3.16%)        78.098 ms            1 h, 40 m, 50 s      8.20 M                                     [0m
2540 (3.17%)        77.330 ms            1 h, 39 m, 49 s      8.28 M                                     [0m
2550 (3.19%)        77.098 ms            1 h, 39 m, 31 s      8.31 M                                     [0m
2560 (3.20%)        77.272 ms            1 h, 39 m, 43 s      8.29 M                                     [0m
2570 (3.21%)        76.959 ms            1 h, 39 m, 18 s      8.32 M                                     [0m
2580 (3.23%)        76.778 ms            1 h, 39 m, 4 s       8.34 M                                     [0m
2590 (3.24%)        77.395 ms            1 h, 39 m, 51 s      8.28 M                                     [0m
2600 (3.25%)        79.514 ms            1 h, 42 m, 34 s      8.11 M               4.31 M                [0m
Image after composite:  torch.Size([128, 160, 141])
Image after composite:  torch.Size([128, 160, 141])
Image after composite:  torch.Size([128, 160, 141])
Image after composite:  torch.Size([128, 160, 141])
Image after composite:  torch.Size([128, 160, 141])
Image after composite:  torch.Size([128, 160, 141])
Image after composite:  torch.Size([128, 160, 141])
Image after composite:  torch.Size([128, 160, 141])
Image after composite:  torch.Size([128, 160, 141])
Image after composite:  torch.Size([128, 160, 141])
[12A[1KStep (% Done)       Train Iter (time)    ETA (time)           Train Rays / Sec     Test Rays / Sec       [0m
-------------------------------------------------------------------------------------------------------- [0m
2520 (3.15%)        77.882 ms            1 h, 40 m, 34 s      8.22 M                                     [0m
2530 (3.16%)        78.098 ms            1 h, 40 m, 50 s      8.20 M                                     [0m
2540 (3.17%)        77.330 ms            1 h, 39 m, 49 s      8.28 M                                     [0m
2550 (3.19%)        77.098 ms            1 h, 39 m, 31 s      8.31 M                                     [0m
2560 (3.20%)        77.272 ms            1 h, 39 m, 43 s      8.29 M                                     [0m
2570 (3.21%)        76.959 ms            1 h, 39 m, 18 s      8.32 M                                     [0m
2580 (3.23%)        76.778 ms            1 h, 39 m, 4 s       8.34 M                                     [0m
2590 (3.24%)        77.395 ms            1 h, 39 m, 51 s      8.28 M                                     [0m
2600 (3.25%)        79.514 ms            1 h, 42 m, 34 s      8.11 M               4.31 M                [0m
2610 (3.26%)        78.940 ms            1 h, 41 m, 49 s      8.17 M                                     [0m
Image after composite:  torch.Size([128, 160, 141])
Image after composite:  torch.Size([128, 160, 141])
Image after composite:  torch.Size([128, 160, 141])
Image after composite:  torch.Size([128, 160, 141])
Image after composite:  torch.Size([128, 160, 141])
Image after composite:  torch.Size([128, 160, 141])
Image after composite:  torch.Size([128, 160, 141])
Image after composite:  torch.Size([128, 160, 141])
Image after composite:  torch.Size([128, 160, 141])
Image after composite:  torch.Size([128, 160, 141])
[12A[1KStep (% Done)       Train Iter (time)    ETA (time)           Train Rays / Sec     Test Rays / Sec       [0m
-------------------------------------------------------------------------------------------------------- [0m
2530 (3.16%)        78.098 ms            1 h, 40 m, 50 s      8.20 M                                     [0m
2540 (3.17%)        77.330 ms            1 h, 39 m, 49 s      8.28 M                                     [0m
2550 (3.19%)        77.098 ms            1 h, 39 m, 31 s      8.31 M                                     [0m
2560 (3.20%)        77.272 ms            1 h, 39 m, 43 s      8.29 M                                     [0m
2570 (3.21%)        76.959 ms            1 h, 39 m, 18 s      8.32 M                                     [0m
2580 (3.23%)        76.778 ms            1 h, 39 m, 4 s       8.34 M                                     [0m
2590 (3.24%)        77.395 ms            1 h, 39 m, 51 s      8.28 M                                     [0m
2600 (3.25%)        79.514 ms            1 h, 42 m, 34 s      8.11 M               4.31 M                [0m
2610 (3.26%)        78.940 ms            1 h, 41 m, 49 s      8.17 M                                     [0m
2620 (3.28%)        77.788 ms            1 h, 40 m, 19 s      8.23 M                                     [0m
Image after composite:  torch.Size([128, 160, 141])
Image after composite:  torch.Size([128, 160, 141])
Image after composite:  torch.Size([128, 160, 141])
Image after composite:  torch.Size([128, 160, 141])
Image after composite:  torch.Size([128, 160, 141])
Image after composite:  torch.Size([128, 160, 141])
Image after composite:  torch.Size([128, 160, 141])
Image after composite:  torch.Size([128, 160, 141])
Image after composite:  torch.Size([128, 160, 141])
Image after composite:  torch.Size([128, 160, 141])
[12A[1KStep (% Done)       Train Iter (time)    ETA (time)           Train Rays / Sec     Test Rays / Sec       [0m
-------------------------------------------------------------------------------------------------------- [0m
2540 (3.17%)        77.330 ms            1 h, 39 m, 49 s      8.28 M                                     [0m
2550 (3.19%)        77.098 ms            1 h, 39 m, 31 s      8.31 M                                     [0m
2560 (3.20%)        77.272 ms            1 h, 39 m, 43 s      8.29 M                                     [0m
2570 (3.21%)        76.959 ms            1 h, 39 m, 18 s      8.32 M                                     [0m
2580 (3.23%)        76.778 ms            1 h, 39 m, 4 s       8.34 M                                     [0m
2590 (3.24%)        77.395 ms            1 h, 39 m, 51 s      8.28 M                                     [0m
2600 (3.25%)        79.514 ms            1 h, 42 m, 34 s      8.11 M               4.31 M                [0m
2610 (3.26%)        78.940 ms            1 h, 41 m, 49 s      8.17 M                                     [0m
2620 (3.28%)        77.788 ms            1 h, 40 m, 19 s      8.23 M                                     [0m
2630 (3.29%)        78.256 ms            1 h, 40 m, 54 s      8.18 M                                     [0m
Image after composite:  torch.Size([128, 160, 141])
Image after composite:  torch.Size([128, 160, 141])
Image after composite:  torch.Size([128, 160, 141])
Image after composite:  torch.Size([128, 160, 141])
Image after composite:  torch.Size([128, 160, 141])
Image after composite:  torch.Size([128, 160, 141])
Image after composite:  torch.Size([128, 160, 141])
Image after composite:  torch.Size([128, 160, 141])
Image after composite:  torch.Size([128, 160, 141])
Image after composite:  torch.Size([128, 160, 141])
[12A[1KStep (% Done)       Train Iter (time)    ETA (time)           Train Rays / Sec     Test Rays / Sec       [0m
-------------------------------------------------------------------------------------------------------- [0m
2550 (3.19%)        77.098 ms            1 h, 39 m, 31 s      8.31 M                                     [0m
2560 (3.20%)        77.272 ms            1 h, 39 m, 43 s      8.29 M                                     [0m
2570 (3.21%)        76.959 ms            1 h, 39 m, 18 s      8.32 M                                     [0m
2580 (3.23%)        76.778 ms            1 h, 39 m, 4 s       8.34 M                                     [0m
2590 (3.24%)        77.395 ms            1 h, 39 m, 51 s      8.28 M                                     [0m
2600 (3.25%)        79.514 ms            1 h, 42 m, 34 s      8.11 M               4.31 M                [0m
2610 (3.26%)        78.940 ms            1 h, 41 m, 49 s      8.17 M                                     [0m
2620 (3.28%)        77.788 ms            1 h, 40 m, 19 s      8.23 M                                     [0m
2630 (3.29%)        78.256 ms            1 h, 40 m, 54 s      8.18 M                                     [0m
2640 (3.30%)        78.454 ms            1 h, 41 m, 9 s       8.16 M                                     [0m
Image after composite:  torch.Size([128, 160, 141])
Image after composite:  torch.Size([128, 160, 141])
Image after composite:  torch.Size([128, 160, 141])
Image after composite:  torch.Size([128, 160, 141])
Image after composite:  torch.Size([128, 160, 141])
Image after composite:  torch.Size([128, 160, 141])
Image after composite:  torch.Size([128, 160, 141])
Image after composite:  torch.Size([128, 160, 141])
Image after composite:  torch.Size([128, 160, 141])
Image after composite:  torch.Size([128, 160, 141])
[12A[1KStep (% Done)       Train Iter (time)    ETA (time)           Train Rays / Sec     Test Rays / Sec       [0m
-------------------------------------------------------------------------------------------------------- [0m
2560 (3.20%)        77.272 ms            1 h, 39 m, 43 s      8.29 M                                     [0m
2570 (3.21%)        76.959 ms            1 h, 39 m, 18 s      8.32 M                                     [0m
2580 (3.23%)        76.778 ms            1 h, 39 m, 4 s       8.34 M                                     [0m
2590 (3.24%)        77.395 ms            1 h, 39 m, 51 s      8.28 M                                     [0m
2600 (3.25%)        79.514 ms            1 h, 42 m, 34 s      8.11 M               4.31 M                [0m
2610 (3.26%)        78.940 ms            1 h, 41 m, 49 s      8.17 M                                     [0m
2620 (3.28%)        77.788 ms            1 h, 40 m, 19 s      8.23 M                                     [0m
2630 (3.29%)        78.256 ms            1 h, 40 m, 54 s      8.18 M                                     [0m
2640 (3.30%)        78.454 ms            1 h, 41 m, 9 s       8.16 M                                     [0m
2650 (3.31%)        78.849 ms            1 h, 41 m, 38 s      8.12 M                                     [0m
Image after composite:  torch.Size([128, 160, 141])
Image after composite:  torch.Size([128, 160, 141])
Image after composite:  torch.Size([128, 160, 141])
Image after composite:  torch.Size([128, 160, 141])
Image after composite:  torch.Size([128, 160, 141])
Image after composite:  torch.Size([128, 160, 141])
Image after composite:  torch.Size([128, 160, 141])
Image after composite:  torch.Size([128, 160, 141])
Image after composite:  torch.Size([128, 160, 141])
Image after composite:  torch.Size([128, 160, 141])
[12A[1KStep (% Done)       Train Iter (time)    ETA (time)           Train Rays / Sec     Test Rays / Sec       [0m
-------------------------------------------------------------------------------------------------------- [0m
2570 (3.21%)        76.959 ms            1 h, 39 m, 18 s      8.32 M                                     [0m
2580 (3.23%)        76.778 ms            1 h, 39 m, 4 s       8.34 M                                     [0m
2590 (3.24%)        77.395 ms            1 h, 39 m, 51 s      8.28 M                                     [0m
2600 (3.25%)        79.514 ms            1 h, 42 m, 34 s      8.11 M               4.31 M                [0m
2610 (3.26%)        78.940 ms            1 h, 41 m, 49 s      8.17 M                                     [0m
2620 (3.28%)        77.788 ms            1 h, 40 m, 19 s      8.23 M                                     [0m
2630 (3.29%)        78.256 ms            1 h, 40 m, 54 s      8.18 M                                     [0m
2640 (3.30%)        78.454 ms            1 h, 41 m, 9 s       8.16 M                                     [0m
2650 (3.31%)        78.849 ms            1 h, 41 m, 38 s      8.12 M                                     [0m
2660 (3.33%)        78.987 ms            1 h, 41 m, 48 s      8.11 M                                     [0m
Image after composite:  torch.Size([128, 160, 141])
Image after composite:  torch.Size([128, 160, 141])
Image after composite:  torch.Size([128, 160, 141])
Image after composite:  torch.Size([128, 160, 141])
Image after composite:  torch.Size([128, 160, 141])
Image after composite:  torch.Size([128, 160, 141])
Image after composite:  torch.Size([128, 160, 141])
Image after composite:  torch.Size([128, 160, 141])
Image after composite:  torch.Size([128, 160, 141])
Image after composite:  torch.Size([128, 160, 141])
[12A[1KStep (% Done)       Train Iter (time)    ETA (time)           Train Rays / Sec     Test Rays / Sec       [0m
-------------------------------------------------------------------------------------------------------- [0m
2580 (3.23%)        76.778 ms            1 h, 39 m, 4 s       8.34 M                                     [0m
2590 (3.24%)        77.395 ms            1 h, 39 m, 51 s      8.28 M                                     [0m
2600 (3.25%)        79.514 ms            1 h, 42 m, 34 s      8.11 M               4.31 M                [0m
2610 (3.26%)        78.940 ms            1 h, 41 m, 49 s      8.17 M                                     [0m
2620 (3.28%)        77.788 ms            1 h, 40 m, 19 s      8.23 M                                     [0m
2630 (3.29%)        78.256 ms            1 h, 40 m, 54 s      8.18 M                                     [0m
2640 (3.30%)        78.454 ms            1 h, 41 m, 9 s       8.16 M                                     [0m
2650 (3.31%)        78.849 ms            1 h, 41 m, 38 s      8.12 M                                     [0m
2660 (3.33%)        78.987 ms            1 h, 41 m, 48 s      8.11 M                                     [0m
2670 (3.34%)        78.788 ms            1 h, 41 m, 32 s      8.13 M                                     [0m
Image after composite:  torch.Size([128, 160, 141])
Image after composite:  torch.Size([128, 160, 141])
Image after composite:  torch.Size([128, 160, 141])
Image after composite:  torch.Size([128, 160, 141])
Image after composite:  torch.Size([128, 160, 141])
Image after composite:  torch.Size([128, 160, 141])
Image after composite:  torch.Size([128, 160, 141])
Image after composite:  torch.Size([128, 160, 141])
Image after composite:  torch.Size([128, 160, 141])
Image after composite:  torch.Size([128, 160, 141])
[12A[1KStep (% Done)       Train Iter (time)    ETA (time)           Train Rays / Sec     Test Rays / Sec       [0m
-------------------------------------------------------------------------------------------------------- [0m
2590 (3.24%)        77.395 ms            1 h, 39 m, 51 s      8.28 M                                     [0m
2600 (3.25%)        79.514 ms            1 h, 42 m, 34 s      8.11 M               4.31 M                [0m
2610 (3.26%)        78.940 ms            1 h, 41 m, 49 s      8.17 M                                     [0m
2620 (3.28%)        77.788 ms            1 h, 40 m, 19 s      8.23 M                                     [0m
2630 (3.29%)        78.256 ms            1 h, 40 m, 54 s      8.18 M                                     [0m
2640 (3.30%)        78.454 ms            1 h, 41 m, 9 s       8.16 M                                     [0m
2650 (3.31%)        78.849 ms            1 h, 41 m, 38 s      8.12 M                                     [0m
2660 (3.33%)        78.987 ms            1 h, 41 m, 48 s      8.11 M                                     [0m
2670 (3.34%)        78.788 ms            1 h, 41 m, 32 s      8.13 M                                     [0m
2680 (3.35%)        78.074 ms            1 h, 40 m, 36 s      8.20 M                                     [0m
Image after composite:  torch.Size([128, 160, 141])
Image after composite:  torch.Size([128, 160, 141])
Image after composite:  torch.Size([128, 160, 141])
Image after composite:  torch.Size([128, 160, 141])
Image after composite:  torch.Size([128, 160, 141])
Image after composite:  torch.Size([128, 160, 141])
Image after composite:  torch.Size([128, 160, 141])
Image after composite:  torch.Size([128, 160, 141])
Image after composite:  torch.Size([128, 160, 141])
Image after composite:  torch.Size([128, 160, 141])
[12A[1KStep (% Done)       Train Iter (time)    ETA (time)           Train Rays / Sec     Test Rays / Sec       [0m
-------------------------------------------------------------------------------------------------------- [0m
2600 (3.25%)        79.514 ms            1 h, 42 m, 34 s      8.11 M               4.31 M                [0m
2610 (3.26%)        78.940 ms            1 h, 41 m, 49 s      8.17 M                                     [0m
2620 (3.28%)        77.788 ms            1 h, 40 m, 19 s      8.23 M                                     [0m
2630 (3.29%)        78.256 ms            1 h, 40 m, 54 s      8.18 M                                     [0m
2640 (3.30%)        78.454 ms            1 h, 41 m, 9 s       8.16 M                                     [0m
2650 (3.31%)        78.849 ms            1 h, 41 m, 38 s      8.12 M                                     [0m
2660 (3.33%)        78.987 ms            1 h, 41 m, 48 s      8.11 M                                     [0m
2670 (3.34%)        78.788 ms            1 h, 41 m, 32 s      8.13 M                                     [0m
2680 (3.35%)        78.074 ms            1 h, 40 m, 36 s      8.20 M                                     [0m
2690 (3.36%)        78.293 ms            1 h, 40 m, 52 s      8.18 M                                     [0m
Image after composite:  torch.Size([128, 160, 141])
Image after composite:  torch.Size([128, 160, 141])
Image after composite:  torch.Size([128, 160, 141])
Image after composite:  torch.Size([128, 160, 141])
Image after composite:  torch.Size([128, 160, 141])
Image after composite:  torch.Size([128, 160, 141])
Image after composite:  torch.Size([128, 160, 141])
Image after composite:  torch.Size([128, 160, 141])
Image after composite:  torch.Size([128, 160, 141])
Image after composite:  torch.Size([128, 160, 141])
[2;36m[16:14:43][0m[2;36m [0mSplitting [1;36m0.0020435202443241786[0m gaussians: [1;36m91[0m/[1;36m44531[0m                           ]8;id=755917;file:///coc/flash5/skumar704/hyperspectral_3d/nerfstudio/nerfstudio/models/hyperspectral_splatfacto.py\[2mhyperspectral_splatfacto.py[0m]8;;\[2m:[0m]8;id=655395;file:///coc/flash5/skumar704/hyperspectral_3d/nerfstudio/nerfstudio/models/hyperspectral_splatfacto.py#602\[2m602[0m]8;;\
[2;36m          [0m[2;36m [0mDuplicating [1;36m0.011946733736049044[0m gaussians: [1;36m532[0m/[1;36m44531[0m                         ]8;id=480102;file:///coc/flash5/skumar704/hyperspectral_3d/nerfstudio/nerfstudio/models/hyperspectral_splatfacto.py\[2mhyperspectral_splatfacto.py[0m]8;;\[2m:[0m]8;id=112168;file:///coc/flash5/skumar704/hyperspectral_3d/nerfstudio/nerfstudio/models/hyperspectral_splatfacto.py#640\[2m640[0m]8;;\
[2;36m          [0m[2;36m [0mCulled [1;36m414[0m gaussians [1m([0m[1;36m323[0m below alpha thresh, [1;36m0[0m too bigs, [1;36m44831[0m remaining[1m)[0m    ]8;id=414913;file:///coc/flash5/skumar704/hyperspectral_3d/nerfstudio/nerfstudio/models/hyperspectral_splatfacto.py\[2mhyperspectral_splatfacto.py[0m]8;;\[2m:[0m]8;id=348354;file:///coc/flash5/skumar704/hyperspectral_3d/nerfstudio/nerfstudio/models/hyperspectral_splatfacto.py#590\[2m590[0m]8;;\
[12A[1KStep (% Done)       Train Iter (time)    ETA (time)           Train Rays / Sec     Test Rays / Sec       [0m
-------------------------------------------------------------------------------------------------------- [0m
2610 (3.26%)        78.940 ms            1 h, 41 m, 49 s      8.17 M                                     [0m
2620 (3.28%)        77.788 ms            1 h, 40 m, 19 s      8.23 M                                     [0m
2630 (3.29%)        78.256 ms            1 h, 40 m, 54 s      8.18 M                                     [0m
2640 (3.30%)        78.454 ms            1 h, 41 m, 9 s       8.16 M                                     [0m
2650 (3.31%)        78.849 ms            1 h, 41 m, 38 s      8.12 M                                     [0m
2660 (3.33%)        78.987 ms            1 h, 41 m, 48 s      8.11 M                                     [0m
2670 (3.34%)        78.788 ms            1 h, 41 m, 32 s      8.13 M                                     [0m
2680 (3.35%)        78.074 ms            1 h, 40 m, 36 s      8.20 M                                     [0m
2690 (3.36%)        78.293 ms            1 h, 40 m, 52 s      8.18 M                                     [0m
2700 (3.38%)        80.819 ms            1 h, 44 m, 7 s       7.98 M               4.30 M                [0m
Image after composite:  torch.Size([128, 160, 141])
Image after composite:  torch.Size([128, 160, 141])
Image after composite:  torch.Size([128, 160, 141])
Image after composite:  torch.Size([128, 160, 141])
Image after composite:  torch.Size([128, 160, 141])
Image after composite:  torch.Size([128, 160, 141])
Image after composite:  torch.Size([128, 160, 141])
Image after composite:  torch.Size([128, 160, 141])
Image after composite:  torch.Size([128, 160, 141])
Image after composite:  torch.Size([128, 160, 141])
[12A[1KStep (% Done)       Train Iter (time)    ETA (time)           Train Rays / Sec     Test Rays / Sec       [0m
-------------------------------------------------------------------------------------------------------- [0m
2620 (3.28%)        77.788 ms            1 h, 40 m, 19 s      8.23 M                                     [0m
2630 (3.29%)        78.256 ms            1 h, 40 m, 54 s      8.18 M                                     [0m
2640 (3.30%)        78.454 ms            1 h, 41 m, 9 s       8.16 M                                     [0m
2650 (3.31%)        78.849 ms            1 h, 41 m, 38 s      8.12 M                                     [0m
2660 (3.33%)        78.987 ms            1 h, 41 m, 48 s      8.11 M                                     [0m
2670 (3.34%)        78.788 ms            1 h, 41 m, 32 s      8.13 M                                     [0m
2680 (3.35%)        78.074 ms            1 h, 40 m, 36 s      8.20 M                                     [0m
2690 (3.36%)        78.293 ms            1 h, 40 m, 52 s      8.18 M                                     [0m
2700 (3.38%)        80.819 ms            1 h, 44 m, 7 s       7.98 M               4.30 M                [0m
2710 (3.39%)        80.427 ms            1 h, 43 m, 36 s      8.03 M                                     [0m
Image after composite:  torch.Size([128, 160, 141])
Image after composite:  torch.Size([128, 160, 141])
Image after composite:  torch.Size([128, 160, 141])
Image after composite:  torch.Size([128, 160, 141])
Image after composite:  torch.Size([128, 160, 141])
Image after composite:  torch.Size([128, 160, 141])
Image after composite:  torch.Size([128, 160, 141])
Image after composite:  torch.Size([128, 160, 141])
Image after composite:  torch.Size([128, 160, 141])
Image after composite:  torch.Size([128, 160, 141])
[12A[1KStep (% Done)       Train Iter (time)    ETA (time)           Train Rays / Sec     Test Rays / Sec       [0m
-------------------------------------------------------------------------------------------------------- [0m
2630 (3.29%)        78.256 ms            1 h, 40 m, 54 s      8.18 M                                     [0m
2640 (3.30%)        78.454 ms            1 h, 41 m, 9 s       8.16 M                                     [0m
2650 (3.31%)        78.849 ms            1 h, 41 m, 38 s      8.12 M                                     [0m
2660 (3.33%)        78.987 ms            1 h, 41 m, 48 s      8.11 M                                     [0m
2670 (3.34%)        78.788 ms            1 h, 41 m, 32 s      8.13 M                                     [0m
2680 (3.35%)        78.074 ms            1 h, 40 m, 36 s      8.20 M                                     [0m
2690 (3.36%)        78.293 ms            1 h, 40 m, 52 s      8.18 M                                     [0m
2700 (3.38%)        80.819 ms            1 h, 44 m, 7 s       7.98 M               4.30 M                [0m
2710 (3.39%)        80.427 ms            1 h, 43 m, 36 s      8.03 M                                     [0m
2720 (3.40%)        79.068 ms            1 h, 41 m, 50 s      8.10 M                                     [0m
Image after composite:  torch.Size([128, 160, 141])
Image after composite:  torch.Size([128, 160, 141])
Image after composite:  torch.Size([128, 160, 141])
Image after composite:  torch.Size([128, 160, 141])
Image after composite:  torch.Size([128, 160, 141])
Image after composite:  torch.Size([128, 160, 141])
Image after composite:  torch.Size([128, 160, 141])
Image after composite:  torch.Size([128, 160, 141])
Image after composite:  torch.Size([128, 160, 141])
Image after composite:  torch.Size([128, 160, 141])
[12A[1KStep (% Done)       Train Iter (time)    ETA (time)           Train Rays / Sec     Test Rays / Sec       [0m
-------------------------------------------------------------------------------------------------------- [0m
2640 (3.30%)        78.454 ms            1 h, 41 m, 9 s       8.16 M                                     [0m
2650 (3.31%)        78.849 ms            1 h, 41 m, 38 s      8.12 M                                     [0m
2660 (3.33%)        78.987 ms            1 h, 41 m, 48 s      8.11 M                                     [0m
2670 (3.34%)        78.788 ms            1 h, 41 m, 32 s      8.13 M                                     [0m
2680 (3.35%)        78.074 ms            1 h, 40 m, 36 s      8.20 M                                     [0m
2690 (3.36%)        78.293 ms            1 h, 40 m, 52 s      8.18 M                                     [0m
2700 (3.38%)        80.819 ms            1 h, 44 m, 7 s       7.98 M               4.30 M                [0m
2710 (3.39%)        80.427 ms            1 h, 43 m, 36 s      8.03 M                                     [0m
2720 (3.40%)        79.068 ms            1 h, 41 m, 50 s      8.10 M                                     [0m
2730 (3.41%)        79.022 ms            1 h, 41 m, 45 s      8.11 M                                     [0m
Image after composite:  torch.Size([128, 160, 141])
Image after composite:  torch.Size([128, 160, 141])
Image after composite:  torch.Size([128, 160, 141])
Image after composite:  torch.Size([128, 160, 141])
Image after composite:  torch.Size([128, 160, 141])
Image after composite:  torch.Size([128, 160, 141])
Image after composite:  torch.Size([128, 160, 141])
Image after composite:  torch.Size([128, 160, 141])
Image after composite:  torch.Size([128, 160, 141])
Image after composite:  torch.Size([128, 160, 141])
[12A[1KStep (% Done)       Train Iter (time)    ETA (time)           Train Rays / Sec     Test Rays / Sec       [0m
-------------------------------------------------------------------------------------------------------- [0m
2650 (3.31%)        78.849 ms            1 h, 41 m, 38 s      8.12 M                                     [0m
2660 (3.33%)        78.987 ms            1 h, 41 m, 48 s      8.11 M                                     [0m
2670 (3.34%)        78.788 ms            1 h, 41 m, 32 s      8.13 M                                     [0m
2680 (3.35%)        78.074 ms            1 h, 40 m, 36 s      8.20 M                                     [0m
2690 (3.36%)        78.293 ms            1 h, 40 m, 52 s      8.18 M                                     [0m
2700 (3.38%)        80.819 ms            1 h, 44 m, 7 s       7.98 M               4.30 M                [0m
2710 (3.39%)        80.427 ms            1 h, 43 m, 36 s      8.03 M                                     [0m
2720 (3.40%)        79.068 ms            1 h, 41 m, 50 s      8.10 M                                     [0m
2730 (3.41%)        79.022 ms            1 h, 41 m, 45 s      8.11 M                                     [0m
2740 (3.43%)        77.942 ms            1 h, 40 m, 21 s      8.22 M                                     [0m
Image after composite:  torch.Size([128, 160, 141])
Image after composite:  torch.Size([128, 160, 141])
Image after composite:  torch.Size([128, 160, 141])
Image after composite:  torch.Size([128, 160, 141])
Image after composite:  torch.Size([128, 160, 141])
Image after composite:  torch.Size([128, 160, 141])
Image after composite:  torch.Size([128, 160, 141])
Image after composite:  torch.Size([128, 160, 141])
Image after composite:  torch.Size([128, 160, 141])
Image after composite:  torch.Size([128, 160, 141])
[12A[1KStep (% Done)       Train Iter (time)    ETA (time)           Train Rays / Sec     Test Rays / Sec       [0m
-------------------------------------------------------------------------------------------------------- [0m
2660 (3.33%)        78.987 ms            1 h, 41 m, 48 s      8.11 M                                     [0m
2670 (3.34%)        78.788 ms            1 h, 41 m, 32 s      8.13 M                                     [0m
2680 (3.35%)        78.074 ms            1 h, 40 m, 36 s      8.20 M                                     [0m
2690 (3.36%)        78.293 ms            1 h, 40 m, 52 s      8.18 M                                     [0m
2700 (3.38%)        80.819 ms            1 h, 44 m, 7 s       7.98 M               4.30 M                [0m
2710 (3.39%)        80.427 ms            1 h, 43 m, 36 s      8.03 M                                     [0m
2720 (3.40%)        79.068 ms            1 h, 41 m, 50 s      8.10 M                                     [0m
2730 (3.41%)        79.022 ms            1 h, 41 m, 45 s      8.11 M                                     [0m
2740 (3.43%)        77.942 ms            1 h, 40 m, 21 s      8.22 M                                     [0m
2750 (3.44%)        78.403 ms            1 h, 40 m, 56 s      8.17 M                                     [0m
Image after composite:  torch.Size([128, 160, 141])
Image after composite:  torch.Size([128, 160, 141])
Image after composite:  torch.Size([128, 160, 141])
Image after composite:  torch.Size([128, 160, 141])
Image after composite:  torch.Size([128, 160, 141])
Image after composite:  torch.Size([128, 160, 141])
Image after composite:  torch.Size([128, 160, 141])
Image after composite:  torch.Size([128, 160, 141])
Image after composite:  torch.Size([128, 160, 141])
Image after composite:  torch.Size([128, 160, 141])
[12A[1KStep (% Done)       Train Iter (time)    ETA (time)           Train Rays / Sec     Test Rays / Sec       [0m
-------------------------------------------------------------------------------------------------------- [0m
2670 (3.34%)        78.788 ms            1 h, 41 m, 32 s      8.13 M                                     [0m
2680 (3.35%)        78.074 ms            1 h, 40 m, 36 s      8.20 M                                     [0m
2690 (3.36%)        78.293 ms            1 h, 40 m, 52 s      8.18 M                                     [0m
2700 (3.38%)        80.819 ms            1 h, 44 m, 7 s       7.98 M               4.30 M                [0m
2710 (3.39%)        80.427 ms            1 h, 43 m, 36 s      8.03 M                                     [0m
2720 (3.40%)        79.068 ms            1 h, 41 m, 50 s      8.10 M                                     [0m
2730 (3.41%)        79.022 ms            1 h, 41 m, 45 s      8.11 M                                     [0m
2740 (3.43%)        77.942 ms            1 h, 40 m, 21 s      8.22 M                                     [0m
2750 (3.44%)        78.403 ms            1 h, 40 m, 56 s      8.17 M                                     [0m
2760 (3.45%)        78.717 ms            1 h, 41 m, 20 s      8.14 M                                     [0m
Image after composite:  torch.Size([128, 160, 141])
Image after composite:  torch.Size([128, 160, 141])
Image after composite:  torch.Size([128, 160, 141])
Image after composite:  torch.Size([128, 160, 141])
Image after composite:  torch.Size([128, 160, 141])
Image after composite:  torch.Size([128, 160, 141])
Image after composite:  torch.Size([128, 160, 141])
Image after composite:  torch.Size([128, 160, 141])
Image after composite:  torch.Size([128, 160, 141])
Image after composite:  torch.Size([128, 160, 141])
[12A[1KStep (% Done)       Train Iter (time)    ETA (time)           Train Rays / Sec     Test Rays / Sec       [0m
-------------------------------------------------------------------------------------------------------- [0m
2680 (3.35%)        78.074 ms            1 h, 40 m, 36 s      8.20 M                                     [0m
2690 (3.36%)        78.293 ms            1 h, 40 m, 52 s      8.18 M                                     [0m
2700 (3.38%)        80.819 ms            1 h, 44 m, 7 s       7.98 M               4.30 M                [0m
2710 (3.39%)        80.427 ms            1 h, 43 m, 36 s      8.03 M                                     [0m
2720 (3.40%)        79.068 ms            1 h, 41 m, 50 s      8.10 M                                     [0m
2730 (3.41%)        79.022 ms            1 h, 41 m, 45 s      8.11 M                                     [0m
2740 (3.43%)        77.942 ms            1 h, 40 m, 21 s      8.22 M                                     [0m
2750 (3.44%)        78.403 ms            1 h, 40 m, 56 s      8.17 M                                     [0m
2760 (3.45%)        78.717 ms            1 h, 41 m, 20 s      8.14 M                                     [0m
2770 (3.46%)        78.027 ms            1 h, 40 m, 26 s      8.21 M                                     [0m
Image after composite:  torch.Size([128, 160, 141])
Image after composite:  torch.Size([128, 160, 141])
Image after composite:  torch.Size([128, 160, 141])
Image after composite:  torch.Size([128, 160, 141])
Image after composite:  torch.Size([128, 160, 141])
Image after composite:  torch.Size([128, 160, 141])
Image after composite:  torch.Size([128, 160, 141])
Image after composite:  torch.Size([128, 160, 141])
Image after composite:  torch.Size([128, 160, 141])
Image after composite:  torch.Size([128, 160, 141])
[12A[1KStep (% Done)       Train Iter (time)    ETA (time)           Train Rays / Sec     Test Rays / Sec       [0m
-------------------------------------------------------------------------------------------------------- [0m
2690 (3.36%)        78.293 ms            1 h, 40 m, 52 s      8.18 M                                     [0m
2700 (3.38%)        80.819 ms            1 h, 44 m, 7 s       7.98 M               4.30 M                [0m
2710 (3.39%)        80.427 ms            1 h, 43 m, 36 s      8.03 M                                     [0m
2720 (3.40%)        79.068 ms            1 h, 41 m, 50 s      8.10 M                                     [0m
2730 (3.41%)        79.022 ms            1 h, 41 m, 45 s      8.11 M                                     [0m
2740 (3.43%)        77.942 ms            1 h, 40 m, 21 s      8.22 M                                     [0m
2750 (3.44%)        78.403 ms            1 h, 40 m, 56 s      8.17 M                                     [0m
2760 (3.45%)        78.717 ms            1 h, 41 m, 20 s      8.14 M                                     [0m
2770 (3.46%)        78.027 ms            1 h, 40 m, 26 s      8.21 M                                     [0m
2780 (3.48%)        78.072 ms            1 h, 40 m, 28 s      8.20 M                                     [0m
Image after composite:  torch.Size([128, 160, 141])
Image after composite:  torch.Size([128, 160, 141])
Image after composite:  torch.Size([128, 160, 141])
Image after composite:  torch.Size([128, 160, 141])
Image after composite:  torch.Size([128, 160, 141])
Image after composite:  torch.Size([128, 160, 141])
Image after composite:  torch.Size([128, 160, 141])
Image after composite:  torch.Size([128, 160, 141])
Image after composite:  torch.Size([128, 160, 141])
Image after composite:  torch.Size([128, 160, 141])
[12A[1KStep (% Done)       Train Iter (time)    ETA (time)           Train Rays / Sec     Test Rays / Sec       [0m
-------------------------------------------------------------------------------------------------------- [0m
2700 (3.38%)        80.819 ms            1 h, 44 m, 7 s       7.98 M               4.30 M                [0m
2710 (3.39%)        80.427 ms            1 h, 43 m, 36 s      8.03 M                                     [0m
2720 (3.40%)        79.068 ms            1 h, 41 m, 50 s      8.10 M                                     [0m
2730 (3.41%)        79.022 ms            1 h, 41 m, 45 s      8.11 M                                     [0m
2740 (3.43%)        77.942 ms            1 h, 40 m, 21 s      8.22 M                                     [0m
2750 (3.44%)        78.403 ms            1 h, 40 m, 56 s      8.17 M                                     [0m
2760 (3.45%)        78.717 ms            1 h, 41 m, 20 s      8.14 M                                     [0m
2770 (3.46%)        78.027 ms            1 h, 40 m, 26 s      8.21 M                                     [0m
2780 (3.48%)        78.072 ms            1 h, 40 m, 28 s      8.20 M                                     [0m
2790 (3.49%)        78.222 ms            1 h, 40 m, 39 s      8.19 M                                     [0m
Image after composite:  torch.Size([128, 160, 141])
Image after composite:  torch.Size([128, 160, 141])
Image after composite:  torch.Size([128, 160, 141])
Image after composite:  torch.Size([128, 160, 141])
Image after composite:  torch.Size([128, 160, 141])
Image after composite:  torch.Size([128, 160, 141])
Image after composite:  torch.Size([128, 160, 141])
Image after composite:  torch.Size([128, 160, 141])
Image after composite:  torch.Size([128, 160, 141])
Image after composite:  torch.Size([128, 160, 141])
[2;36m[16:14:51][0m[2;36m [0mSplitting [1;36m0.003836630902723562[0m gaussians: [1;36m172[0m/[1;36m44831[0m                           ]8;id=871699;file:///coc/flash5/skumar704/hyperspectral_3d/nerfstudio/nerfstudio/models/hyperspectral_splatfacto.py\[2mhyperspectral_splatfacto.py[0m]8;;\[2m:[0m]8;id=986370;file:///coc/flash5/skumar704/hyperspectral_3d/nerfstudio/nerfstudio/models/hyperspectral_splatfacto.py#602\[2m602[0m]8;;\
[2;36m          [0m[2;36m [0mDuplicating [1;36m0.017376369030358458[0m gaussians: [1;36m779[0m/[1;36m44831[0m                         ]8;id=359731;file:///coc/flash5/skumar704/hyperspectral_3d/nerfstudio/nerfstudio/models/hyperspectral_splatfacto.py\[2mhyperspectral_splatfacto.py[0m]8;;\[2m:[0m]8;id=477450;file:///coc/flash5/skumar704/hyperspectral_3d/nerfstudio/nerfstudio/models/hyperspectral_splatfacto.py#640\[2m640[0m]8;;\
[2;36m          [0m[2;36m [0mCulled [1;36m575[0m gaussians [1m([0m[1;36m403[0m below alpha thresh, [1;36m0[0m too bigs, [1;36m45379[0m remaining[1m)[0m    ]8;id=365219;file:///coc/flash5/skumar704/hyperspectral_3d/nerfstudio/nerfstudio/models/hyperspectral_splatfacto.py\[2mhyperspectral_splatfacto.py[0m]8;;\[2m:[0m]8;id=499292;file:///coc/flash5/skumar704/hyperspectral_3d/nerfstudio/nerfstudio/models/hyperspectral_splatfacto.py#590\[2m590[0m]8;;\
[12A[1KStep (% Done)       Train Iter (time)    ETA (time)           Train Rays / Sec     Test Rays / Sec       [0m
-------------------------------------------------------------------------------------------------------- [0m
2710 (3.39%)        80.427 ms            1 h, 43 m, 36 s      8.03 M                                     [0m
2720 (3.40%)        79.068 ms            1 h, 41 m, 50 s      8.10 M                                     [0m
2730 (3.41%)        79.022 ms            1 h, 41 m, 45 s      8.11 M                                     [0m
2740 (3.43%)        77.942 ms            1 h, 40 m, 21 s      8.22 M                                     [0m
2750 (3.44%)        78.403 ms            1 h, 40 m, 56 s      8.17 M                                     [0m
2760 (3.45%)        78.717 ms            1 h, 41 m, 20 s      8.14 M                                     [0m
2770 (3.46%)        78.027 ms            1 h, 40 m, 26 s      8.21 M                                     [0m
2780 (3.48%)        78.072 ms            1 h, 40 m, 28 s      8.20 M                                     [0m
2790 (3.49%)        78.222 ms            1 h, 40 m, 39 s      8.19 M                                     [0m
2800 (3.50%)        80.355 ms            1 h, 43 m, 23 s      8.03 M               4.27 M                [0m
Image after composite:  torch.Size([128, 160, 141])
Image after composite:  torch.Size([128, 160, 141])
Image after composite:  torch.Size([128, 160, 141])
Image after composite:  torch.Size([128, 160, 141])
Image after composite:  torch.Size([128, 160, 141])
Image after composite:  torch.Size([128, 160, 141])
Image after composite:  torch.Size([128, 160, 141])
Image after composite:  torch.Size([128, 160, 141])
Image after composite:  torch.Size([128, 160, 141])
Image after composite:  torch.Size([128, 160, 141])
[12A[1KStep (% Done)       Train Iter (time)    ETA (time)           Train Rays / Sec     Test Rays / Sec       [0m
-------------------------------------------------------------------------------------------------------- [0m
2720 (3.40%)        79.068 ms            1 h, 41 m, 50 s      8.10 M                                     [0m
2730 (3.41%)        79.022 ms            1 h, 41 m, 45 s      8.11 M                                     [0m
2740 (3.43%)        77.942 ms            1 h, 40 m, 21 s      8.22 M                                     [0m
2750 (3.44%)        78.403 ms            1 h, 40 m, 56 s      8.17 M                                     [0m
2760 (3.45%)        78.717 ms            1 h, 41 m, 20 s      8.14 M                                     [0m
2770 (3.46%)        78.027 ms            1 h, 40 m, 26 s      8.21 M                                     [0m
2780 (3.48%)        78.072 ms            1 h, 40 m, 28 s      8.20 M                                     [0m
2790 (3.49%)        78.222 ms            1 h, 40 m, 39 s      8.19 M                                     [0m
2800 (3.50%)        80.355 ms            1 h, 43 m, 23 s      8.03 M               4.27 M                [0m
2810 (3.51%)        80.653 ms            1 h, 43 m, 45 s      8.00 M                                     [0m
Image after composite:  torch.Size([128, 160, 141])
Image after composite:  torch.Size([128, 160, 141])
Image after composite:  torch.Size([128, 160, 141])
Image after composite:  torch.Size([128, 160, 141])
Image after composite:  torch.Size([128, 160, 141])
Image after composite:  torch.Size([128, 160, 141])
Image after composite:  torch.Size([128, 160, 141])
Image after composite:  torch.Size([128, 160, 141])
Image after composite:  torch.Size([128, 160, 141])
Image after composite:  torch.Size([128, 160, 141])
[12A[1KStep (% Done)       Train Iter (time)    ETA (time)           Train Rays / Sec     Test Rays / Sec       [0m
-------------------------------------------------------------------------------------------------------- [0m
2730 (3.41%)        79.022 ms            1 h, 41 m, 45 s      8.11 M                                     [0m
2740 (3.43%)        77.942 ms            1 h, 40 m, 21 s      8.22 M                                     [0m
2750 (3.44%)        78.403 ms            1 h, 40 m, 56 s      8.17 M                                     [0m
2760 (3.45%)        78.717 ms            1 h, 41 m, 20 s      8.14 M                                     [0m
2770 (3.46%)        78.027 ms            1 h, 40 m, 26 s      8.21 M                                     [0m
2780 (3.48%)        78.072 ms            1 h, 40 m, 28 s      8.20 M                                     [0m
2790 (3.49%)        78.222 ms            1 h, 40 m, 39 s      8.19 M                                     [0m
2800 (3.50%)        80.355 ms            1 h, 43 m, 23 s      8.03 M               4.27 M                [0m
2810 (3.51%)        80.653 ms            1 h, 43 m, 45 s      8.00 M                                     [0m
2820 (3.52%)        78.716 ms            1 h, 41 m, 15 s      8.14 M                                     [0m
Image after composite:  torch.Size([128, 160, 141])
Image after composite:  torch.Size([128, 160, 141])
Image after composite:  torch.Size([128, 160, 141])
Image after composite:  torch.Size([128, 160, 141])
Image after composite:  torch.Size([128, 160, 141])
Image after composite:  torch.Size([128, 160, 141])
Image after composite:  torch.Size([128, 160, 141])
Image after composite:  torch.Size([128, 160, 141])
Image after composite:  torch.Size([128, 160, 141])
Image after composite:  torch.Size([128, 160, 141])
[12A[1KStep (% Done)       Train Iter (time)    ETA (time)           Train Rays / Sec     Test Rays / Sec       [0m
-------------------------------------------------------------------------------------------------------- [0m
2740 (3.43%)        77.942 ms            1 h, 40 m, 21 s      8.22 M                                     [0m
2750 (3.44%)        78.403 ms            1 h, 40 m, 56 s      8.17 M                                     [0m
2760 (3.45%)        78.717 ms            1 h, 41 m, 20 s      8.14 M                                     [0m
2770 (3.46%)        78.027 ms            1 h, 40 m, 26 s      8.21 M                                     [0m
2780 (3.48%)        78.072 ms            1 h, 40 m, 28 s      8.20 M                                     [0m
2790 (3.49%)        78.222 ms            1 h, 40 m, 39 s      8.19 M                                     [0m
2800 (3.50%)        80.355 ms            1 h, 43 m, 23 s      8.03 M               4.27 M                [0m
2810 (3.51%)        80.653 ms            1 h, 43 m, 45 s      8.00 M                                     [0m
2820 (3.52%)        78.716 ms            1 h, 41 m, 15 s      8.14 M                                     [0m
2830 (3.54%)        78.761 ms            1 h, 41 m, 18 s      8.13 M                                     [0m
Image after composite:  torch.Size([128, 160, 141])
Image after composite:  torch.Size([128, 160, 141])
Image after composite:  torch.Size([128, 160, 141])
Image after composite:  torch.Size([128, 160, 141])
Image after composite:  torch.Size([128, 160, 141])
Image after composite:  torch.Size([128, 160, 141])
Image after composite:  torch.Size([128, 160, 141])
Image after composite:  torch.Size([128, 160, 141])
Image after composite:  torch.Size([128, 160, 141])
Image after composite:  torch.Size([128, 160, 141])
[12A[1KStep (% Done)       Train Iter (time)    ETA (time)           Train Rays / Sec     Test Rays / Sec       [0m
-------------------------------------------------------------------------------------------------------- [0m
2750 (3.44%)        78.403 ms            1 h, 40 m, 56 s      8.17 M                                     [0m
2760 (3.45%)        78.717 ms            1 h, 41 m, 20 s      8.14 M                                     [0m
2770 (3.46%)        78.027 ms            1 h, 40 m, 26 s      8.21 M                                     [0m
2780 (3.48%)        78.072 ms            1 h, 40 m, 28 s      8.20 M                                     [0m
2790 (3.49%)        78.222 ms            1 h, 40 m, 39 s      8.19 M                                     [0m
2800 (3.50%)        80.355 ms            1 h, 43 m, 23 s      8.03 M               4.27 M                [0m
2810 (3.51%)        80.653 ms            1 h, 43 m, 45 s      8.00 M                                     [0m
2820 (3.52%)        78.716 ms            1 h, 41 m, 15 s      8.14 M                                     [0m
2830 (3.54%)        78.761 ms            1 h, 41 m, 18 s      8.13 M                                     [0m
2840 (3.55%)        78.254 ms            1 h, 40 m, 38 s      8.18 M                                     [0m
Image after composite:  torch.Size([128, 160, 141])
Image after composite:  torch.Size([128, 160, 141])
Image after composite:  torch.Size([128, 160, 141])
Image after composite:  torch.Size([128, 160, 141])
Image after composite:  torch.Size([128, 160, 141])
Image after composite:  torch.Size([128, 160, 141])
Image after composite:  torch.Size([128, 160, 141])
Image after composite:  torch.Size([128, 160, 141])
Image after composite:  torch.Size([128, 160, 141])
Image after composite:  torch.Size([128, 160, 141])
[12A[1KStep (% Done)       Train Iter (time)    ETA (time)           Train Rays / Sec     Test Rays / Sec       [0m
-------------------------------------------------------------------------------------------------------- [0m
2760 (3.45%)        78.717 ms            1 h, 41 m, 20 s      8.14 M                                     [0m
2770 (3.46%)        78.027 ms            1 h, 40 m, 26 s      8.21 M                                     [0m
2780 (3.48%)        78.072 ms            1 h, 40 m, 28 s      8.20 M                                     [0m
2790 (3.49%)        78.222 ms            1 h, 40 m, 39 s      8.19 M                                     [0m
2800 (3.50%)        80.355 ms            1 h, 43 m, 23 s      8.03 M               4.27 M                [0m
2810 (3.51%)        80.653 ms            1 h, 43 m, 45 s      8.00 M                                     [0m
2820 (3.52%)        78.716 ms            1 h, 41 m, 15 s      8.14 M                                     [0m
2830 (3.54%)        78.761 ms            1 h, 41 m, 18 s      8.13 M                                     [0m
2840 (3.55%)        78.254 ms            1 h, 40 m, 38 s      8.18 M                                     [0m
2850 (3.56%)        78.665 ms            1 h, 41 m, 8 s       8.14 M                                     [0m
Image after composite:  torch.Size([128, 160, 141])
Image after composite:  torch.Size([128, 160, 141])
Image after composite:  torch.Size([128, 160, 141])
Image after composite:  torch.Size([128, 160, 141])
Image after composite:  torch.Size([128, 160, 141])
Image after composite:  torch.Size([128, 160, 141])
Image after composite:  torch.Size([128, 160, 141])
Image after composite:  torch.Size([128, 160, 141])
Image after composite:  torch.Size([128, 160, 141])
Image after composite:  torch.Size([128, 160, 141])
[12A[1KStep (% Done)       Train Iter (time)    ETA (time)           Train Rays / Sec     Test Rays / Sec       [0m
-------------------------------------------------------------------------------------------------------- [0m
2770 (3.46%)        78.027 ms            1 h, 40 m, 26 s      8.21 M                                     [0m
2780 (3.48%)        78.072 ms            1 h, 40 m, 28 s      8.20 M                                     [0m
2790 (3.49%)        78.222 ms            1 h, 40 m, 39 s      8.19 M                                     [0m
2800 (3.50%)        80.355 ms            1 h, 43 m, 23 s      8.03 M               4.27 M                [0m
2810 (3.51%)        80.653 ms            1 h, 43 m, 45 s      8.00 M                                     [0m
2820 (3.52%)        78.716 ms            1 h, 41 m, 15 s      8.14 M                                     [0m
2830 (3.54%)        78.761 ms            1 h, 41 m, 18 s      8.13 M                                     [0m
2840 (3.55%)        78.254 ms            1 h, 40 m, 38 s      8.18 M                                     [0m
2850 (3.56%)        78.665 ms            1 h, 41 m, 8 s       8.14 M                                     [0m
2860 (3.57%)        78.759 ms            1 h, 41 m, 15 s      8.13 M                                     [0m
Image after composite:  torch.Size([128, 160, 141])
Image after composite:  torch.Size([128, 160, 141])
Image after composite:  torch.Size([128, 160, 141])
Image after composite:  torch.Size([128, 160, 141])
Image after composite:  torch.Size([128, 160, 141])
Image after composite:  torch.Size([128, 160, 141])
Image after composite:  torch.Size([128, 160, 141])
Image after composite:  torch.Size([128, 160, 141])
Image after composite:  torch.Size([128, 160, 141])
Image after composite:  torch.Size([128, 160, 141])
[12A[1KStep (% Done)       Train Iter (time)    ETA (time)           Train Rays / Sec     Test Rays / Sec       [0m
-------------------------------------------------------------------------------------------------------- [0m
2780 (3.48%)        78.072 ms            1 h, 40 m, 28 s      8.20 M                                     [0m
2790 (3.49%)        78.222 ms            1 h, 40 m, 39 s      8.19 M                                     [0m
2800 (3.50%)        80.355 ms            1 h, 43 m, 23 s      8.03 M               4.27 M                [0m
2810 (3.51%)        80.653 ms            1 h, 43 m, 45 s      8.00 M                                     [0m
2820 (3.52%)        78.716 ms            1 h, 41 m, 15 s      8.14 M                                     [0m
2830 (3.54%)        78.761 ms            1 h, 41 m, 18 s      8.13 M                                     [0m
2840 (3.55%)        78.254 ms            1 h, 40 m, 38 s      8.18 M                                     [0m
2850 (3.56%)        78.665 ms            1 h, 41 m, 8 s       8.14 M                                     [0m
2860 (3.57%)        78.759 ms            1 h, 41 m, 15 s      8.13 M                                     [0m
2870 (3.59%)        78.406 ms            1 h, 40 m, 47 s      8.17 M                                     [0m
Image after composite:  torch.Size([128, 160, 141])
Image after composite:  torch.Size([128, 160, 141])
Image after composite:  torch.Size([128, 160, 141])
Image after composite:  torch.Size([128, 160, 141])
Image after composite:  torch.Size([128, 160, 141])
Image after composite:  torch.Size([128, 160, 141])
Image after composite:  torch.Size([128, 160, 141])
Image after composite:  torch.Size([128, 160, 141])
Image after composite:  torch.Size([128, 160, 141])
Image after composite:  torch.Size([128, 160, 141])
[12A[1KStep (% Done)       Train Iter (time)    ETA (time)           Train Rays / Sec     Test Rays / Sec       [0m
-------------------------------------------------------------------------------------------------------- [0m
2790 (3.49%)        78.222 ms            1 h, 40 m, 39 s      8.19 M                                     [0m
2800 (3.50%)        80.355 ms            1 h, 43 m, 23 s      8.03 M               4.27 M                [0m
2810 (3.51%)        80.653 ms            1 h, 43 m, 45 s      8.00 M                                     [0m
2820 (3.52%)        78.716 ms            1 h, 41 m, 15 s      8.14 M                                     [0m
2830 (3.54%)        78.761 ms            1 h, 41 m, 18 s      8.13 M                                     [0m
2840 (3.55%)        78.254 ms            1 h, 40 m, 38 s      8.18 M                                     [0m
2850 (3.56%)        78.665 ms            1 h, 41 m, 8 s       8.14 M                                     [0m
2860 (3.57%)        78.759 ms            1 h, 41 m, 15 s      8.13 M                                     [0m
2870 (3.59%)        78.406 ms            1 h, 40 m, 47 s      8.17 M                                     [0m
2880 (3.60%)        78.856 ms            1 h, 41 m, 21 s      8.12 M                                     [0m
Image after composite:  torch.Size([128, 160, 141])
Image after composite:  torch.Size([128, 160, 141])
Image after composite:  torch.Size([128, 160, 141])
Image after composite:  torch.Size([128, 160, 141])
Image after composite:  torch.Size([128, 160, 141])
Image after composite:  torch.Size([128, 160, 141])
Image after composite:  torch.Size([128, 160, 141])
Image after composite:  torch.Size([128, 160, 141])
Image after composite:  torch.Size([128, 160, 141])
Image after composite:  torch.Size([128, 160, 141])
[12A[1KStep (% Done)       Train Iter (time)    ETA (time)           Train Rays / Sec     Test Rays / Sec       [0m
-------------------------------------------------------------------------------------------------------- [0m
2800 (3.50%)        80.355 ms            1 h, 43 m, 23 s      8.03 M               4.27 M                [0m
2810 (3.51%)        80.653 ms            1 h, 43 m, 45 s      8.00 M                                     [0m
2820 (3.52%)        78.716 ms            1 h, 41 m, 15 s      8.14 M                                     [0m
2830 (3.54%)        78.761 ms            1 h, 41 m, 18 s      8.13 M                                     [0m
2840 (3.55%)        78.254 ms            1 h, 40 m, 38 s      8.18 M                                     [0m
2850 (3.56%)        78.665 ms            1 h, 41 m, 8 s       8.14 M                                     [0m
2860 (3.57%)        78.759 ms            1 h, 41 m, 15 s      8.13 M                                     [0m
2870 (3.59%)        78.406 ms            1 h, 40 m, 47 s      8.17 M                                     [0m
2880 (3.60%)        78.856 ms            1 h, 41 m, 21 s      8.12 M                                     [0m
2890 (3.61%)        79.084 ms            1 h, 41 m, 38 s      8.10 M                                     [0m
Image after composite:  torch.Size([128, 160, 141])
Image after composite:  torch.Size([128, 160, 141])
Image after composite:  torch.Size([128, 160, 141])
Image after composite:  torch.Size([128, 160, 141])
Image after composite:  torch.Size([128, 160, 141])
Image after composite:  torch.Size([128, 160, 141])
Image after composite:  torch.Size([128, 160, 141])
Image after composite:  torch.Size([128, 160, 141])
Image after composite:  torch.Size([128, 160, 141])
Image after composite:  torch.Size([128, 160, 141])
[2;36m[16:14:59][0m[2;36m [0mSplitting [1;36m0.002578285109852575[0m gaussians: [1;36m117[0m/[1;36m45379[0m                           ]8;id=882885;file:///coc/flash5/skumar704/hyperspectral_3d/nerfstudio/nerfstudio/models/hyperspectral_splatfacto.py\[2mhyperspectral_splatfacto.py[0m]8;;\[2m:[0m]8;id=472908;file:///coc/flash5/skumar704/hyperspectral_3d/nerfstudio/nerfstudio/models/hyperspectral_splatfacto.py#602\[2m602[0m]8;;\
[2;36m          [0m[2;36m [0mDuplicating [1;36m0.013971220167919081[0m gaussians: [1;36m634[0m/[1;36m45379[0m                         ]8;id=998078;file:///coc/flash5/skumar704/hyperspectral_3d/nerfstudio/nerfstudio/models/hyperspectral_splatfacto.py\[2mhyperspectral_splatfacto.py[0m]8;;\[2m:[0m]8;id=10048;file:///coc/flash5/skumar704/hyperspectral_3d/nerfstudio/nerfstudio/models/hyperspectral_splatfacto.py#640\[2m640[0m]8;;\
[2;36m          [0m[2;36m [0mCulled [1;36m508[0m gaussians [1m([0m[1;36m391[0m below alpha thresh, [1;36m0[0m too bigs, [1;36m45739[0m remaining[1m)[0m    ]8;id=402594;file:///coc/flash5/skumar704/hyperspectral_3d/nerfstudio/nerfstudio/models/hyperspectral_splatfacto.py\[2mhyperspectral_splatfacto.py[0m]8;;\[2m:[0m]8;id=588861;file:///coc/flash5/skumar704/hyperspectral_3d/nerfstudio/nerfstudio/models/hyperspectral_splatfacto.py#590\[2m590[0m]8;;\
[12A[1KStep (% Done)       Train Iter (time)    ETA (time)           Train Rays / Sec     Test Rays / Sec       [0m
-------------------------------------------------------------------------------------------------------- [0m
2810 (3.51%)        80.653 ms            1 h, 43 m, 45 s      8.00 M                                     [0m
2820 (3.52%)        78.716 ms            1 h, 41 m, 15 s      8.14 M                                     [0m
2830 (3.54%)        78.761 ms            1 h, 41 m, 18 s      8.13 M                                     [0m
2840 (3.55%)        78.254 ms            1 h, 40 m, 38 s      8.18 M                                     [0m
2850 (3.56%)        78.665 ms            1 h, 41 m, 8 s       8.14 M                                     [0m
2860 (3.57%)        78.759 ms            1 h, 41 m, 15 s      8.13 M                                     [0m
2870 (3.59%)        78.406 ms            1 h, 40 m, 47 s      8.17 M                                     [0m
2880 (3.60%)        78.856 ms            1 h, 41 m, 21 s      8.12 M                                     [0m
2890 (3.61%)        79.084 ms            1 h, 41 m, 38 s      8.10 M                                     [0m
2900 (3.62%)        80.691 ms            1 h, 43 m, 41 s      8.00 M               4.26 M                [0m
Image after composite:  torch.Size([128, 160, 141])
Image after composite:  torch.Size([128, 160, 141])
Image after composite:  torch.Size([128, 160, 141])
Image after composite:  torch.Size([128, 160, 141])
Image after composite:  torch.Size([128, 160, 141])
Image after composite:  torch.Size([128, 160, 141])
Image after composite:  torch.Size([128, 160, 141])
Image after composite:  torch.Size([128, 160, 141])
Image after composite:  torch.Size([128, 160, 141])
Image after composite:  torch.Size([128, 160, 141])
[12A[1KStep (% Done)       Train Iter (time)    ETA (time)           Train Rays / Sec     Test Rays / Sec       [0m
-------------------------------------------------------------------------------------------------------- [0m
2820 (3.52%)        78.716 ms            1 h, 41 m, 15 s      8.14 M                                     [0m
2830 (3.54%)        78.761 ms            1 h, 41 m, 18 s      8.13 M                                     [0m
2840 (3.55%)        78.254 ms            1 h, 40 m, 38 s      8.18 M                                     [0m
2850 (3.56%)        78.665 ms            1 h, 41 m, 8 s       8.14 M                                     [0m
2860 (3.57%)        78.759 ms            1 h, 41 m, 15 s      8.13 M                                     [0m
2870 (3.59%)        78.406 ms            1 h, 40 m, 47 s      8.17 M                                     [0m
2880 (3.60%)        78.856 ms            1 h, 41 m, 21 s      8.12 M                                     [0m
2890 (3.61%)        79.084 ms            1 h, 41 m, 38 s      8.10 M                                     [0m
2900 (3.62%)        80.691 ms            1 h, 43 m, 41 s      8.00 M               4.26 M                [0m
2910 (3.64%)        80.817 ms            1 h, 43 m, 50 s      7.99 M                                     [0m
Image after composite:  torch.Size([128, 160, 141])
Image after composite:  torch.Size([128, 160, 141])
Image after composite:  torch.Size([128, 160, 141])
Image after composite:  torch.Size([128, 160, 141])
Image after composite:  torch.Size([128, 160, 141])
Image after composite:  torch.Size([128, 160, 141])
Image after composite:  torch.Size([128, 160, 141])
Image after composite:  torch.Size([128, 160, 141])
Image after composite:  torch.Size([128, 160, 141])
Image after composite:  torch.Size([128, 160, 141])
[12A[1KStep (% Done)       Train Iter (time)    ETA (time)           Train Rays / Sec     Test Rays / Sec       [0m
-------------------------------------------------------------------------------------------------------- [0m
2830 (3.54%)        78.761 ms            1 h, 41 m, 18 s      8.13 M                                     [0m
2840 (3.55%)        78.254 ms            1 h, 40 m, 38 s      8.18 M                                     [0m
2850 (3.56%)        78.665 ms            1 h, 41 m, 8 s       8.14 M                                     [0m
2860 (3.57%)        78.759 ms            1 h, 41 m, 15 s      8.13 M                                     [0m
2870 (3.59%)        78.406 ms            1 h, 40 m, 47 s      8.17 M                                     [0m
2880 (3.60%)        78.856 ms            1 h, 41 m, 21 s      8.12 M                                     [0m
2890 (3.61%)        79.084 ms            1 h, 41 m, 38 s      8.10 M                                     [0m
2900 (3.62%)        80.691 ms            1 h, 43 m, 41 s      8.00 M               4.26 M                [0m
2910 (3.64%)        80.817 ms            1 h, 43 m, 50 s      7.99 M                                     [0m
2920 (3.65%)        79.429 ms            1 h, 42 m, 2 s       8.07 M                                     [0m
Image after composite:  torch.Size([128, 160, 141])
Image after composite:  torch.Size([128, 160, 141])
Image after composite:  torch.Size([128, 160, 141])
Image after composite:  torch.Size([128, 160, 141])
Image after composite:  torch.Size([128, 160, 141])
Image after composite:  torch.Size([128, 160, 141])
Image after composite:  torch.Size([128, 160, 141])
Image after composite:  torch.Size([128, 160, 141])
Image after composite:  torch.Size([128, 160, 141])
Image after composite:  torch.Size([128, 160, 141])
[12A[1KStep (% Done)       Train Iter (time)    ETA (time)           Train Rays / Sec     Test Rays / Sec       [0m
-------------------------------------------------------------------------------------------------------- [0m
2840 (3.55%)        78.254 ms            1 h, 40 m, 38 s      8.18 M                                     [0m
2850 (3.56%)        78.665 ms            1 h, 41 m, 8 s       8.14 M                                     [0m
2860 (3.57%)        78.759 ms            1 h, 41 m, 15 s      8.13 M                                     [0m
2870 (3.59%)        78.406 ms            1 h, 40 m, 47 s      8.17 M                                     [0m
2880 (3.60%)        78.856 ms            1 h, 41 m, 21 s      8.12 M                                     [0m
2890 (3.61%)        79.084 ms            1 h, 41 m, 38 s      8.10 M                                     [0m
2900 (3.62%)        80.691 ms            1 h, 43 m, 41 s      8.00 M               4.26 M                [0m
2910 (3.64%)        80.817 ms            1 h, 43 m, 50 s      7.99 M                                     [0m
2920 (3.65%)        79.429 ms            1 h, 42 m, 2 s       8.07 M                                     [0m
2930 (3.66%)        78.635 ms            1 h, 41 m, 0 s       8.15 M                                     [0m
Image after composite:  torch.Size([128, 160, 141])
Image after composite:  torch.Size([128, 160, 141])
Image after composite:  torch.Size([128, 160, 141])
Image after composite:  torch.Size([128, 160, 141])
Image after composite:  torch.Size([128, 160, 141])
Image after composite:  torch.Size([128, 160, 141])
Image after composite:  torch.Size([128, 160, 141])
Image after composite:  torch.Size([128, 160, 141])
Image after composite:  torch.Size([128, 160, 141])
Image after composite:  torch.Size([128, 160, 141])
[12A[1KStep (% Done)       Train Iter (time)    ETA (time)           Train Rays / Sec     Test Rays / Sec       [0m
-------------------------------------------------------------------------------------------------------- [0m
2850 (3.56%)        78.665 ms            1 h, 41 m, 8 s       8.14 M                                     [0m
2860 (3.57%)        78.759 ms            1 h, 41 m, 15 s      8.13 M                                     [0m
2870 (3.59%)        78.406 ms            1 h, 40 m, 47 s      8.17 M                                     [0m
2880 (3.60%)        78.856 ms            1 h, 41 m, 21 s      8.12 M                                     [0m
2890 (3.61%)        79.084 ms            1 h, 41 m, 38 s      8.10 M                                     [0m
2900 (3.62%)        80.691 ms            1 h, 43 m, 41 s      8.00 M               4.26 M                [0m
2910 (3.64%)        80.817 ms            1 h, 43 m, 50 s      7.99 M                                     [0m
2920 (3.65%)        79.429 ms            1 h, 42 m, 2 s       8.07 M                                     [0m
2930 (3.66%)        78.635 ms            1 h, 41 m, 0 s       8.15 M                                     [0m
2940 (3.67%)        78.506 ms            1 h, 40 m, 49 s      8.16 M                                     [0m
Image after composite:  torch.Size([128, 160, 141])
Image after composite:  torch.Size([128, 160, 141])
Image after composite:  torch.Size([128, 160, 141])
Image after composite:  torch.Size([128, 160, 141])
Image after composite:  torch.Size([128, 160, 141])
Image after composite:  torch.Size([128, 160, 141])
Image after composite:  torch.Size([128, 160, 141])
Image after composite:  torch.Size([128, 160, 141])
Image after composite:  torch.Size([128, 160, 141])
Image after composite:  torch.Size([128, 160, 141])
[12A[1KStep (% Done)       Train Iter (time)    ETA (time)           Train Rays / Sec     Test Rays / Sec       [0m
-------------------------------------------------------------------------------------------------------- [0m
2860 (3.57%)        78.759 ms            1 h, 41 m, 15 s      8.13 M                                     [0m
2870 (3.59%)        78.406 ms            1 h, 40 m, 47 s      8.17 M                                     [0m
2880 (3.60%)        78.856 ms            1 h, 41 m, 21 s      8.12 M                                     [0m
2890 (3.61%)        79.084 ms            1 h, 41 m, 38 s      8.10 M                                     [0m
2900 (3.62%)        80.691 ms            1 h, 43 m, 41 s      8.00 M               4.26 M                [0m
2910 (3.64%)        80.817 ms            1 h, 43 m, 50 s      7.99 M                                     [0m
2920 (3.65%)        79.429 ms            1 h, 42 m, 2 s       8.07 M                                     [0m
2930 (3.66%)        78.635 ms            1 h, 41 m, 0 s       8.15 M                                     [0m
2940 (3.67%)        78.506 ms            1 h, 40 m, 49 s      8.16 M                                     [0m
2950 (3.69%)        79.221 ms            1 h, 41 m, 43 s      8.08 M                                     [0m
Image after composite:  torch.Size([128, 160, 141])
Image after composite:  torch.Size([128, 160, 141])
Image after composite:  torch.Size([128, 160, 141])
Image after composite:  torch.Size([128, 160, 141])
Image after composite:  torch.Size([128, 160, 141])
Image after composite:  torch.Size([128, 160, 141])
Image after composite:  torch.Size([128, 160, 141])
Image after composite:  torch.Size([128, 160, 141])
Image after composite:  torch.Size([128, 160, 141])
Image after composite:  torch.Size([128, 160, 141])
[12A[1KStep (% Done)       Train Iter (time)    ETA (time)           Train Rays / Sec     Test Rays / Sec       [0m
-------------------------------------------------------------------------------------------------------- [0m
2870 (3.59%)        78.406 ms            1 h, 40 m, 47 s      8.17 M                                     [0m
2880 (3.60%)        78.856 ms            1 h, 41 m, 21 s      8.12 M                                     [0m
2890 (3.61%)        79.084 ms            1 h, 41 m, 38 s      8.10 M                                     [0m
2900 (3.62%)        80.691 ms            1 h, 43 m, 41 s      8.00 M               4.26 M                [0m
2910 (3.64%)        80.817 ms            1 h, 43 m, 50 s      7.99 M                                     [0m
2920 (3.65%)        79.429 ms            1 h, 42 m, 2 s       8.07 M                                     [0m
2930 (3.66%)        78.635 ms            1 h, 41 m, 0 s       8.15 M                                     [0m
2940 (3.67%)        78.506 ms            1 h, 40 m, 49 s      8.16 M                                     [0m
2950 (3.69%)        79.221 ms            1 h, 41 m, 43 s      8.08 M                                     [0m
2960 (3.70%)        78.812 ms            1 h, 41 m, 11 s      8.12 M                                     [0m
Image after composite:  torch.Size([128, 160, 141])
Image after composite:  torch.Size([128, 160, 141])
Image after composite:  torch.Size([128, 160, 141])
Image after composite:  torch.Size([128, 160, 141])
Image after composite:  torch.Size([128, 160, 141])
Image after composite:  torch.Size([128, 160, 141])
Image after composite:  torch.Size([128, 160, 141])
Image after composite:  torch.Size([128, 160, 141])
Image after composite:  torch.Size([128, 160, 141])
Image after composite:  torch.Size([128, 160, 141])
[12A[1KStep (% Done)       Train Iter (time)    ETA (time)           Train Rays / Sec     Test Rays / Sec       [0m
-------------------------------------------------------------------------------------------------------- [0m
2880 (3.60%)        78.856 ms            1 h, 41 m, 21 s      8.12 M                                     [0m
2890 (3.61%)        79.084 ms            1 h, 41 m, 38 s      8.10 M                                     [0m
2900 (3.62%)        80.691 ms            1 h, 43 m, 41 s      8.00 M               4.26 M                [0m
2910 (3.64%)        80.817 ms            1 h, 43 m, 50 s      7.99 M                                     [0m
2920 (3.65%)        79.429 ms            1 h, 42 m, 2 s       8.07 M                                     [0m
2930 (3.66%)        78.635 ms            1 h, 41 m, 0 s       8.15 M                                     [0m
2940 (3.67%)        78.506 ms            1 h, 40 m, 49 s      8.16 M                                     [0m
2950 (3.69%)        79.221 ms            1 h, 41 m, 43 s      8.08 M                                     [0m
2960 (3.70%)        78.812 ms            1 h, 41 m, 11 s      8.12 M                                     [0m
2970 (3.71%)        79.020 ms            1 h, 41 m, 26 s      8.11 M                                     [0m
Image after composite:  torch.Size([128, 160, 141])
Image after composite:  torch.Size([128, 160, 141])
Image after composite:  torch.Size([128, 160, 141])
Image after composite:  torch.Size([128, 160, 141])
Image after composite:  torch.Size([128, 160, 141])
Image after composite:  torch.Size([128, 160, 141])
Image after composite:  torch.Size([128, 160, 141])
Image after composite:  torch.Size([128, 160, 141])
Image after composite:  torch.Size([128, 160, 141])
Image after composite:  torch.Size([128, 160, 141])
[12A[1KStep (% Done)       Train Iter (time)    ETA (time)           Train Rays / Sec     Test Rays / Sec       [0m
-------------------------------------------------------------------------------------------------------- [0m
2890 (3.61%)        79.084 ms            1 h, 41 m, 38 s      8.10 M                                     [0m
2900 (3.62%)        80.691 ms            1 h, 43 m, 41 s      8.00 M               4.26 M                [0m
2910 (3.64%)        80.817 ms            1 h, 43 m, 50 s      7.99 M                                     [0m
2920 (3.65%)        79.429 ms            1 h, 42 m, 2 s       8.07 M                                     [0m
2930 (3.66%)        78.635 ms            1 h, 41 m, 0 s       8.15 M                                     [0m
2940 (3.67%)        78.506 ms            1 h, 40 m, 49 s      8.16 M                                     [0m
2950 (3.69%)        79.221 ms            1 h, 41 m, 43 s      8.08 M                                     [0m
2960 (3.70%)        78.812 ms            1 h, 41 m, 11 s      8.12 M                                     [0m
2970 (3.71%)        79.020 ms            1 h, 41 m, 26 s      8.11 M                                     [0m
2980 (3.72%)        78.974 ms            1 h, 41 m, 22 s      8.11 M                                     [0m
Image after composite:  torch.Size([128, 160, 141])
Image after composite:  torch.Size([128, 160, 141])
Image after composite:  torch.Size([128, 160, 141])
Image after composite:  torch.Size([128, 160, 141])
Image after composite:  torch.Size([128, 160, 141])
Image after composite:  torch.Size([128, 160, 141])
Image after composite:  torch.Size([128, 160, 141])
Image after composite:  torch.Size([128, 160, 141])
Image after composite:  torch.Size([128, 160, 141])
Image after composite:  torch.Size([128, 160, 141])
[12A[1KStep (% Done)       Train Iter (time)    ETA (time)           Train Rays / Sec     Test Rays / Sec       [0m
-------------------------------------------------------------------------------------------------------- [0m
2900 (3.62%)        80.691 ms            1 h, 43 m, 41 s      8.00 M               4.26 M                [0m
2910 (3.64%)        80.817 ms            1 h, 43 m, 50 s      7.99 M                                     [0m
2920 (3.65%)        79.429 ms            1 h, 42 m, 2 s       8.07 M                                     [0m
2930 (3.66%)        78.635 ms            1 h, 41 m, 0 s       8.15 M                                     [0m
2940 (3.67%)        78.506 ms            1 h, 40 m, 49 s      8.16 M                                     [0m
2950 (3.69%)        79.221 ms            1 h, 41 m, 43 s      8.08 M                                     [0m
2960 (3.70%)        78.812 ms            1 h, 41 m, 11 s      8.12 M                                     [0m
2970 (3.71%)        79.020 ms            1 h, 41 m, 26 s      8.11 M                                     [0m
2980 (3.72%)        78.974 ms            1 h, 41 m, 22 s      8.11 M                                     [0m
2990 (3.74%)        78.251 ms            1 h, 40 m, 26 s      8.18 M                                     [0m
Image after composite:  torch.Size([128, 160, 141])
Image after composite:  torch.Size([128, 160, 141])
Image after composite:  torch.Size([128, 160, 141])
Image after composite:  torch.Size([128, 160, 141])
Image after composite:  torch.Size([128, 160, 141])
Image after composite:  torch.Size([128, 160, 141])
Image after composite:  torch.Size([128, 160, 141])
Image after composite:  torch.Size([128, 160, 141])
Image after composite:  torch.Size([128, 160, 141])
Image after composite:  torch.Size([256, 320, 141])
[?25l[2K[32mEvaluating all eval images...[0m [38;5;237m━━━━━━━━━━━━━━━━━━━━━━━━━━━━━━━━━━━━[0m [33m0:00:00[0m [32m 0/36[0m[2K[32mEvaluating all eval images...[0m [38;5;237m━━━━━━━━━━━━━━━━━━━━━━━━━━━━━━━━━━━━[0m [33m0:00:00[0m [32m 0/36[0m[2K[32mEvaluating all eval images...[0m [38;5;237m━━━━━━━━━━━━━━━━━━━━━━━━━━━━━━━━━━━━[0m [33m0:00:00[0m [32m 0/36[0m[2K[32mEvaluating all eval images...[0m [38;5;237m━━━━━━━━━━━━━━━━━━━━━━━━━━━━━━━━━━━━[0m [33m0:00:00[0m [32m 0/36[0m[2K[32mEvaluating all eval images...[0m [38;5;237m━━━━━━━━━━━━━━━━━━━━━━━━━━━━━━━━━━━━[0m [33m0:00:00[0m [32m 0/36[0m[2K[32mEvaluating all eval images...[0m [38;2;249;38;114m━[0m[38;5;237m╺[0m[38;5;237m━━━━━━━━━━━━━━━━━━━━━━━━━━━━━━━━━━[0m [33m0:00:00[0m [32m 1/36[0m[2K[32mEvaluating all eval images...[0m [38;2;249;38;114m━━━[0m[38;5;237m╺[0m[38;5;237m━━━━━━━━━━━━━━━━━━━━━━━━━━━━━━━━[0m [33m0:00:00[0m [32m 3/36[0m[2K[32mEvaluating all eval images...[0m [38;2;249;38;114m━━━━[0m[38;5;237m╺[0m[38;5;237m━━━━━━━━━━━━━━━━━━━━━━━━━━━━━━━[0m [33m0:00:00[0m [32m 4/36[0m[2K[32mEvaluating all eval images...[0m [38;2;249;38;114m━━━━━━[0m[38;5;237m╺[0m[38;5;237m━━━━━━━━━━━━━━━━━━━━━━━━━━━━━[0m [33m0:00:00[0m [32m 6/36[0m[2K[32mEvaluating all eval images...[0m [38;2;249;38;114m━━━━━━━━[0m[38;5;237m╺[0m[38;5;237m━━━━━━━━━━━━━━━━━━━━━━━━━━━[0m [33m0:00:00[0m [32m 8/36[0m[2K[32mEvaluating all eval images...[0m [38;2;249;38;114m━━━━━━━━━━[0m[38;5;237m╺[0m[38;5;237m━━━━━━━━━━━━━━━━━━━━━━━━━[0m [33m0:00:01[0m [32m10/36[0m[2K[32mEvaluating all eval images...[0m [38;2;249;38;114m━━━━━━━━━━━[0m[38;5;237m╺[0m[38;5;237m━━━━━━━━━━━━━━━━━━━━━━━━[0m [33m0:00:01[0m [32m11/36[0m[2K[32mEvaluating all eval images...[0m [38;2;249;38;114m━━━━━━━━━━━━━[0m[38;5;237m╺[0m[38;5;237m━━━━━━━━━━━━━━━━━━━━━━[0m [33m0:00:01[0m [32m13/36[0m[2K[32mEvaluating all eval images...[0m [38;2;249;38;114m━━━━━━━━━━━━━━━[0m[38;5;237m╺[0m[38;5;237m━━━━━━━━━━━━━━━━━━━━[0m [33m0:00:01[0m [32m15/36[0m[2K[32mEvaluating all eval images...[0m [38;2;249;38;114m━━━━━━━━━━━━━━━━━[0m[38;5;237m╺[0m[38;5;237m━━━━━━━━━━━━━━━━━━[0m [33m0:00:01[0m [32m17/36[0m[2K[32mEvaluating all eval images...[0m [38;2;249;38;114m━━━━━━━━━━━━━━━━━━━[0m[38;5;237m╺[0m[38;5;237m━━━━━━━━━━━━━━━━[0m [33m0:00:01[0m [32m19/36[0m[2K[32mEvaluating all eval images...[0m [38;2;249;38;114m━━━━━━━━━━━━━━━━━━━━━[0m[38;5;237m╺[0m[38;5;237m━━━━━━━━━━━━━━[0m [33m0:00:01[0m [32m21/36[0m[2K[32mEvaluating all eval images...[0m [38;2;249;38;114m━━━━━━━━━━━━━━━━━━━━━━━[0m[38;5;237m╺[0m[38;5;237m━━━━━━━━━━━━[0m [33m0:00:01[0m [32m23/36[0m[2K[32mEvaluating all eval images...[0m [38;2;249;38;114m━━━━━━━━━━━━━━━━━━━━━━━━━[0m[38;5;237m╺[0m[38;5;237m━━━━━━━━━━[0m [33m0:00:01[0m [32m25/36[0m[2K[32mEvaluating all eval images...[0m [38;2;249;38;114m━━━━━━━━━━━━━━━━━━━━━━━━━━[0m[38;5;237m╺[0m[38;5;237m━━━━━━━━━[0m [33m0:00:01[0m [32m26/36[0m[2K[32mEvaluating all eval images...[0m [38;2;249;38;114m━━━━━━━━━━━━━━━━━━━━━━━━━━━━[0m[38;5;237m╺[0m[38;5;237m━━━━━━━[0m [33m0:00:02[0m [32m28/36[0m[2K[32mEvaluating all eval images...[0m [38;2;249;38;114m━━━━━━━━━━━━━━━━━━━━━━━━━━━━━━[0m[38;5;237m╺[0m[38;5;237m━━━━━[0m [33m0:00:02[0m [32m30/36[0m[2K[32mEvaluating all eval images...[0m [38;2;249;38;114m━━━━━━━━━━━━━━━━━━━━━━━━━━━━━━━━[0m[38;5;237m╺[0m[38;5;237m━━━[0m [33m0:00:02[0m [32m32/36[0m[2K[32mEvaluating all eval images...[0m [38;2;249;38;114m━━━━━━━━━━━━━━━━━━━━━━━━━━━━━━━━━━[0m[38;5;237m╺[0m[38;5;237m━[0m [33m0:00:02[0m [32m34/36[0m[2K[32mEvaluating all eval images...[0m [38;2;114;156;31m━━━━━━━━━━━━━━━━━━━━━━━━━━━━━━━━━━━━[0m [33m0:00:02[0m [32m36/36[0m
[?25h[1A[2K[12A[1KStep (% Done)       Train Iter (time)    ETA (time)           Train Rays / Sec     Test Rays / Sec       [0m
-------------------------------------------------------------------------------------------------------- [0m
2910 (3.64%)        80.817 ms            1 h, 43 m, 50 s      7.99 M                                     [0m
2920 (3.65%)        79.429 ms            1 h, 42 m, 2 s       8.07 M                                     [0m
2930 (3.66%)        78.635 ms            1 h, 41 m, 0 s       8.15 M                                     [0m
2940 (3.67%)        78.506 ms            1 h, 40 m, 49 s      8.16 M                                     [0m
2950 (3.69%)        79.221 ms            1 h, 41 m, 43 s      8.08 M                                     [0m
2960 (3.70%)        78.812 ms            1 h, 41 m, 11 s      8.12 M                                     [0m
2970 (3.71%)        79.020 ms            1 h, 41 m, 26 s      8.11 M                                     [0m
2980 (3.72%)        78.974 ms            1 h, 41 m, 22 s      8.11 M                                     [0m
2990 (3.74%)        78.251 ms            1 h, 40 m, 26 s      8.18 M                                     [0m
3000 (3.75%)        84.810 ms            1 h, 48 m, 50 s      7.95 M               4.27 M                [0m
Image after composite:  torch.Size([256, 320, 141])
Image after composite:  torch.Size([256, 320, 141])
Image after composite:  torch.Size([256, 320, 141])
Image after composite:  torch.Size([256, 320, 141])
Image after composite:  torch.Size([256, 320, 141])
Image after composite:  torch.Size([256, 320, 141])
Image after composite:  torch.Size([256, 320, 141])
Image after composite:  torch.Size([256, 320, 141])
Image after composite:  torch.Size([256, 320, 141])
Image after composite:  torch.Size([256, 320, 141])
[12A[1KStep (% Done)       Train Iter (time)    ETA (time)           Train Rays / Sec     Test Rays / Sec       [0m
-------------------------------------------------------------------------------------------------------- [0m
2920 (3.65%)        79.429 ms            1 h, 42 m, 2 s       8.07 M                                     [0m
2930 (3.66%)        78.635 ms            1 h, 41 m, 0 s       8.15 M                                     [0m
2940 (3.67%)        78.506 ms            1 h, 40 m, 49 s      8.16 M                                     [0m
2950 (3.69%)        79.221 ms            1 h, 41 m, 43 s      8.08 M                                     [0m
2960 (3.70%)        78.812 ms            1 h, 41 m, 11 s      8.12 M                                     [0m
2970 (3.71%)        79.020 ms            1 h, 41 m, 26 s      8.11 M                                     [0m
2980 (3.72%)        78.974 ms            1 h, 41 m, 22 s      8.11 M                                     [0m
2990 (3.74%)        78.251 ms            1 h, 40 m, 26 s      8.18 M                                     [0m
3000 (3.75%)        84.810 ms            1 h, 48 m, 50 s      7.95 M               4.27 M                [0m
3010 (3.76%)        118.369 ms           2 h, 31 m, 53 s      6.06 M                                     [0m
Image after composite:  torch.Size([256, 320, 141])
Image after composite:  torch.Size([256, 320, 141])
Image after composite:  torch.Size([256, 320, 141])
Image after composite:  torch.Size([256, 320, 141])
Image after composite:  torch.Size([256, 320, 141])
Image after composite:  torch.Size([256, 320, 141])
Image after composite:  torch.Size([256, 320, 141])
Image after composite:  torch.Size([256, 320, 141])
Image after composite:  torch.Size([256, 320, 141])
Image after composite:  torch.Size([256, 320, 141])
[12A[1KStep (% Done)       Train Iter (time)    ETA (time)           Train Rays / Sec     Test Rays / Sec       [0m
-------------------------------------------------------------------------------------------------------- [0m
2930 (3.66%)        78.635 ms            1 h, 41 m, 0 s       8.15 M                                     [0m
2940 (3.67%)        78.506 ms            1 h, 40 m, 49 s      8.16 M                                     [0m
2950 (3.69%)        79.221 ms            1 h, 41 m, 43 s      8.08 M                                     [0m
2960 (3.70%)        78.812 ms            1 h, 41 m, 11 s      8.12 M                                     [0m
2970 (3.71%)        79.020 ms            1 h, 41 m, 26 s      8.11 M                                     [0m
2980 (3.72%)        78.974 ms            1 h, 41 m, 22 s      8.11 M                                     [0m
2990 (3.74%)        78.251 ms            1 h, 40 m, 26 s      8.18 M                                     [0m
3000 (3.75%)        84.810 ms            1 h, 48 m, 50 s      7.95 M               4.27 M                [0m
3010 (3.76%)        118.369 ms           2 h, 31 m, 53 s      6.06 M                                     [0m
3020 (3.77%)        145.582 ms           3 h, 6 m, 46 s       4.41 M                                     [0m
Image after composite:  torch.Size([256, 320, 141])
Image after composite:  torch.Size([256, 320, 141])
Image after composite:  torch.Size([256, 320, 141])
Image after composite:  torch.Size([256, 320, 141])
Image after composite:  torch.Size([256, 320, 141])
Image after composite:  torch.Size([256, 320, 141])
Image after composite:  torch.Size([256, 320, 141])
Image after composite:  torch.Size([256, 320, 141])
Image after composite:  torch.Size([256, 320, 141])
Image after composite:  torch.Size([256, 320, 141])
[12A[1KStep (% Done)       Train Iter (time)    ETA (time)           Train Rays / Sec     Test Rays / Sec       [0m
-------------------------------------------------------------------------------------------------------- [0m
2940 (3.67%)        78.506 ms            1 h, 40 m, 49 s      8.16 M                                     [0m
2950 (3.69%)        79.221 ms            1 h, 41 m, 43 s      8.08 M                                     [0m
2960 (3.70%)        78.812 ms            1 h, 41 m, 11 s      8.12 M                                     [0m
2970 (3.71%)        79.020 ms            1 h, 41 m, 26 s      8.11 M                                     [0m
2980 (3.72%)        78.974 ms            1 h, 41 m, 22 s      8.11 M                                     [0m
2990 (3.74%)        78.251 ms            1 h, 40 m, 26 s      8.18 M                                     [0m
3000 (3.75%)        84.810 ms            1 h, 48 m, 50 s      7.95 M               4.27 M                [0m
3010 (3.76%)        118.369 ms           2 h, 31 m, 53 s      6.06 M                                     [0m
3020 (3.77%)        145.582 ms           3 h, 6 m, 46 s       4.41 M                                     [0m
3030 (3.79%)        145.484 ms           3 h, 6 m, 37 s       4.41 M                                     [0m
Image after composite:  torch.Size([256, 320, 141])
Image after composite:  torch.Size([256, 320, 141])
Image after composite:  torch.Size([256, 320, 141])
Image after composite:  torch.Size([256, 320, 141])
Image after composite:  torch.Size([256, 320, 141])
Image after composite:  torch.Size([256, 320, 141])
Image after composite:  torch.Size([256, 320, 141])
Image after composite:  torch.Size([256, 320, 141])
Image after composite:  torch.Size([256, 320, 141])
Image after composite:  torch.Size([256, 320, 141])
[12A[1KStep (% Done)       Train Iter (time)    ETA (time)           Train Rays / Sec     Test Rays / Sec       [0m
-------------------------------------------------------------------------------------------------------- [0m
2950 (3.69%)        79.221 ms            1 h, 41 m, 43 s      8.08 M                                     [0m
2960 (3.70%)        78.812 ms            1 h, 41 m, 11 s      8.12 M                                     [0m
2970 (3.71%)        79.020 ms            1 h, 41 m, 26 s      8.11 M                                     [0m
2980 (3.72%)        78.974 ms            1 h, 41 m, 22 s      8.11 M                                     [0m
2990 (3.74%)        78.251 ms            1 h, 40 m, 26 s      8.18 M                                     [0m
3000 (3.75%)        84.810 ms            1 h, 48 m, 50 s      7.95 M               4.27 M                [0m
3010 (3.76%)        118.369 ms           2 h, 31 m, 53 s      6.06 M                                     [0m
3020 (3.77%)        145.582 ms           3 h, 6 m, 46 s       4.41 M                                     [0m
3030 (3.79%)        145.484 ms           3 h, 6 m, 37 s       4.41 M                                     [0m
3040 (3.80%)        146.502 ms           3 h, 7 m, 54 s       4.38 M                                     [0m
Image after composite:  torch.Size([256, 320, 141])
Image after composite:  torch.Size([256, 320, 141])
Image after composite:  torch.Size([256, 320, 141])
Image after composite:  torch.Size([256, 320, 141])
Image after composite:  torch.Size([256, 320, 141])
Image after composite:  torch.Size([256, 320, 141])
Image after composite:  torch.Size([256, 320, 141])
Image after composite:  torch.Size([256, 320, 141])
Image after composite:  torch.Size([256, 320, 141])
Image after composite:  torch.Size([256, 320, 141])
[12A[1KStep (% Done)       Train Iter (time)    ETA (time)           Train Rays / Sec     Test Rays / Sec       [0m
-------------------------------------------------------------------------------------------------------- [0m
2960 (3.70%)        78.812 ms            1 h, 41 m, 11 s      8.12 M                                     [0m
2970 (3.71%)        79.020 ms            1 h, 41 m, 26 s      8.11 M                                     [0m
2980 (3.72%)        78.974 ms            1 h, 41 m, 22 s      8.11 M                                     [0m
2990 (3.74%)        78.251 ms            1 h, 40 m, 26 s      8.18 M                                     [0m
3000 (3.75%)        84.810 ms            1 h, 48 m, 50 s      7.95 M               4.27 M                [0m
3010 (3.76%)        118.369 ms           2 h, 31 m, 53 s      6.06 M                                     [0m
3020 (3.77%)        145.582 ms           3 h, 6 m, 46 s       4.41 M                                     [0m
3030 (3.79%)        145.484 ms           3 h, 6 m, 37 s       4.41 M                                     [0m
3040 (3.80%)        146.502 ms           3 h, 7 m, 54 s       4.38 M                                     [0m
3050 (3.81%)        147.362 ms           3 h, 8 m, 59 s       4.36 M                                     [0m
Image after composite:  torch.Size([256, 320, 141])
Image after composite:  torch.Size([256, 320, 141])
Image after composite:  torch.Size([256, 320, 141])
Image after composite:  torch.Size([256, 320, 141])
Image after composite:  torch.Size([256, 320, 141])
Image after composite:  torch.Size([256, 320, 141])
Image after composite:  torch.Size([256, 320, 141])
Image after composite:  torch.Size([256, 320, 141])
Image after composite:  torch.Size([256, 320, 141])
Image after composite:  torch.Size([256, 320, 141])
[12A[1KStep (% Done)       Train Iter (time)    ETA (time)           Train Rays / Sec     Test Rays / Sec       [0m
-------------------------------------------------------------------------------------------------------- [0m
2970 (3.71%)        79.020 ms            1 h, 41 m, 26 s      8.11 M                                     [0m
2980 (3.72%)        78.974 ms            1 h, 41 m, 22 s      8.11 M                                     [0m
2990 (3.74%)        78.251 ms            1 h, 40 m, 26 s      8.18 M                                     [0m
3000 (3.75%)        84.810 ms            1 h, 48 m, 50 s      7.95 M               4.27 M                [0m
3010 (3.76%)        118.369 ms           2 h, 31 m, 53 s      6.06 M                                     [0m
3020 (3.77%)        145.582 ms           3 h, 6 m, 46 s       4.41 M                                     [0m
3030 (3.79%)        145.484 ms           3 h, 6 m, 37 s       4.41 M                                     [0m
3040 (3.80%)        146.502 ms           3 h, 7 m, 54 s       4.38 M                                     [0m
3050 (3.81%)        147.362 ms           3 h, 8 m, 59 s       4.36 M                                     [0m
3060 (3.82%)        146.242 ms           3 h, 7 m, 31 s       4.39 M                                     [0m
Image after composite:  torch.Size([256, 320, 141])
Image after composite:  torch.Size([256, 320, 141])
Image after composite:  torch.Size([256, 320, 141])
Image after composite:  torch.Size([256, 320, 141])
Image after composite:  torch.Size([256, 320, 141])
Image after composite:  torch.Size([256, 320, 141])
Image after composite:  torch.Size([256, 320, 141])
Image after composite:  torch.Size([256, 320, 141])
Image after composite:  torch.Size([256, 320, 141])
Image after composite:  torch.Size([256, 320, 141])
[12A[1KStep (% Done)       Train Iter (time)    ETA (time)           Train Rays / Sec     Test Rays / Sec       [0m
-------------------------------------------------------------------------------------------------------- [0m
2980 (3.72%)        78.974 ms            1 h, 41 m, 22 s      8.11 M                                     [0m
2990 (3.74%)        78.251 ms            1 h, 40 m, 26 s      8.18 M                                     [0m
3000 (3.75%)        84.810 ms            1 h, 48 m, 50 s      7.95 M               4.27 M                [0m
3010 (3.76%)        118.369 ms           2 h, 31 m, 53 s      6.06 M                                     [0m
3020 (3.77%)        145.582 ms           3 h, 6 m, 46 s       4.41 M                                     [0m
3030 (3.79%)        145.484 ms           3 h, 6 m, 37 s       4.41 M                                     [0m
3040 (3.80%)        146.502 ms           3 h, 7 m, 54 s       4.38 M                                     [0m
3050 (3.81%)        147.362 ms           3 h, 8 m, 59 s       4.36 M                                     [0m
3060 (3.82%)        146.242 ms           3 h, 7 m, 31 s       4.39 M                                     [0m
3070 (3.84%)        146.932 ms           3 h, 8 m, 23 s       4.37 M                                     [0m
Image after composite:  torch.Size([256, 320, 141])
Image after composite:  torch.Size([256, 320, 141])
Image after composite:  torch.Size([256, 320, 141])
Image after composite:  torch.Size([256, 320, 141])
Image after composite:  torch.Size([256, 320, 141])
Image after composite:  torch.Size([256, 320, 141])
Image after composite:  torch.Size([256, 320, 141])
Image after composite:  torch.Size([256, 320, 141])
Image after composite:  torch.Size([256, 320, 141])
Image after composite:  torch.Size([256, 320, 141])
[12A[1KStep (% Done)       Train Iter (time)    ETA (time)           Train Rays / Sec     Test Rays / Sec       [0m
-------------------------------------------------------------------------------------------------------- [0m
2990 (3.74%)        78.251 ms            1 h, 40 m, 26 s      8.18 M                                     [0m
3000 (3.75%)        84.810 ms            1 h, 48 m, 50 s      7.95 M               4.27 M                [0m
3010 (3.76%)        118.369 ms           2 h, 31 m, 53 s      6.06 M                                     [0m
3020 (3.77%)        145.582 ms           3 h, 6 m, 46 s       4.41 M                                     [0m
3030 (3.79%)        145.484 ms           3 h, 6 m, 37 s       4.41 M                                     [0m
3040 (3.80%)        146.502 ms           3 h, 7 m, 54 s       4.38 M                                     [0m
3050 (3.81%)        147.362 ms           3 h, 8 m, 59 s       4.36 M                                     [0m
3060 (3.82%)        146.242 ms           3 h, 7 m, 31 s       4.39 M                                     [0m
3070 (3.84%)        146.932 ms           3 h, 8 m, 23 s       4.37 M                                     [0m
3080 (3.85%)        148.251 ms           3 h, 10 m, 3 s       4.33 M                                     [0m
Image after composite:  torch.Size([256, 320, 141])
Image after composite:  torch.Size([256, 320, 141])
Image after composite:  torch.Size([256, 320, 141])
Image after composite:  torch.Size([256, 320, 141])
Image after composite:  torch.Size([256, 320, 141])
Image after composite:  torch.Size([256, 320, 141])
Image after composite:  torch.Size([256, 320, 141])
Image after composite:  torch.Size([256, 320, 141])
Image after composite:  torch.Size([256, 320, 141])
Image after composite:  torch.Size([256, 320, 141])
[12A[1KStep (% Done)       Train Iter (time)    ETA (time)           Train Rays / Sec     Test Rays / Sec       [0m
-------------------------------------------------------------------------------------------------------- [0m
3000 (3.75%)        84.810 ms            1 h, 48 m, 50 s      7.95 M               4.27 M                [0m
3010 (3.76%)        118.369 ms           2 h, 31 m, 53 s      6.06 M                                     [0m
3020 (3.77%)        145.582 ms           3 h, 6 m, 46 s       4.41 M                                     [0m
3030 (3.79%)        145.484 ms           3 h, 6 m, 37 s       4.41 M                                     [0m
3040 (3.80%)        146.502 ms           3 h, 7 m, 54 s       4.38 M                                     [0m
3050 (3.81%)        147.362 ms           3 h, 8 m, 59 s       4.36 M                                     [0m
3060 (3.82%)        146.242 ms           3 h, 7 m, 31 s       4.39 M                                     [0m
3070 (3.84%)        146.932 ms           3 h, 8 m, 23 s       4.37 M                                     [0m
3080 (3.85%)        148.251 ms           3 h, 10 m, 3 s       4.33 M                                     [0m
3090 (3.86%)        148.603 ms           3 h, 10 m, 29 s      4.32 M                                     [0m
Image after composite:  torch.Size([256, 320, 141])
Image after composite:  torch.Size([256, 320, 141])
Image after composite:  torch.Size([256, 320, 141])
Image after composite:  torch.Size([256, 320, 141])
Image after composite:  torch.Size([256, 320, 141])
Image after composite:  torch.Size([256, 320, 141])
Image after composite:  torch.Size([256, 320, 141])
Image after composite:  torch.Size([256, 320, 141])
Image after composite:  torch.Size([256, 320, 141])
Image after composite:  torch.Size([256, 320, 141])
[12A[1KStep (% Done)       Train Iter (time)    ETA (time)           Train Rays / Sec     Test Rays / Sec       [0m
-------------------------------------------------------------------------------------------------------- [0m
3010 (3.76%)        118.369 ms           2 h, 31 m, 53 s      6.06 M                                     [0m
3020 (3.77%)        145.582 ms           3 h, 6 m, 46 s       4.41 M                                     [0m
3030 (3.79%)        145.484 ms           3 h, 6 m, 37 s       4.41 M                                     [0m
3040 (3.80%)        146.502 ms           3 h, 7 m, 54 s       4.38 M                                     [0m
3050 (3.81%)        147.362 ms           3 h, 8 m, 59 s       4.36 M                                     [0m
3060 (3.82%)        146.242 ms           3 h, 7 m, 31 s       4.39 M                                     [0m
3070 (3.84%)        146.932 ms           3 h, 8 m, 23 s       4.37 M                                     [0m
3080 (3.85%)        148.251 ms           3 h, 10 m, 3 s       4.33 M                                     [0m
3090 (3.86%)        148.603 ms           3 h, 10 m, 29 s      4.32 M                                     [0m
3100 (3.88%)        148.783 ms           3 h, 10 m, 41 s      4.31 M               4.29 M                [0m
Image after composite:  torch.Size([256, 320, 141])
Image after composite:  torch.Size([256, 320, 141])
Image after composite:  torch.Size([256, 320, 141])
Image after composite:  torch.Size([256, 320, 141])
Image after composite:  torch.Size([256, 320, 141])
Image after composite:  torch.Size([256, 320, 141])
Image after composite:  torch.Size([256, 320, 141])
Image after composite:  torch.Size([256, 320, 141])
Image after composite:  torch.Size([256, 320, 141])
Image after composite:  torch.Size([256, 320, 141])
[12A[1KStep (% Done)       Train Iter (time)    ETA (time)           Train Rays / Sec     Test Rays / Sec       [0m
-------------------------------------------------------------------------------------------------------- [0m
3020 (3.77%)        145.582 ms           3 h, 6 m, 46 s       4.41 M                                     [0m
3030 (3.79%)        145.484 ms           3 h, 6 m, 37 s       4.41 M                                     [0m
3040 (3.80%)        146.502 ms           3 h, 7 m, 54 s       4.38 M                                     [0m
3050 (3.81%)        147.362 ms           3 h, 8 m, 59 s       4.36 M                                     [0m
3060 (3.82%)        146.242 ms           3 h, 7 m, 31 s       4.39 M                                     [0m
3070 (3.84%)        146.932 ms           3 h, 8 m, 23 s       4.37 M                                     [0m
3080 (3.85%)        148.251 ms           3 h, 10 m, 3 s       4.33 M                                     [0m
3090 (3.86%)        148.603 ms           3 h, 10 m, 29 s      4.32 M                                     [0m
3100 (3.88%)        148.783 ms           3 h, 10 m, 41 s      4.31 M               4.29 M                [0m
3110 (3.89%)        158.973 ms           3 h, 23 m, 43 s      4.06 M                                     [0m
Image after composite:  torch.Size([256, 320, 141])
Image after composite:  torch.Size([256, 320, 141])
Image after composite:  torch.Size([256, 320, 141])
Image after composite:  torch.Size([256, 320, 141])
Image after composite:  torch.Size([256, 320, 141])
Image after composite:  torch.Size([256, 320, 141])
Image after composite:  torch.Size([256, 320, 141])
Image after composite:  torch.Size([256, 320, 141])
Image after composite:  torch.Size([256, 320, 141])
Image after composite:  torch.Size([256, 320, 141])
[12A[1KStep (% Done)       Train Iter (time)    ETA (time)           Train Rays / Sec     Test Rays / Sec       [0m
-------------------------------------------------------------------------------------------------------- [0m
3030 (3.79%)        145.484 ms           3 h, 6 m, 37 s       4.41 M                                     [0m
3040 (3.80%)        146.502 ms           3 h, 7 m, 54 s       4.38 M                                     [0m
3050 (3.81%)        147.362 ms           3 h, 8 m, 59 s       4.36 M                                     [0m
3060 (3.82%)        146.242 ms           3 h, 7 m, 31 s       4.39 M                                     [0m
3070 (3.84%)        146.932 ms           3 h, 8 m, 23 s       4.37 M                                     [0m
3080 (3.85%)        148.251 ms           3 h, 10 m, 3 s       4.33 M                                     [0m
3090 (3.86%)        148.603 ms           3 h, 10 m, 29 s      4.32 M                                     [0m
3100 (3.88%)        148.783 ms           3 h, 10 m, 41 s      4.31 M               4.29 M                [0m
3110 (3.89%)        158.973 ms           3 h, 23 m, 43 s      4.06 M                                     [0m
3120 (3.90%)        168.817 ms           3 h, 36 m, 18 s      3.82 M                                     [0m
Image after composite:  torch.Size([256, 320, 141])
Image after composite:  torch.Size([256, 320, 141])
Image after composite:  torch.Size([256, 320, 141])
Image after composite:  torch.Size([256, 320, 141])
Image after composite:  torch.Size([256, 320, 141])
Image after composite:  torch.Size([256, 320, 141])
Image after composite:  torch.Size([256, 320, 141])
Image after composite:  torch.Size([256, 320, 141])
Image after composite:  torch.Size([256, 320, 141])
Image after composite:  torch.Size([256, 320, 141])
[12A[1KStep (% Done)       Train Iter (time)    ETA (time)           Train Rays / Sec     Test Rays / Sec       [0m
-------------------------------------------------------------------------------------------------------- [0m
3040 (3.80%)        146.502 ms           3 h, 7 m, 54 s       4.38 M                                     [0m
3050 (3.81%)        147.362 ms           3 h, 8 m, 59 s       4.36 M                                     [0m
3060 (3.82%)        146.242 ms           3 h, 7 m, 31 s       4.39 M                                     [0m
3070 (3.84%)        146.932 ms           3 h, 8 m, 23 s       4.37 M                                     [0m
3080 (3.85%)        148.251 ms           3 h, 10 m, 3 s       4.33 M                                     [0m
3090 (3.86%)        148.603 ms           3 h, 10 m, 29 s      4.32 M                                     [0m
3100 (3.88%)        148.783 ms           3 h, 10 m, 41 s      4.31 M               4.29 M                [0m
3110 (3.89%)        158.973 ms           3 h, 23 m, 43 s      4.06 M                                     [0m
3120 (3.90%)        168.817 ms           3 h, 36 m, 18 s      3.82 M                                     [0m
3130 (3.91%)        170.724 ms           3 h, 38 m, 43 s      3.77 M                                     [0m
Image after composite:  torch.Size([256, 320, 141])
Image after composite:  torch.Size([256, 320, 141])
Image after composite:  torch.Size([256, 320, 141])
Image after composite:  torch.Size([256, 320, 141])
Image after composite:  torch.Size([256, 320, 141])
Image after composite:  torch.Size([256, 320, 141])
Image after composite:  torch.Size([256, 320, 141])
Image after composite:  torch.Size([256, 320, 141])
Image after composite:  torch.Size([256, 320, 141])
Image after composite:  torch.Size([256, 320, 141])
[12A[1KStep (% Done)       Train Iter (time)    ETA (time)           Train Rays / Sec     Test Rays / Sec       [0m
-------------------------------------------------------------------------------------------------------- [0m
3050 (3.81%)        147.362 ms           3 h, 8 m, 59 s       4.36 M                                     [0m
3060 (3.82%)        146.242 ms           3 h, 7 m, 31 s       4.39 M                                     [0m
3070 (3.84%)        146.932 ms           3 h, 8 m, 23 s       4.37 M                                     [0m
3080 (3.85%)        148.251 ms           3 h, 10 m, 3 s       4.33 M                                     [0m
3090 (3.86%)        148.603 ms           3 h, 10 m, 29 s      4.32 M                                     [0m
3100 (3.88%)        148.783 ms           3 h, 10 m, 41 s      4.31 M               4.29 M                [0m
3110 (3.89%)        158.973 ms           3 h, 23 m, 43 s      4.06 M                                     [0m
3120 (3.90%)        168.817 ms           3 h, 36 m, 18 s      3.82 M                                     [0m
3130 (3.91%)        170.724 ms           3 h, 38 m, 43 s      3.77 M                                     [0m
3140 (3.92%)        170.139 ms           3 h, 37 m, 56 s      3.79 M                                     [0m
Image after composite:  torch.Size([256, 320, 141])
Image after composite:  torch.Size([256, 320, 141])
Image after composite:  torch.Size([256, 320, 141])
Image after composite:  torch.Size([256, 320, 141])
Image after composite:  torch.Size([256, 320, 141])
Image after composite:  torch.Size([256, 320, 141])
Image after composite:  torch.Size([256, 320, 141])
Image after composite:  torch.Size([256, 320, 141])
Image after composite:  torch.Size([256, 320, 141])
Image after composite:  torch.Size([256, 320, 141])
[12A[1KStep (% Done)       Train Iter (time)    ETA (time)           Train Rays / Sec     Test Rays / Sec       [0m
-------------------------------------------------------------------------------------------------------- [0m
3060 (3.82%)        146.242 ms           3 h, 7 m, 31 s       4.39 M                                     [0m
3070 (3.84%)        146.932 ms           3 h, 8 m, 23 s       4.37 M                                     [0m
3080 (3.85%)        148.251 ms           3 h, 10 m, 3 s       4.33 M                                     [0m
3090 (3.86%)        148.603 ms           3 h, 10 m, 29 s      4.32 M                                     [0m
3100 (3.88%)        148.783 ms           3 h, 10 m, 41 s      4.31 M               4.29 M                [0m
3110 (3.89%)        158.973 ms           3 h, 23 m, 43 s      4.06 M                                     [0m
3120 (3.90%)        168.817 ms           3 h, 36 m, 18 s      3.82 M                                     [0m
3130 (3.91%)        170.724 ms           3 h, 38 m, 43 s      3.77 M                                     [0m
3140 (3.92%)        170.139 ms           3 h, 37 m, 56 s      3.79 M                                     [0m
3150 (3.94%)        166.511 ms           3 h, 33 m, 16 s      3.87 M                                     [0m
Image after composite:  torch.Size([256, 320, 141])
Image after composite:  torch.Size([256, 320, 141])
Image after composite:  torch.Size([256, 320, 141])
Image after composite:  torch.Size([256, 320, 141])
Image after composite:  torch.Size([256, 320, 141])
Image after composite:  torch.Size([256, 320, 141])
Image after composite:  torch.Size([256, 320, 141])
Image after composite:  torch.Size([256, 320, 141])
Image after composite:  torch.Size([256, 320, 141])
Image after composite:  torch.Size([256, 320, 141])
[12A[1KStep (% Done)       Train Iter (time)    ETA (time)           Train Rays / Sec     Test Rays / Sec       [0m
-------------------------------------------------------------------------------------------------------- [0m
3070 (3.84%)        146.932 ms           3 h, 8 m, 23 s       4.37 M                                     [0m
3080 (3.85%)        148.251 ms           3 h, 10 m, 3 s       4.33 M                                     [0m
3090 (3.86%)        148.603 ms           3 h, 10 m, 29 s      4.32 M                                     [0m
3100 (3.88%)        148.783 ms           3 h, 10 m, 41 s      4.31 M               4.29 M                [0m
3110 (3.89%)        158.973 ms           3 h, 23 m, 43 s      4.06 M                                     [0m
3120 (3.90%)        168.817 ms           3 h, 36 m, 18 s      3.82 M                                     [0m
3130 (3.91%)        170.724 ms           3 h, 38 m, 43 s      3.77 M                                     [0m
3140 (3.92%)        170.139 ms           3 h, 37 m, 56 s      3.79 M                                     [0m
3150 (3.94%)        166.511 ms           3 h, 33 m, 16 s      3.87 M                                     [0m
3160 (3.95%)        168.463 ms           3 h, 35 m, 44 s      3.82 M                                     [0m
Image after composite:  torch.Size([256, 320, 141])
Image after composite:  torch.Size([256, 320, 141])
Image after composite:  torch.Size([256, 320, 141])
Image after composite:  torch.Size([256, 320, 141])
Image after composite:  torch.Size([256, 320, 141])
Image after composite:  torch.Size([256, 320, 141])
Image after composite:  torch.Size([256, 320, 141])
Image after composite:  torch.Size([256, 320, 141])
Image after composite:  torch.Size([256, 320, 141])
Image after composite:  torch.Size([256, 320, 141])
[12A[1KStep (% Done)       Train Iter (time)    ETA (time)           Train Rays / Sec     Test Rays / Sec       [0m
-------------------------------------------------------------------------------------------------------- [0m
3080 (3.85%)        148.251 ms           3 h, 10 m, 3 s       4.33 M                                     [0m
3090 (3.86%)        148.603 ms           3 h, 10 m, 29 s      4.32 M                                     [0m
3100 (3.88%)        148.783 ms           3 h, 10 m, 41 s      4.31 M               4.29 M                [0m
3110 (3.89%)        158.973 ms           3 h, 23 m, 43 s      4.06 M                                     [0m
3120 (3.90%)        168.817 ms           3 h, 36 m, 18 s      3.82 M                                     [0m
3130 (3.91%)        170.724 ms           3 h, 38 m, 43 s      3.77 M                                     [0m
3140 (3.92%)        170.139 ms           3 h, 37 m, 56 s      3.79 M                                     [0m
3150 (3.94%)        166.511 ms           3 h, 33 m, 16 s      3.87 M                                     [0m
3160 (3.95%)        168.463 ms           3 h, 35 m, 44 s      3.82 M                                     [0m
3170 (3.96%)        168.211 ms           3 h, 35 m, 23 s      3.83 M                                     [0m
Image after composite:  torch.Size([256, 320, 141])
Image after composite:  torch.Size([256, 320, 141])
Image after composite:  torch.Size([256, 320, 141])
Image after composite:  torch.Size([256, 320, 141])
Image after composite:  torch.Size([256, 320, 141])
Image after composite:  torch.Size([256, 320, 141])
Image after composite:  torch.Size([256, 320, 141])
Image after composite:  torch.Size([256, 320, 141])
Image after composite:  torch.Size([256, 320, 141])
Image after composite:  torch.Size([256, 320, 141])
[12A[1KStep (% Done)       Train Iter (time)    ETA (time)           Train Rays / Sec     Test Rays / Sec       [0m
-------------------------------------------------------------------------------------------------------- [0m
3090 (3.86%)        148.603 ms           3 h, 10 m, 29 s      4.32 M                                     [0m
3100 (3.88%)        148.783 ms           3 h, 10 m, 41 s      4.31 M               4.29 M                [0m
3110 (3.89%)        158.973 ms           3 h, 23 m, 43 s      4.06 M                                     [0m
3120 (3.90%)        168.817 ms           3 h, 36 m, 18 s      3.82 M                                     [0m
3130 (3.91%)        170.724 ms           3 h, 38 m, 43 s      3.77 M                                     [0m
3140 (3.92%)        170.139 ms           3 h, 37 m, 56 s      3.79 M                                     [0m
3150 (3.94%)        166.511 ms           3 h, 33 m, 16 s      3.87 M                                     [0m
3160 (3.95%)        168.463 ms           3 h, 35 m, 44 s      3.82 M                                     [0m
3170 (3.96%)        168.211 ms           3 h, 35 m, 23 s      3.83 M                                     [0m
3180 (3.98%)        170.150 ms           3 h, 37 m, 50 s      3.79 M                                     [0m
Image after composite:  torch.Size([256, 320, 141])
Image after composite:  torch.Size([256, 320, 141])
Image after composite:  torch.Size([256, 320, 141])
Image after composite:  torch.Size([256, 320, 141])
Image after composite:  torch.Size([256, 320, 141])
Image after composite:  torch.Size([256, 320, 141])
Image after composite:  torch.Size([256, 320, 141])
Image after composite:  torch.Size([256, 320, 141])
Image after composite:  torch.Size([256, 320, 141])
Image after composite:  torch.Size([256, 320, 141])
[12A[1KStep (% Done)       Train Iter (time)    ETA (time)           Train Rays / Sec     Test Rays / Sec       [0m
-------------------------------------------------------------------------------------------------------- [0m
3100 (3.88%)        148.783 ms           3 h, 10 m, 41 s      4.31 M               4.29 M                [0m
3110 (3.89%)        158.973 ms           3 h, 23 m, 43 s      4.06 M                                     [0m
3120 (3.90%)        168.817 ms           3 h, 36 m, 18 s      3.82 M                                     [0m
3130 (3.91%)        170.724 ms           3 h, 38 m, 43 s      3.77 M                                     [0m
3140 (3.92%)        170.139 ms           3 h, 37 m, 56 s      3.79 M                                     [0m
3150 (3.94%)        166.511 ms           3 h, 33 m, 16 s      3.87 M                                     [0m
3160 (3.95%)        168.463 ms           3 h, 35 m, 44 s      3.82 M                                     [0m
3170 (3.96%)        168.211 ms           3 h, 35 m, 23 s      3.83 M                                     [0m
3180 (3.98%)        170.150 ms           3 h, 37 m, 50 s      3.79 M                                     [0m
3190 (3.99%)        168.292 ms           3 h, 35 m, 26 s      3.82 M                                     [0m
Image after composite:  torch.Size([256, 320, 141])
Image after composite:  torch.Size([256, 320, 141])
Image after composite:  torch.Size([256, 320, 141])
Image after composite:  torch.Size([256, 320, 141])
Image after composite:  torch.Size([256, 320, 141])
Image after composite:  torch.Size([256, 320, 141])
Image after composite:  torch.Size([256, 320, 141])
Image after composite:  torch.Size([256, 320, 141])
Image after composite:  torch.Size([256, 320, 141])
Image after composite:  torch.Size([256, 320, 141])
[12A[1KStep (% Done)       Train Iter (time)    ETA (time)           Train Rays / Sec     Test Rays / Sec       [0m
-------------------------------------------------------------------------------------------------------- [0m
3110 (3.89%)        158.973 ms           3 h, 23 m, 43 s      4.06 M                                     [0m
3120 (3.90%)        168.817 ms           3 h, 36 m, 18 s      3.82 M                                     [0m
3130 (3.91%)        170.724 ms           3 h, 38 m, 43 s      3.77 M                                     [0m
3140 (3.92%)        170.139 ms           3 h, 37 m, 56 s      3.79 M                                     [0m
3150 (3.94%)        166.511 ms           3 h, 33 m, 16 s      3.87 M                                     [0m
3160 (3.95%)        168.463 ms           3 h, 35 m, 44 s      3.82 M                                     [0m
3170 (3.96%)        168.211 ms           3 h, 35 m, 23 s      3.83 M                                     [0m
3180 (3.98%)        170.150 ms           3 h, 37 m, 50 s      3.79 M                                     [0m
3190 (3.99%)        168.292 ms           3 h, 35 m, 26 s      3.82 M                                     [0m
3200 (4.00%)        164.809 ms           3 h, 30 m, 57 s      3.90 M               4.30 M                [0m
Image after composite:  torch.Size([256, 320, 141])
Image after composite:  torch.Size([256, 320, 141])
Image after composite:  torch.Size([256, 320, 141])
Image after composite:  torch.Size([256, 320, 141])
Image after composite:  torch.Size([256, 320, 141])
Image after composite:  torch.Size([256, 320, 141])
Image after composite:  torch.Size([256, 320, 141])
Image after composite:  torch.Size([256, 320, 141])
Image after composite:  torch.Size([256, 320, 141])
Image after composite:  torch.Size([256, 320, 141])
[12A[1KStep (% Done)       Train Iter (time)    ETA (time)           Train Rays / Sec     Test Rays / Sec       [0m
-------------------------------------------------------------------------------------------------------- [0m
3120 (3.90%)        168.817 ms           3 h, 36 m, 18 s      3.82 M                                     [0m
3130 (3.91%)        170.724 ms           3 h, 38 m, 43 s      3.77 M                                     [0m
3140 (3.92%)        170.139 ms           3 h, 37 m, 56 s      3.79 M                                     [0m
3150 (3.94%)        166.511 ms           3 h, 33 m, 16 s      3.87 M                                     [0m
3160 (3.95%)        168.463 ms           3 h, 35 m, 44 s      3.82 M                                     [0m
3170 (3.96%)        168.211 ms           3 h, 35 m, 23 s      3.83 M                                     [0m
3180 (3.98%)        170.150 ms           3 h, 37 m, 50 s      3.79 M                                     [0m
3190 (3.99%)        168.292 ms           3 h, 35 m, 26 s      3.82 M                                     [0m
3200 (4.00%)        164.809 ms           3 h, 30 m, 57 s      3.90 M               4.30 M                [0m
3210 (4.01%)        166.981 ms           3 h, 33 m, 42 s      3.85 M                                     [0m
Image after composite:  torch.Size([256, 320, 141])
Image after composite:  torch.Size([256, 320, 141])
Image after composite:  torch.Size([256, 320, 141])
Image after composite:  torch.Size([256, 320, 141])
Image after composite:  torch.Size([256, 320, 141])
Image after composite:  torch.Size([256, 320, 141])
Image after composite:  torch.Size([256, 320, 141])
Image after composite:  torch.Size([256, 320, 141])
Image after composite:  torch.Size([256, 320, 141])
Image after composite:  torch.Size([256, 320, 141])
[12A[1KStep (% Done)       Train Iter (time)    ETA (time)           Train Rays / Sec     Test Rays / Sec       [0m
-------------------------------------------------------------------------------------------------------- [0m
3130 (3.91%)        170.724 ms           3 h, 38 m, 43 s      3.77 M                                     [0m
3140 (3.92%)        170.139 ms           3 h, 37 m, 56 s      3.79 M                                     [0m
3150 (3.94%)        166.511 ms           3 h, 33 m, 16 s      3.87 M                                     [0m
3160 (3.95%)        168.463 ms           3 h, 35 m, 44 s      3.82 M                                     [0m
3170 (3.96%)        168.211 ms           3 h, 35 m, 23 s      3.83 M                                     [0m
3180 (3.98%)        170.150 ms           3 h, 37 m, 50 s      3.79 M                                     [0m
3190 (3.99%)        168.292 ms           3 h, 35 m, 26 s      3.82 M                                     [0m
3200 (4.00%)        164.809 ms           3 h, 30 m, 57 s      3.90 M               4.30 M                [0m
3210 (4.01%)        166.981 ms           3 h, 33 m, 42 s      3.85 M                                     [0m
3220 (4.03%)        168.989 ms           3 h, 36 m, 15 s      3.81 M                                     [0m
Image after composite:  torch.Size([256, 320, 141])
Image after composite:  torch.Size([256, 320, 141])
Image after composite:  torch.Size([256, 320, 141])
Image after composite:  torch.Size([256, 320, 141])
Image after composite:  torch.Size([256, 320, 141])
Image after composite:  torch.Size([256, 320, 141])
Image after composite:  torch.Size([256, 320, 141])
Image after composite:  torch.Size([256, 320, 141])
Image after composite:  torch.Size([256, 320, 141])
Image after composite:  torch.Size([256, 320, 141])
[12A[1KStep (% Done)       Train Iter (time)    ETA (time)           Train Rays / Sec     Test Rays / Sec       [0m
-------------------------------------------------------------------------------------------------------- [0m
3140 (3.92%)        170.139 ms           3 h, 37 m, 56 s      3.79 M                                     [0m
3150 (3.94%)        166.511 ms           3 h, 33 m, 16 s      3.87 M                                     [0m
3160 (3.95%)        168.463 ms           3 h, 35 m, 44 s      3.82 M                                     [0m
3170 (3.96%)        168.211 ms           3 h, 35 m, 23 s      3.83 M                                     [0m
3180 (3.98%)        170.150 ms           3 h, 37 m, 50 s      3.79 M                                     [0m
3190 (3.99%)        168.292 ms           3 h, 35 m, 26 s      3.82 M                                     [0m
3200 (4.00%)        164.809 ms           3 h, 30 m, 57 s      3.90 M               4.30 M                [0m
3210 (4.01%)        166.981 ms           3 h, 33 m, 42 s      3.85 M                                     [0m
3220 (4.03%)        168.989 ms           3 h, 36 m, 15 s      3.81 M                                     [0m
3230 (4.04%)        173.523 ms           3 h, 42 m, 1 s       3.71 M                                     [0m
Image after composite:  torch.Size([256, 320, 141])
Image after composite:  torch.Size([256, 320, 141])
Image after composite:  torch.Size([256, 320, 141])
Image after composite:  torch.Size([256, 320, 141])
Image after composite:  torch.Size([256, 320, 141])
Image after composite:  torch.Size([256, 320, 141])
Image after composite:  torch.Size([256, 320, 141])
Image after composite:  torch.Size([256, 320, 141])
Image after composite:  torch.Size([256, 320, 141])
Image after composite:  torch.Size([256, 320, 141])
[12A[1KStep (% Done)       Train Iter (time)    ETA (time)           Train Rays / Sec     Test Rays / Sec       [0m
-------------------------------------------------------------------------------------------------------- [0m
3150 (3.94%)        166.511 ms           3 h, 33 m, 16 s      3.87 M                                     [0m
3160 (3.95%)        168.463 ms           3 h, 35 m, 44 s      3.82 M                                     [0m
3170 (3.96%)        168.211 ms           3 h, 35 m, 23 s      3.83 M                                     [0m
3180 (3.98%)        170.150 ms           3 h, 37 m, 50 s      3.79 M                                     [0m
3190 (3.99%)        168.292 ms           3 h, 35 m, 26 s      3.82 M                                     [0m
3200 (4.00%)        164.809 ms           3 h, 30 m, 57 s      3.90 M               4.30 M                [0m
3210 (4.01%)        166.981 ms           3 h, 33 m, 42 s      3.85 M                                     [0m
3220 (4.03%)        168.989 ms           3 h, 36 m, 15 s      3.81 M                                     [0m
3230 (4.04%)        173.523 ms           3 h, 42 m, 1 s       3.71 M                                     [0m
3240 (4.05%)        170.190 ms           3 h, 37 m, 43 s      3.78 M                                     [0m
Image after composite:  torch.Size([256, 320, 141])
Image after composite:  torch.Size([256, 320, 141])
Image after composite:  torch.Size([256, 320, 141])
Image after composite:  torch.Size([256, 320, 141])
Image after composite:  torch.Size([256, 320, 141])
Image after composite:  torch.Size([256, 320, 141])
Image after composite:  torch.Size([256, 320, 141])
Image after composite:  torch.Size([256, 320, 141])
Image after composite:  torch.Size([256, 320, 141])
Image after composite:  torch.Size([256, 320, 141])
[12A[1KStep (% Done)       Train Iter (time)    ETA (time)           Train Rays / Sec     Test Rays / Sec       [0m
-------------------------------------------------------------------------------------------------------- [0m
3160 (3.95%)        168.463 ms           3 h, 35 m, 44 s      3.82 M                                     [0m
3170 (3.96%)        168.211 ms           3 h, 35 m, 23 s      3.83 M                                     [0m
3180 (3.98%)        170.150 ms           3 h, 37 m, 50 s      3.79 M                                     [0m
3190 (3.99%)        168.292 ms           3 h, 35 m, 26 s      3.82 M                                     [0m
3200 (4.00%)        164.809 ms           3 h, 30 m, 57 s      3.90 M               4.30 M                [0m
3210 (4.01%)        166.981 ms           3 h, 33 m, 42 s      3.85 M                                     [0m
3220 (4.03%)        168.989 ms           3 h, 36 m, 15 s      3.81 M                                     [0m
3230 (4.04%)        173.523 ms           3 h, 42 m, 1 s       3.71 M                                     [0m
3240 (4.05%)        170.190 ms           3 h, 37 m, 43 s      3.78 M                                     [0m
3250 (4.06%)        165.835 ms           3 h, 32 m, 7 s       3.88 M                                     [0m
Image after composite:  torch.Size([256, 320, 141])
Image after composite:  torch.Size([256, 320, 141])
Image after composite:  torch.Size([256, 320, 141])
Image after composite:  torch.Size([256, 320, 141])
Image after composite:  torch.Size([256, 320, 141])
Image after composite:  torch.Size([256, 320, 141])
Image after composite:  torch.Size([256, 320, 141])
Image after composite:  torch.Size([256, 320, 141])
Image after composite:  torch.Size([256, 320, 141])
Image after composite:  torch.Size([256, 320, 141])
[12A[1KStep (% Done)       Train Iter (time)    ETA (time)           Train Rays / Sec     Test Rays / Sec       [0m
-------------------------------------------------------------------------------------------------------- [0m
3170 (3.96%)        168.211 ms           3 h, 35 m, 23 s      3.83 M                                     [0m
3180 (3.98%)        170.150 ms           3 h, 37 m, 50 s      3.79 M                                     [0m
3190 (3.99%)        168.292 ms           3 h, 35 m, 26 s      3.82 M                                     [0m
3200 (4.00%)        164.809 ms           3 h, 30 m, 57 s      3.90 M               4.30 M                [0m
3210 (4.01%)        166.981 ms           3 h, 33 m, 42 s      3.85 M                                     [0m
3220 (4.03%)        168.989 ms           3 h, 36 m, 15 s      3.81 M                                     [0m
3230 (4.04%)        173.523 ms           3 h, 42 m, 1 s       3.71 M                                     [0m
3240 (4.05%)        170.190 ms           3 h, 37 m, 43 s      3.78 M                                     [0m
3250 (4.06%)        165.835 ms           3 h, 32 m, 7 s       3.88 M                                     [0m
3260 (4.08%)        165.349 ms           3 h, 31 m, 28 s      3.89 M                                     [0m
Image after composite:  torch.Size([256, 320, 141])
Image after composite:  torch.Size([256, 320, 141])
Image after composite:  torch.Size([256, 320, 141])
Image after composite:  torch.Size([256, 320, 141])
Image after composite:  torch.Size([256, 320, 141])
Image after composite:  torch.Size([256, 320, 141])
Image after composite:  torch.Size([256, 320, 141])
Image after composite:  torch.Size([256, 320, 141])
Image after composite:  torch.Size([256, 320, 141])
Image after composite:  torch.Size([256, 320, 141])
[12A[1KStep (% Done)       Train Iter (time)    ETA (time)           Train Rays / Sec     Test Rays / Sec       [0m
-------------------------------------------------------------------------------------------------------- [0m
3180 (3.98%)        170.150 ms           3 h, 37 m, 50 s      3.79 M                                     [0m
3190 (3.99%)        168.292 ms           3 h, 35 m, 26 s      3.82 M                                     [0m
3200 (4.00%)        164.809 ms           3 h, 30 m, 57 s      3.90 M               4.30 M                [0m
3210 (4.01%)        166.981 ms           3 h, 33 m, 42 s      3.85 M                                     [0m
3220 (4.03%)        168.989 ms           3 h, 36 m, 15 s      3.81 M                                     [0m
3230 (4.04%)        173.523 ms           3 h, 42 m, 1 s       3.71 M                                     [0m
3240 (4.05%)        170.190 ms           3 h, 37 m, 43 s      3.78 M                                     [0m
3250 (4.06%)        165.835 ms           3 h, 32 m, 7 s       3.88 M                                     [0m
3260 (4.08%)        165.349 ms           3 h, 31 m, 28 s      3.89 M                                     [0m
3270 (4.09%)        170.497 ms           3 h, 38 m, 2 s       3.78 M                                     [0m
Image after composite:  torch.Size([256, 320, 141])
Image after composite:  torch.Size([256, 320, 141])
Image after composite:  torch.Size([256, 320, 141])
Image after composite:  torch.Size([256, 320, 141])
Image after composite:  torch.Size([256, 320, 141])
Image after composite:  torch.Size([256, 320, 141])
Image after composite:  torch.Size([256, 320, 141])
Image after composite:  torch.Size([256, 320, 141])
Image after composite:  torch.Size([256, 320, 141])
Image after composite:  torch.Size([256, 320, 141])
[12A[1KStep (% Done)       Train Iter (time)    ETA (time)           Train Rays / Sec     Test Rays / Sec       [0m
-------------------------------------------------------------------------------------------------------- [0m
3190 (3.99%)        168.292 ms           3 h, 35 m, 26 s      3.82 M                                     [0m
3200 (4.00%)        164.809 ms           3 h, 30 m, 57 s      3.90 M               4.30 M                [0m
3210 (4.01%)        166.981 ms           3 h, 33 m, 42 s      3.85 M                                     [0m
3220 (4.03%)        168.989 ms           3 h, 36 m, 15 s      3.81 M                                     [0m
3230 (4.04%)        173.523 ms           3 h, 42 m, 1 s       3.71 M                                     [0m
3240 (4.05%)        170.190 ms           3 h, 37 m, 43 s      3.78 M                                     [0m
3250 (4.06%)        165.835 ms           3 h, 32 m, 7 s       3.88 M                                     [0m
3260 (4.08%)        165.349 ms           3 h, 31 m, 28 s      3.89 M                                     [0m
3270 (4.09%)        170.497 ms           3 h, 38 m, 2 s       3.78 M                                     [0m
3280 (4.10%)        171.189 ms           3 h, 38 m, 53 s      3.76 M                                     [0m
Image after composite:  torch.Size([256, 320, 141])
Image after composite:  torch.Size([256, 320, 141])
Image after composite:  torch.Size([256, 320, 141])
Image after composite:  torch.Size([256, 320, 141])
Image after composite:  torch.Size([256, 320, 141])
Image after composite:  torch.Size([256, 320, 141])
Image after composite:  torch.Size([256, 320, 141])
Image after composite:  torch.Size([256, 320, 141])
Image after composite:  torch.Size([256, 320, 141])
Image after composite:  torch.Size([256, 320, 141])
[12A[1KStep (% Done)       Train Iter (time)    ETA (time)           Train Rays / Sec     Test Rays / Sec       [0m
-------------------------------------------------------------------------------------------------------- [0m
3200 (4.00%)        164.809 ms           3 h, 30 m, 57 s      3.90 M               4.30 M                [0m
3210 (4.01%)        166.981 ms           3 h, 33 m, 42 s      3.85 M                                     [0m
3220 (4.03%)        168.989 ms           3 h, 36 m, 15 s      3.81 M                                     [0m
3230 (4.04%)        173.523 ms           3 h, 42 m, 1 s       3.71 M                                     [0m
3240 (4.05%)        170.190 ms           3 h, 37 m, 43 s      3.78 M                                     [0m
3250 (4.06%)        165.835 ms           3 h, 32 m, 7 s       3.88 M                                     [0m
3260 (4.08%)        165.349 ms           3 h, 31 m, 28 s      3.89 M                                     [0m
3270 (4.09%)        170.497 ms           3 h, 38 m, 2 s       3.78 M                                     [0m
3280 (4.10%)        171.189 ms           3 h, 38 m, 53 s      3.76 M                                     [0m
3290 (4.11%)        167.330 ms           3 h, 33 m, 55 s      3.84 M                                     [0m
Image after composite:  torch.Size([256, 320, 141])
Image after composite:  torch.Size([256, 320, 141])
Image after composite:  torch.Size([256, 320, 141])
Image after composite:  torch.Size([256, 320, 141])
Image after composite:  torch.Size([256, 320, 141])
Image after composite:  torch.Size([256, 320, 141])
Image after composite:  torch.Size([256, 320, 141])
Image after composite:  torch.Size([256, 320, 141])
Image after composite:  torch.Size([256, 320, 141])
Image after composite:  torch.Size([256, 320, 141])
[12A[1KStep (% Done)       Train Iter (time)    ETA (time)           Train Rays / Sec     Test Rays / Sec       [0m
-------------------------------------------------------------------------------------------------------- [0m
3210 (4.01%)        166.981 ms           3 h, 33 m, 42 s      3.85 M                                     [0m
3220 (4.03%)        168.989 ms           3 h, 36 m, 15 s      3.81 M                                     [0m
3230 (4.04%)        173.523 ms           3 h, 42 m, 1 s       3.71 M                                     [0m
3240 (4.05%)        170.190 ms           3 h, 37 m, 43 s      3.78 M                                     [0m
3250 (4.06%)        165.835 ms           3 h, 32 m, 7 s       3.88 M                                     [0m
3260 (4.08%)        165.349 ms           3 h, 31 m, 28 s      3.89 M                                     [0m
3270 (4.09%)        170.497 ms           3 h, 38 m, 2 s       3.78 M                                     [0m
3280 (4.10%)        171.189 ms           3 h, 38 m, 53 s      3.76 M                                     [0m
3290 (4.11%)        167.330 ms           3 h, 33 m, 55 s      3.84 M                                     [0m
3300 (4.12%)        167.111 ms           3 h, 33 m, 37 s      3.85 M               4.31 M                [0m
Image after composite:  torch.Size([256, 320, 141])
Image after composite:  torch.Size([256, 320, 141])
Image after composite:  torch.Size([256, 320, 141])
Image after composite:  torch.Size([256, 320, 141])
Image after composite:  torch.Size([256, 320, 141])
Image after composite:  torch.Size([256, 320, 141])
Image after composite:  torch.Size([256, 320, 141])
Image after composite:  torch.Size([256, 320, 141])
Image after composite:  torch.Size([256, 320, 141])
Image after composite:  torch.Size([256, 320, 141])
[12A[1KStep (% Done)       Train Iter (time)    ETA (time)           Train Rays / Sec     Test Rays / Sec       [0m
-------------------------------------------------------------------------------------------------------- [0m
3220 (4.03%)        168.989 ms           3 h, 36 m, 15 s      3.81 M                                     [0m
3230 (4.04%)        173.523 ms           3 h, 42 m, 1 s       3.71 M                                     [0m
3240 (4.05%)        170.190 ms           3 h, 37 m, 43 s      3.78 M                                     [0m
3250 (4.06%)        165.835 ms           3 h, 32 m, 7 s       3.88 M                                     [0m
3260 (4.08%)        165.349 ms           3 h, 31 m, 28 s      3.89 M                                     [0m
3270 (4.09%)        170.497 ms           3 h, 38 m, 2 s       3.78 M                                     [0m
3280 (4.10%)        171.189 ms           3 h, 38 m, 53 s      3.76 M                                     [0m
3290 (4.11%)        167.330 ms           3 h, 33 m, 55 s      3.84 M                                     [0m
3300 (4.12%)        167.111 ms           3 h, 33 m, 37 s      3.85 M               4.31 M                [0m
3310 (4.14%)        164.248 ms           3 h, 29 m, 56 s      3.92 M                                     [0m
Image after composite:  torch.Size([256, 320, 141])
Image after composite:  torch.Size([256, 320, 141])
Image after composite:  torch.Size([256, 320, 141])
Image after composite:  torch.Size([256, 320, 141])
Image after composite:  torch.Size([256, 320, 141])
Image after composite:  torch.Size([256, 320, 141])
Image after composite:  torch.Size([256, 320, 141])
Image after composite:  torch.Size([256, 320, 141])
Image after composite:  torch.Size([256, 320, 141])
Image after composite:  torch.Size([256, 320, 141])
[12A[1KStep (% Done)       Train Iter (time)    ETA (time)           Train Rays / Sec     Test Rays / Sec       [0m
-------------------------------------------------------------------------------------------------------- [0m
3230 (4.04%)        173.523 ms           3 h, 42 m, 1 s       3.71 M                                     [0m
3240 (4.05%)        170.190 ms           3 h, 37 m, 43 s      3.78 M                                     [0m
3250 (4.06%)        165.835 ms           3 h, 32 m, 7 s       3.88 M                                     [0m
3260 (4.08%)        165.349 ms           3 h, 31 m, 28 s      3.89 M                                     [0m
3270 (4.09%)        170.497 ms           3 h, 38 m, 2 s       3.78 M                                     [0m
3280 (4.10%)        171.189 ms           3 h, 38 m, 53 s      3.76 M                                     [0m
3290 (4.11%)        167.330 ms           3 h, 33 m, 55 s      3.84 M                                     [0m
3300 (4.12%)        167.111 ms           3 h, 33 m, 37 s      3.85 M               4.31 M                [0m
3310 (4.14%)        164.248 ms           3 h, 29 m, 56 s      3.92 M                                     [0m
3320 (4.15%)        161.953 ms           3 h, 26 m, 58 s      3.97 M                                     [0m
Image after composite:  torch.Size([256, 320, 141])
Image after composite:  torch.Size([256, 320, 141])
Image after composite:  torch.Size([256, 320, 141])
Image after composite:  torch.Size([256, 320, 141])
Image after composite:  torch.Size([256, 320, 141])
Image after composite:  torch.Size([256, 320, 141])
Image after composite:  torch.Size([256, 320, 141])
Image after composite:  torch.Size([256, 320, 141])
Image after composite:  torch.Size([256, 320, 141])
Image after composite:  torch.Size([256, 320, 141])
[12A[1KStep (% Done)       Train Iter (time)    ETA (time)           Train Rays / Sec     Test Rays / Sec       [0m
-------------------------------------------------------------------------------------------------------- [0m
3240 (4.05%)        170.190 ms           3 h, 37 m, 43 s      3.78 M                                     [0m
3250 (4.06%)        165.835 ms           3 h, 32 m, 7 s       3.88 M                                     [0m
3260 (4.08%)        165.349 ms           3 h, 31 m, 28 s      3.89 M                                     [0m
3270 (4.09%)        170.497 ms           3 h, 38 m, 2 s       3.78 M                                     [0m
3280 (4.10%)        171.189 ms           3 h, 38 m, 53 s      3.76 M                                     [0m
3290 (4.11%)        167.330 ms           3 h, 33 m, 55 s      3.84 M                                     [0m
3300 (4.12%)        167.111 ms           3 h, 33 m, 37 s      3.85 M               4.31 M                [0m
3310 (4.14%)        164.248 ms           3 h, 29 m, 56 s      3.92 M                                     [0m
3320 (4.15%)        161.953 ms           3 h, 26 m, 58 s      3.97 M                                     [0m
3330 (4.16%)        164.548 ms           3 h, 30 m, 15 s      3.91 M                                     [0m
Image after composite:  torch.Size([256, 320, 141])
Image after composite:  torch.Size([256, 320, 141])
Image after composite:  torch.Size([256, 320, 141])
Image after composite:  torch.Size([256, 320, 141])
Image after composite:  torch.Size([256, 320, 141])
Image after composite:  torch.Size([256, 320, 141])
Image after composite:  torch.Size([256, 320, 141])
Image after composite:  torch.Size([256, 320, 141])
Image after composite:  torch.Size([256, 320, 141])
Image after composite:  torch.Size([256, 320, 141])
[12A[1KStep (% Done)       Train Iter (time)    ETA (time)           Train Rays / Sec     Test Rays / Sec       [0m
-------------------------------------------------------------------------------------------------------- [0m
3250 (4.06%)        165.835 ms           3 h, 32 m, 7 s       3.88 M                                     [0m
3260 (4.08%)        165.349 ms           3 h, 31 m, 28 s      3.89 M                                     [0m
3270 (4.09%)        170.497 ms           3 h, 38 m, 2 s       3.78 M                                     [0m
3280 (4.10%)        171.189 ms           3 h, 38 m, 53 s      3.76 M                                     [0m
3290 (4.11%)        167.330 ms           3 h, 33 m, 55 s      3.84 M                                     [0m
3300 (4.12%)        167.111 ms           3 h, 33 m, 37 s      3.85 M               4.31 M                [0m
3310 (4.14%)        164.248 ms           3 h, 29 m, 56 s      3.92 M                                     [0m
3320 (4.15%)        161.953 ms           3 h, 26 m, 58 s      3.97 M                                     [0m
3330 (4.16%)        164.548 ms           3 h, 30 m, 15 s      3.91 M                                     [0m
3340 (4.17%)        165.984 ms           3 h, 32 m, 4 s       3.88 M                                     [0m
Image after composite:  torch.Size([256, 320, 141])
Image after composite:  torch.Size([256, 320, 141])
Image after composite:  torch.Size([256, 320, 141])
Image after composite:  torch.Size([256, 320, 141])
Image after composite:  torch.Size([256, 320, 141])
Image after composite:  torch.Size([256, 320, 141])
Image after composite:  torch.Size([256, 320, 141])
Image after composite:  torch.Size([256, 320, 141])
Image after composite:  torch.Size([256, 320, 141])
Image after composite:  torch.Size([256, 320, 141])
[12A[1KStep (% Done)       Train Iter (time)    ETA (time)           Train Rays / Sec     Test Rays / Sec       [0m
-------------------------------------------------------------------------------------------------------- [0m
3260 (4.08%)        165.349 ms           3 h, 31 m, 28 s      3.89 M                                     [0m
3270 (4.09%)        170.497 ms           3 h, 38 m, 2 s       3.78 M                                     [0m
3280 (4.10%)        171.189 ms           3 h, 38 m, 53 s      3.76 M                                     [0m
3290 (4.11%)        167.330 ms           3 h, 33 m, 55 s      3.84 M                                     [0m
3300 (4.12%)        167.111 ms           3 h, 33 m, 37 s      3.85 M               4.31 M                [0m
3310 (4.14%)        164.248 ms           3 h, 29 m, 56 s      3.92 M                                     [0m
3320 (4.15%)        161.953 ms           3 h, 26 m, 58 s      3.97 M                                     [0m
3330 (4.16%)        164.548 ms           3 h, 30 m, 15 s      3.91 M                                     [0m
3340 (4.17%)        165.984 ms           3 h, 32 m, 4 s       3.88 M                                     [0m
3350 (4.19%)        167.882 ms           3 h, 34 m, 28 s      3.84 M                                     [0m
Image after composite:  torch.Size([256, 320, 141])
Image after composite:  torch.Size([256, 320, 141])
Image after composite:  torch.Size([256, 320, 141])
Image after composite:  torch.Size([256, 320, 141])
Image after composite:  torch.Size([256, 320, 141])
Image after composite:  torch.Size([256, 320, 141])
Image after composite:  torch.Size([256, 320, 141])
Image after composite:  torch.Size([256, 320, 141])
Image after composite:  torch.Size([256, 320, 141])
Image after composite:  torch.Size([256, 320, 141])
[12A[1KStep (% Done)       Train Iter (time)    ETA (time)           Train Rays / Sec     Test Rays / Sec       [0m
-------------------------------------------------------------------------------------------------------- [0m
3270 (4.09%)        170.497 ms           3 h, 38 m, 2 s       3.78 M                                     [0m
3280 (4.10%)        171.189 ms           3 h, 38 m, 53 s      3.76 M                                     [0m
3290 (4.11%)        167.330 ms           3 h, 33 m, 55 s      3.84 M                                     [0m
3300 (4.12%)        167.111 ms           3 h, 33 m, 37 s      3.85 M               4.31 M                [0m
3310 (4.14%)        164.248 ms           3 h, 29 m, 56 s      3.92 M                                     [0m
3320 (4.15%)        161.953 ms           3 h, 26 m, 58 s      3.97 M                                     [0m
3330 (4.16%)        164.548 ms           3 h, 30 m, 15 s      3.91 M                                     [0m
3340 (4.17%)        165.984 ms           3 h, 32 m, 4 s       3.88 M                                     [0m
3350 (4.19%)        167.882 ms           3 h, 34 m, 28 s      3.84 M                                     [0m
3360 (4.20%)        169.719 ms           3 h, 36 m, 47 s      3.79 M                                     [0m
Image after composite:  torch.Size([256, 320, 141])
Image after composite:  torch.Size([256, 320, 141])
Image after composite:  torch.Size([256, 320, 141])
Image after composite:  torch.Size([256, 320, 141])
Image after composite:  torch.Size([256, 320, 141])
Image after composite:  torch.Size([256, 320, 141])
Image after composite:  torch.Size([256, 320, 141])
Image after composite:  torch.Size([256, 320, 141])
Image after composite:  torch.Size([256, 320, 141])
Image after composite:  torch.Size([256, 320, 141])
[12A[1KStep (% Done)       Train Iter (time)    ETA (time)           Train Rays / Sec     Test Rays / Sec       [0m
-------------------------------------------------------------------------------------------------------- [0m
3280 (4.10%)        171.189 ms           3 h, 38 m, 53 s      3.76 M                                     [0m
3290 (4.11%)        167.330 ms           3 h, 33 m, 55 s      3.84 M                                     [0m
3300 (4.12%)        167.111 ms           3 h, 33 m, 37 s      3.85 M               4.31 M                [0m
3310 (4.14%)        164.248 ms           3 h, 29 m, 56 s      3.92 M                                     [0m
3320 (4.15%)        161.953 ms           3 h, 26 m, 58 s      3.97 M                                     [0m
3330 (4.16%)        164.548 ms           3 h, 30 m, 15 s      3.91 M                                     [0m
3340 (4.17%)        165.984 ms           3 h, 32 m, 4 s       3.88 M                                     [0m
3350 (4.19%)        167.882 ms           3 h, 34 m, 28 s      3.84 M                                     [0m
3360 (4.20%)        169.719 ms           3 h, 36 m, 47 s      3.79 M                                     [0m
3370 (4.21%)        167.357 ms           3 h, 33 m, 44 s      3.85 M                                     [0m
Image after composite:  torch.Size([256, 320, 141])
Image after composite:  torch.Size([256, 320, 141])
Image after composite:  torch.Size([256, 320, 141])
Image after composite:  torch.Size([256, 320, 141])
Image after composite:  torch.Size([256, 320, 141])
Image after composite:  torch.Size([256, 320, 141])
Image after composite:  torch.Size([256, 320, 141])
Image after composite:  torch.Size([256, 320, 141])
Image after composite:  torch.Size([256, 320, 141])
Image after composite:  torch.Size([256, 320, 141])
[12A[1KStep (% Done)       Train Iter (time)    ETA (time)           Train Rays / Sec     Test Rays / Sec       [0m
-------------------------------------------------------------------------------------------------------- [0m
3290 (4.11%)        167.330 ms           3 h, 33 m, 55 s      3.84 M                                     [0m
3300 (4.12%)        167.111 ms           3 h, 33 m, 37 s      3.85 M               4.31 M                [0m
3310 (4.14%)        164.248 ms           3 h, 29 m, 56 s      3.92 M                                     [0m
3320 (4.15%)        161.953 ms           3 h, 26 m, 58 s      3.97 M                                     [0m
3330 (4.16%)        164.548 ms           3 h, 30 m, 15 s      3.91 M                                     [0m
3340 (4.17%)        165.984 ms           3 h, 32 m, 4 s       3.88 M                                     [0m
3350 (4.19%)        167.882 ms           3 h, 34 m, 28 s      3.84 M                                     [0m
3360 (4.20%)        169.719 ms           3 h, 36 m, 47 s      3.79 M                                     [0m
3370 (4.21%)        167.357 ms           3 h, 33 m, 44 s      3.85 M                                     [0m
3380 (4.23%)        167.730 ms           3 h, 34 m, 11 s      3.84 M                                     [0m
Image after composite:  torch.Size([256, 320, 141])
Image after composite:  torch.Size([256, 320, 141])
Image after composite:  torch.Size([256, 320, 141])
Image after composite:  torch.Size([256, 320, 141])
Image after composite:  torch.Size([256, 320, 141])
Image after composite:  torch.Size([256, 320, 141])
Image after composite:  torch.Size([256, 320, 141])
Image after composite:  torch.Size([256, 320, 141])
Image after composite:  torch.Size([256, 320, 141])
Image after composite:  torch.Size([256, 320, 141])
[12A[1KStep (% Done)       Train Iter (time)    ETA (time)           Train Rays / Sec     Test Rays / Sec       [0m
-------------------------------------------------------------------------------------------------------- [0m
3300 (4.12%)        167.111 ms           3 h, 33 m, 37 s      3.85 M               4.31 M                [0m
3310 (4.14%)        164.248 ms           3 h, 29 m, 56 s      3.92 M                                     [0m
3320 (4.15%)        161.953 ms           3 h, 26 m, 58 s      3.97 M                                     [0m
3330 (4.16%)        164.548 ms           3 h, 30 m, 15 s      3.91 M                                     [0m
3340 (4.17%)        165.984 ms           3 h, 32 m, 4 s       3.88 M                                     [0m
3350 (4.19%)        167.882 ms           3 h, 34 m, 28 s      3.84 M                                     [0m
3360 (4.20%)        169.719 ms           3 h, 36 m, 47 s      3.79 M                                     [0m
3370 (4.21%)        167.357 ms           3 h, 33 m, 44 s      3.85 M                                     [0m
3380 (4.23%)        167.730 ms           3 h, 34 m, 11 s      3.84 M                                     [0m
3390 (4.24%)        168.956 ms           3 h, 35 m, 43 s      3.80 M                                     [0m
Image after composite:  torch.Size([256, 320, 141])
Image after composite:  torch.Size([256, 320, 141])
Image after composite:  torch.Size([256, 320, 141])
Image after composite:  torch.Size([256, 320, 141])
Image after composite:  torch.Size([256, 320, 141])
Image after composite:  torch.Size([256, 320, 141])
Image after composite:  torch.Size([256, 320, 141])
Image after composite:  torch.Size([256, 320, 141])
Image after composite:  torch.Size([256, 320, 141])
Image after composite:  torch.Size([256, 320, 141])
[12A[1KStep (% Done)       Train Iter (time)    ETA (time)           Train Rays / Sec     Test Rays / Sec       [0m
-------------------------------------------------------------------------------------------------------- [0m
3310 (4.14%)        164.248 ms           3 h, 29 m, 56 s      3.92 M                                     [0m
3320 (4.15%)        161.953 ms           3 h, 26 m, 58 s      3.97 M                                     [0m
3330 (4.16%)        164.548 ms           3 h, 30 m, 15 s      3.91 M                                     [0m
3340 (4.17%)        165.984 ms           3 h, 32 m, 4 s       3.88 M                                     [0m
3350 (4.19%)        167.882 ms           3 h, 34 m, 28 s      3.84 M                                     [0m
3360 (4.20%)        169.719 ms           3 h, 36 m, 47 s      3.79 M                                     [0m
3370 (4.21%)        167.357 ms           3 h, 33 m, 44 s      3.85 M                                     [0m
3380 (4.23%)        167.730 ms           3 h, 34 m, 11 s      3.84 M                                     [0m
3390 (4.24%)        168.956 ms           3 h, 35 m, 43 s      3.80 M                                     [0m
3400 (4.25%)        169.613 ms           3 h, 36 m, 32 s      3.79 M               4.28 M                [0m
Image after composite:  torch.Size([256, 320, 141])
Image after composite:  torch.Size([256, 320, 141])
Image after composite:  torch.Size([256, 320, 141])
Image after composite:  torch.Size([256, 320, 141])
Image after composite:  torch.Size([256, 320, 141])
Image after composite:  torch.Size([256, 320, 141])
Image after composite:  torch.Size([256, 320, 141])
Image after composite:  torch.Size([256, 320, 141])
Image after composite:  torch.Size([256, 320, 141])
Image after composite:  torch.Size([256, 320, 141])
[12A[1KStep (% Done)       Train Iter (time)    ETA (time)           Train Rays / Sec     Test Rays / Sec       [0m
-------------------------------------------------------------------------------------------------------- [0m
3320 (4.15%)        161.953 ms           3 h, 26 m, 58 s      3.97 M                                     [0m
3330 (4.16%)        164.548 ms           3 h, 30 m, 15 s      3.91 M                                     [0m
3340 (4.17%)        165.984 ms           3 h, 32 m, 4 s       3.88 M                                     [0m
3350 (4.19%)        167.882 ms           3 h, 34 m, 28 s      3.84 M                                     [0m
3360 (4.20%)        169.719 ms           3 h, 36 m, 47 s      3.79 M                                     [0m
3370 (4.21%)        167.357 ms           3 h, 33 m, 44 s      3.85 M                                     [0m
3380 (4.23%)        167.730 ms           3 h, 34 m, 11 s      3.84 M                                     [0m
3390 (4.24%)        168.956 ms           3 h, 35 m, 43 s      3.80 M                                     [0m
3400 (4.25%)        169.613 ms           3 h, 36 m, 32 s      3.79 M               4.28 M                [0m
3410 (4.26%)        168.921 ms           3 h, 35 m, 37 s      3.81 M                                     [0m
Image after composite:  torch.Size([256, 320, 141])
Image after composite:  torch.Size([256, 320, 141])
Image after composite:  torch.Size([256, 320, 141])
Image after composite:  torch.Size([256, 320, 141])
Image after composite:  torch.Size([256, 320, 141])
Image after composite:  torch.Size([256, 320, 141])
Image after composite:  torch.Size([256, 320, 141])
Image after composite:  torch.Size([256, 320, 141])
Image after composite:  torch.Size([256, 320, 141])
Image after composite:  torch.Size([256, 320, 141])
[12A[1KStep (% Done)       Train Iter (time)    ETA (time)           Train Rays / Sec     Test Rays / Sec       [0m
-------------------------------------------------------------------------------------------------------- [0m
3330 (4.16%)        164.548 ms           3 h, 30 m, 15 s      3.91 M                                     [0m
3340 (4.17%)        165.984 ms           3 h, 32 m, 4 s       3.88 M                                     [0m
3350 (4.19%)        167.882 ms           3 h, 34 m, 28 s      3.84 M                                     [0m
3360 (4.20%)        169.719 ms           3 h, 36 m, 47 s      3.79 M                                     [0m
3370 (4.21%)        167.357 ms           3 h, 33 m, 44 s      3.85 M                                     [0m
3380 (4.23%)        167.730 ms           3 h, 34 m, 11 s      3.84 M                                     [0m
3390 (4.24%)        168.956 ms           3 h, 35 m, 43 s      3.80 M                                     [0m
3400 (4.25%)        169.613 ms           3 h, 36 m, 32 s      3.79 M               4.28 M                [0m
3410 (4.26%)        168.921 ms           3 h, 35 m, 37 s      3.81 M                                     [0m
3420 (4.28%)        167.759 ms           3 h, 34 m, 7 s       3.83 M                                     [0m
Image after composite:  torch.Size([256, 320, 141])
Image after composite:  torch.Size([256, 320, 141])
Image after composite:  torch.Size([256, 320, 141])
Image after composite:  torch.Size([256, 320, 141])
Image after composite:  torch.Size([256, 320, 141])
Image after composite:  torch.Size([256, 320, 141])
Image after composite:  torch.Size([256, 320, 141])
Image after composite:  torch.Size([256, 320, 141])
Image after composite:  torch.Size([256, 320, 141])
Image after composite:  torch.Size([256, 320, 141])
[12A[1KStep (% Done)       Train Iter (time)    ETA (time)           Train Rays / Sec     Test Rays / Sec       [0m
-------------------------------------------------------------------------------------------------------- [0m
3340 (4.17%)        165.984 ms           3 h, 32 m, 4 s       3.88 M                                     [0m
3350 (4.19%)        167.882 ms           3 h, 34 m, 28 s      3.84 M                                     [0m
3360 (4.20%)        169.719 ms           3 h, 36 m, 47 s      3.79 M                                     [0m
3370 (4.21%)        167.357 ms           3 h, 33 m, 44 s      3.85 M                                     [0m
3380 (4.23%)        167.730 ms           3 h, 34 m, 11 s      3.84 M                                     [0m
3390 (4.24%)        168.956 ms           3 h, 35 m, 43 s      3.80 M                                     [0m
3400 (4.25%)        169.613 ms           3 h, 36 m, 32 s      3.79 M               4.28 M                [0m
3410 (4.26%)        168.921 ms           3 h, 35 m, 37 s      3.81 M                                     [0m
3420 (4.28%)        167.759 ms           3 h, 34 m, 7 s       3.83 M                                     [0m
3430 (4.29%)        168.833 ms           3 h, 35 m, 27 s      3.81 M                                     [0m
Image after composite:  torch.Size([256, 320, 141])
Image after composite:  torch.Size([256, 320, 141])
Image after composite:  torch.Size([256, 320, 141])
Image after composite:  torch.Size([256, 320, 141])
Image after composite:  torch.Size([256, 320, 141])
Image after composite:  torch.Size([256, 320, 141])
Image after composite:  torch.Size([256, 320, 141])
